2026-07-06 09:33:39 [INFO] ai_bulk_remix: ==================================================
2026-07-06 09:33:39 [INFO] ai_bulk_remix: AI Bulk Remix Studio v1.0.0 starting...
2026-07-06 09:33:39 [INFO] ai_bulk_remix: Base directory: C:\Users\h\Downloads\workspace-019f358a-7782-773b-a288-b83757fb6bfc\ai-bulk-remix-studio
2026-07-06 09:33:39 [INFO] ai_bulk_remix: Python: 3.10.0 (tags/v3.10.0:b494f59, Oct  4 2021, 19:00:18) [MSC v.1929 64 bit (AMD64)]
2026-07-06 09:33:39 [INFO] ai_bulk_remix: Platform: win32
2026-07-06 09:33:39 [INFO] ai_bulk_remix: ==================================================
2026-07-06 09:33:39 [CRITICAL] ai_bulk_remix: Failed to start application: 'PySide6.QtWidgets.QVBoxLayout' object has no attribute 'setContentsMargin'
Traceback (most recent call last):
  File "C:\Users\h\Downloads\workspace-019f358a-7782-773b-a288-b83757fb6bfc\ai-bulk-remix-studio\main.py", line 63, in main
    window = MainWindow()
  File "C:\Users\h\Downloads\workspace-019f358a-7782-773b-a288-b83757fb6bfc\ai-bulk-remix-studio\src\ui\main_window.py", line 107, in __init__
    self._setup_ui()
  File "C:\Users\h\Downloads\workspace-019f358a-7782-773b-a288-b83757fb6bfc\ai-bulk-remix-studio\src\ui\main_window.py", line 157, in _setup_ui
    layout.setContentsMargin(20, 16, 20, 16)
AttributeError: 'PySide6.QtWidgets.QVBoxLayout' object has no attribute 'setContentsMargin'
2026-07-06 09:51:31 [INFO] ai_bulk_remix: ==================================================
2026-07-06 09:51:31 [INFO] ai_bulk_remix: AI Bulk Remix Studio v1.0.0 starting...
2026-07-06 09:51:31 [INFO] ai_bulk_remix: Base directory: C:\Users\h\Downloads\workspace-019f358a-7782-773b-a288-b83757fb6bfc\ai-bulk-remix-studio
2026-07-06 09:51:31 [INFO] ai_bulk_remix: Python: 3.10.0 (tags/v3.10.0:b494f59, Oct  4 2021, 19:00:18) [MSC v.1929 64 bit (AMD64)]
2026-07-06 09:51:31 [INFO] ai_bulk_remix: Platform: win32
2026-07-06 09:51:31 [INFO] ai_bulk_remix: ==================================================
2026-07-06 09:51:39 [INFO] ai_bulk_remix: GPU encoders detected: h264_nvenc, hevc_nvenc, av1_nvenc, h264_qsv, hevc_qsv, h264_amf, hevc_amf
2026-07-06 09:51:39 [INFO] ai_bulk_remix: MainWindow initialized
2026-07-06 09:51:39 [INFO] ai_bulk_remix: MainWindow displayed successfully.
2026-07-06 09:51:39 [INFO] ai_bulk_remix: FFmpeg detected: version 8.1.2-full_build-www.gyan.dev
2026-07-06 09:52:07 [INFO] ai_bulk_remix: Scanned C:/Users/h/Downloads/20260704211210_Ai Fruits Aloo_batchs: 19 video(s) found
2026-07-06 09:52:45 [INFO] ai_bulk_remix: ==================================================
2026-07-06 09:52:45 [INFO] ai_bulk_remix: BATCH PROCESSING STARTED
2026-07-06 09:52:45 [INFO] ai_bulk_remix: Total files: 19
2026-07-06 09:52:45 [INFO] ai_bulk_remix: Output directory: C:/Users/h/Downloads/20260704211210_Ai Fruits Aloo_batchs/f
2026-07-06 09:52:45 [INFO] ai_bulk_remix: Workers: 2
2026-07-06 09:52:45 [INFO] ai_bulk_remix: Encoder: h264_nvenc
2026-07-06 09:52:45 [INFO] ai_bulk_remix: ==================================================
2026-07-06 09:52:45 [INFO] ai_bulk_remix: [1/19] START -> Aloo_And_Gobi_Part_1_Aidrama_AiStory_CartoonAi_.mp4
2026-07-06 09:52:45 [INFO] ai_bulk_remix: [2/19] START -> Aloo_Cheater_Part_1_Aidrama_AiStory_CartoonNetw.mp4
2026-07-06 09:52:48 [INFO] ai_bulk_remix: [2/19] FAIL  Aloo_Cheater_Part_1_Aidrama_AiStory_CartoonNetw.mp4
2026-07-06 09:52:48 [INFO] ai_bulk_remix:   ERR: name 'os' is not defined
2026-07-06 09:52:48 [INFO] ai_bulk_remix: [3/19] START -> Aloo_Ki_Mehnat_Part_1_AlooStory_AiStory_FruitDr.mp4
2026-07-06 09:52:48 [INFO] ai_bulk_remix: [1/19] FAIL  Aloo_And_Gobi_Part_1_Aidrama_AiStory_CartoonAi_.mp4
2026-07-06 09:52:48 [INFO] ai_bulk_remix:   ERR: name 'os' is not defined
2026-07-06 09:52:48 [INFO] ai_bulk_remix: [4/19] START -> Aloo_Ki_Mehnat_Part_2_AiStory_AiDrama_FruitDram.mp4
2026-07-06 09:52:52 [INFO] ai_bulk_remix: [3/19] FAIL  Aloo_Ki_Mehnat_Part_1_AlooStory_AiStory_FruitDr.mp4
2026-07-06 09:52:52 [INFO] ai_bulk_remix:   ERR: name 'os' is not defined
2026-07-06 09:52:52 [INFO] ai_bulk_remix: [5/19] START -> Aloo_Ki_Mihnat_Part_1_AiStory_AiDrama_SadStory_.mp4
2026-07-06 09:52:52 [INFO] ai_bulk_remix: [4/19] FAIL  Aloo_Ki_Mehnat_Part_2_AiStory_AiDrama_FruitDram.mp4
2026-07-06 09:52:52 [INFO] ai_bulk_remix:   ERR: name 'os' is not defined
2026-07-06 09:52:52 [INFO] ai_bulk_remix: [6/19] START -> Banana_Cheat_Wife_Part_1_Aidrama_AiStory_Cartoo.mp4
2026-07-06 09:52:55 [INFO] ai_bulk_remix: [5/19] FAIL  Aloo_Ki_Mihnat_Part_1_AiStory_AiDrama_SadStory_.mp4
2026-07-06 09:52:55 [INFO] ai_bulk_remix:   ERR: name 'os' is not defined
2026-07-06 09:52:55 [INFO] ai_bulk_remix: [7/19] START -> Banana_Cheat_Wife_Part_2_Aidrama_CartoonAi_AiSt.mp4
2026-07-06 09:52:55 [INFO] ai_bulk_remix: [6/19] FAIL  Banana_Cheat_Wife_Part_1_Aidrama_AiStory_Cartoo.mp4
2026-07-06 09:52:55 [INFO] ai_bulk_remix:   ERR: name 'os' is not defined
2026-07-06 09:52:55 [INFO] ai_bulk_remix: [8/19] START -> Biwi_k_Chal_part_1_Aidrama_AiStory_CartoonAi_T.mp4
2026-07-06 09:52:59 [INFO] ai_bulk_remix: [7/19] FAIL  Banana_Cheat_Wife_Part_2_Aidrama_CartoonAi_AiSt.mp4
2026-07-06 09:52:59 [INFO] ai_bulk_remix:   ERR: name 'os' is not defined
2026-07-06 09:52:59 [INFO] ai_bulk_remix: [9/19] START -> Chai_And_Pakoora_Love_Story_Part_1_Aidrama_AiSt.mp4
2026-07-06 09:52:59 [INFO] ai_bulk_remix: [8/19] FAIL  Biwi_k_Chal_part_1_Aidrama_AiStory_CartoonAi_T.mp4
2026-07-06 09:52:59 [INFO] ai_bulk_remix:   ERR: name 'os' is not defined
2026-07-06 09:52:59 [INFO] ai_bulk_remix: [10/19] START -> Chai_And_Pakoora_Love_Story_Part_2_Aidrama_AiSto.mp4
2026-07-06 09:53:02 [INFO] ai_bulk_remix: [10/19] FAIL  Chai_And_Pakoora_Love_Story_Part_2_Aidrama_AiSto.mp4
2026-07-06 09:53:02 [INFO] ai_bulk_remix:   ERR: name 'os' is not defined
2026-07-06 09:53:02 [INFO] ai_bulk_remix: [11/19] START -> Chandi_Ki_Mumbati_Part_1_AiStory_AiDrama_FruitD.mp4
2026-07-06 09:53:02 [INFO] ai_bulk_remix: [9/19] FAIL  Chai_And_Pakoora_Love_Story_Part_1_Aidrama_AiSt.mp4
2026-07-06 09:53:02 [INFO] ai_bulk_remix:   ERR: name 'os' is not defined
2026-07-06 09:53:02 [INFO] ai_bulk_remix: [12/19] START -> Dall_And_Chawal_Part_1_Aidrama_AiStory_CartoonA.mp4
2026-07-06 09:53:05 [INFO] ai_bulk_remix: [12/19] FAIL  Dall_And_Chawal_Part_1_Aidrama_AiStory_CartoonA.mp4
2026-07-06 09:53:05 [INFO] ai_bulk_remix:   ERR: name 'os' is not defined
2026-07-06 09:53:05 [INFO] ai_bulk_remix: [13/19] START -> Diamond_Daughter_Part_1_Aidrama_AiStory_Cartoon.mp4
2026-07-06 09:53:05 [INFO] ai_bulk_remix: [11/19] FAIL  Chandi_Ki_Mumbati_Part_1_AiStory_AiDrama_FruitD.mp4
2026-07-06 09:53:05 [INFO] ai_bulk_remix:   ERR: name 'os' is not defined
2026-07-06 09:53:05 [INFO] ai_bulk_remix: [14/19] START -> Donkey_Love_Story_Part_1_aidonkey_AiStory_AiDra.mp4
2026-07-06 09:53:09 [INFO] ai_bulk_remix: [13/19] FAIL  Diamond_Daughter_Part_1_Aidrama_AiStory_Cartoon.mp4
2026-07-06 09:53:09 [INFO] ai_bulk_remix:   ERR: name 'os' is not defined
2026-07-06 09:53:09 [INFO] ai_bulk_remix: [15/19] START -> Instagram_And_Facebook_Love_Story_Part_1_FaceBook.mp4
2026-07-06 09:53:09 [INFO] ai_bulk_remix: [14/19] FAIL  Donkey_Love_Story_Part_1_aidonkey_AiStory_AiDra.mp4
2026-07-06 09:53:09 [INFO] ai_bulk_remix:   ERR: name 'os' is not defined
2026-07-06 09:53:09 [INFO] ai_bulk_remix: [16/19] START -> Part-1_Aidrama_AiStory_CartoonAi_Trendingnow_.mp4
2026-07-06 09:53:12 [INFO] ai_bulk_remix: [16/19] FAIL  Part-1_Aidrama_AiStory_CartoonAi_Trendingnow_.mp4
2026-07-06 09:53:12 [INFO] ai_bulk_remix:   ERR: name 'os' is not defined
2026-07-06 09:53:12 [INFO] ai_bulk_remix: [17/19] START -> Sprite_Cheat_Fanta_Part_1_Aidrama_CartoonAi_Tre.mp4
2026-07-06 09:53:13 [INFO] ai_bulk_remix: [15/19] FAIL  Instagram_And_Facebook_Love_Story_Part_1_FaceBook.mp4
2026-07-06 09:53:13 [INFO] ai_bulk_remix:   ERR: name 'os' is not defined
2026-07-06 09:53:13 [INFO] ai_bulk_remix: [18/19] START -> Sprite_Cheat_Fanta_Part_2_Aidrama_CartoonAi_Tre.mp4
2026-07-06 09:53:16 [INFO] ai_bulk_remix: [18/19] FAIL  Sprite_Cheat_Fanta_Part_2_Aidrama_CartoonAi_Tre.mp4
2026-07-06 09:53:16 [INFO] ai_bulk_remix:   ERR: name 'os' is not defined
2026-07-06 09:53:16 [INFO] ai_bulk_remix: [19/19] START -> Stroberry_Part_1_Aidrama_AiStory_CartoonAi_Tre.mp4
2026-07-06 09:53:16 [INFO] ai_bulk_remix: [17/19] FAIL  Sprite_Cheat_Fanta_Part_1_Aidrama_CartoonAi_Tre.mp4
2026-07-06 09:53:16 [INFO] ai_bulk_remix:   ERR: name 'os' is not defined
2026-07-06 09:53:19 [INFO] ai_bulk_remix: [19/19] FAIL  Stroberry_Part_1_Aidrama_AiStory_CartoonAi_Tre.mp4
2026-07-06 09:53:19 [INFO] ai_bulk_remix:   ERR: name 'os' is not defined
2026-07-06 09:53:19 [INFO] ai_bulk_remix: ==================================================
2026-07-06 09:53:19 [INFO] ai_bulk_remix: BATCH PROCESSING COMPLETED
2026-07-06 09:53:19 [INFO] ai_bulk_remix: Successful: 0
2026-07-06 09:53:19 [INFO] ai_bulk_remix: Failed: 19
2026-07-06 09:53:19 [INFO] ai_bulk_remix: Skipped: 0
2026-07-06 09:53:19 [INFO] ai_bulk_remix: Total time: 34.3s
2026-07-06 09:53:19 [INFO] ai_bulk_remix: Failed: Aloo_And_Gobi_Part_1_Aidrama_AiStory_CartoonAi_.mp4, Aloo_Cheater_Part_1_Aidrama_AiStory_CartoonNetw.mp4, Aloo_Ki_Mehnat_Part_1_AlooStory_AiStory_FruitDr.mp4, Aloo_Ki_Mehnat_Part_2_AiStory_AiDrama_FruitDram.mp4, Aloo_Ki_Mihnat_Part_1_AiStory_AiDrama_SadStory_.mp4, Banana_Cheat_Wife_Part_1_Aidrama_AiStory_Cartoo.mp4, Banana_Cheat_Wife_Part_2_Aidrama_CartoonAi_AiSt.mp4, Biwi_k_Chal_part_1_Aidrama_AiStory_CartoonAi_T.mp4, Chai_And_Pakoora_Love_Story_Part_1_Aidrama_AiSt.mp4, Chai_And_Pakoora_Love_Story_Part_2_Aidrama_AiSto.mp4, Chandi_Ki_Mumbati_Part_1_AiStory_AiDrama_FruitD.mp4, Dall_And_Chawal_Part_1_Aidrama_AiStory_CartoonA.mp4, Diamond_Daughter_Part_1_Aidrama_AiStory_Cartoon.mp4, Donkey_Love_Story_Part_1_aidonkey_AiStory_AiDra.mp4, Instagram_And_Facebook_Love_Story_Part_1_FaceBook.mp4, Part-1_Aidrama_AiStory_CartoonAi_Trendingnow_.mp4, Sprite_Cheat_Fanta_Part_1_Aidrama_CartoonAi_Tre.mp4, Sprite_Cheat_Fanta_Part_2_Aidrama_CartoonAi_Tre.mp4, Stroberry_Part_1_Aidrama_AiStory_CartoonAi_Tre.mp4
2026-07-06 09:53:19 [INFO] ai_bulk_remix: ==================================================
2026-07-06 09:53:34 [INFO] ai_bulk_remix: Application exiting with code 0
2026-07-06 10:10:36 [INFO] ai_bulk_remix: ==================================================
2026-07-06 10:10:36 [INFO] ai_bulk_remix: AI Bulk Remix Studio v1.0.0 starting...
2026-07-06 10:10:36 [INFO] ai_bulk_remix: Base directory: C:\Users\h\Downloads\workspace-019f358a-7782-773b-a288-b83757fb6bfc\ai-bulk-remix-studio
2026-07-06 10:10:36 [INFO] ai_bulk_remix: Python: 3.10.0 (tags/v3.10.0:b494f59, Oct  4 2021, 19:00:18) [MSC v.1929 64 bit (AMD64)]
2026-07-06 10:10:36 [INFO] ai_bulk_remix: Platform: win32
2026-07-06 10:10:36 [INFO] ai_bulk_remix: ==================================================
2026-07-06 10:10:41 [INFO] ai_bulk_remix: GPU encoders detected: h264_nvenc, hevc_nvenc, av1_nvenc, h264_qsv, hevc_qsv, h264_amf, hevc_amf
2026-07-06 10:10:41 [INFO] ai_bulk_remix: MainWindow initialized
2026-07-06 10:10:41 [INFO] ai_bulk_remix: MainWindow displayed successfully.
2026-07-06 10:10:41 [INFO] ai_bulk_remix: FFmpeg detected: version 8.1.2-full_build-www.gyan.dev
2026-07-06 10:10:51 [INFO] ai_bulk_remix: Scanned C:/Users/h/Downloads/20260704211210_Ai Fruits Aloo_batchs: 19 video(s) found
2026-07-06 10:11:38 [INFO] ai_bulk_remix: ==================================================
2026-07-06 10:11:38 [INFO] ai_bulk_remix: BATCH PROCESSING STARTED
2026-07-06 10:11:38 [INFO] ai_bulk_remix: Total files: 19
2026-07-06 10:11:38 [INFO] ai_bulk_remix: Output directory: C:/Users/h/Downloads/20260704211210_Ai Fruits Aloo_batchs/f
2026-07-06 10:11:38 [INFO] ai_bulk_remix: Workers: 2
2026-07-06 10:11:38 [INFO] ai_bulk_remix: Encoder: h264_nvenc
2026-07-06 10:11:38 [INFO] ai_bulk_remix: ==================================================
2026-07-06 10:11:38 [INFO] ai_bulk_remix: [1/19] START -> Aloo_And_Gobi_Part_1_Aidrama_AiStory_CartoonAi_.mp4
2026-07-06 10:11:38 [INFO] ai_bulk_remix: [2/19] START -> Aloo_Cheater_Part_1_Aidrama_AiStory_CartoonNetw.mp4
2026-07-06 10:11:42 [INFO] ai_bulk_remix: [2/19] FAIL  Aloo_Cheater_Part_1_Aidrama_AiStory_CartoonNetw.mp4
2026-07-06 10:11:42 [INFO] ai_bulk_remix:   CMD: ffmpeg -y -i "C:/Users/h/Downloads/20260704211210_Ai Fruits Aloo_batchs\Aloo_Cheater_Part_1_Aidrama_AiStory_CartoonNetw.mp4" -vsync vfr -vf format=yuv420p,vflip,eq=brightness=0.195,setpts=1.1111*PTS -af atempo=0.9000 -c:v h264_nvenc -preset fast -rc vbr -b:v 0 -b:v 5M -r 30 -c:a aac -b:a 192k -pix_f...
2026-07-06 10:11:42 [INFO] ai_bulk_remix:   ERR: Command: ffmpeg -y -i "C:/Users/h/Downloads/20260704211210_Ai Fruits Aloo_batchs\Aloo_Cheater_Part_1_Aidrama_AiStory_CartoonNetw.mp4" -vsync vfr -vf "format=yuv420p,vflip,eq=brightness=0.195,setpts=1.1111*PTS" -af atempo=0.9000 -c:v h264_nvenc -preset fast -rc vbr -b:v 0 -b:v 5M -r 30 -c:a aac -b:a 192k -pix_fmt yuv420p -movflags +faststart "C:/Users/h/Downloads/20260704211210_Ai Fruits Aloo_batchs/f\Aloo_Cheater_Part_1_Aidrama_AiStory_CartoonNetw_2.mp4"
Error: GPU encoder failed: Error opening 
2026-07-06 10:11:42 [INFO] ai_bulk_remix: [3/19] START -> Aloo_Ki_Mehnat_Part_1_AlooStory_AiStory_FruitDr.mp4
2026-07-06 10:11:42 [INFO] ai_bulk_remix: [1/19] FAIL  Aloo_And_Gobi_Part_1_Aidrama_AiStory_CartoonAi_.mp4
2026-07-06 10:11:42 [INFO] ai_bulk_remix:   CMD: ffmpeg -y -i "C:/Users/h/Downloads/20260704211210_Ai Fruits Aloo_batchs\Aloo_And_Gobi_Part_1_Aidrama_AiStory_CartoonAi_.mp4" -vsync vfr -vf format=yuv420p,vflip,eq=brightness=-0.187,setpts=0.9091*PTS -af atempo=1.1000 -c:v h264_nvenc -preset fast -rc vbr -b:v 0 -b:v 5M -r 30 -c:a aac -b:a 192k -pix_...
2026-07-06 10:11:42 [INFO] ai_bulk_remix:   ERR: Command: ffmpeg -y -i "C:/Users/h/Downloads/20260704211210_Ai Fruits Aloo_batchs\Aloo_And_Gobi_Part_1_Aidrama_AiStory_CartoonAi_.mp4" -vsync vfr -vf "format=yuv420p,vflip,eq=brightness=-0.187,setpts=0.9091*PTS" -af atempo=1.1000 -c:v h264_nvenc -preset fast -rc vbr -b:v 0 -b:v 5M -r 30 -c:a aac -b:a 192k -pix_fmt yuv420p -movflags +faststart "C:/Users/h/Downloads/20260704211210_Ai Fruits Aloo_batchs/f\Aloo_And_Gobi_Part_1_Aidrama_AiStory_CartoonAi__2.mp4"
Error: GPU encoder failed: Error opening
2026-07-06 10:11:42 [INFO] ai_bulk_remix: [4/19] START -> Aloo_Ki_Mehnat_Part_2_AiStory_AiDrama_FruitDram.mp4
2026-07-06 10:11:45 [INFO] ai_bulk_remix: [3/19] FAIL  Aloo_Ki_Mehnat_Part_1_AlooStory_AiStory_FruitDr.mp4
2026-07-06 10:11:45 [INFO] ai_bulk_remix:   CMD: ffmpeg -y -i "C:/Users/h/Downloads/20260704211210_Ai Fruits Aloo_batchs\Aloo_Ki_Mehnat_Part_1_AlooStory_AiStory_FruitDr.mp4" -vsync vfr -vf format=yuv420p,hflip,eq=brightness=-0.074,setpts=0.9091*PTS -af atempo=1.1000 -c:v h264_nvenc -preset fast -rc vbr -b:v 0 -b:v 5M -r 30 -c:a aac -b:a 192k -pix_...
2026-07-06 10:11:45 [INFO] ai_bulk_remix:   ERR: Command: ffmpeg -y -i "C:/Users/h/Downloads/20260704211210_Ai Fruits Aloo_batchs\Aloo_Ki_Mehnat_Part_1_AlooStory_AiStory_FruitDr.mp4" -vsync vfr -vf "format=yuv420p,hflip,eq=brightness=-0.074,setpts=0.9091*PTS" -af atempo=1.1000 -c:v h264_nvenc -preset fast -rc vbr -b:v 0 -b:v 5M -r 30 -c:a aac -b:a 192k -pix_fmt yuv420p -movflags +faststart "C:/Users/h/Downloads/20260704211210_Ai Fruits Aloo_batchs/f\Aloo_Ki_Mehnat_Part_1_AlooStory_AiStory_FruitDr_2.mp4"
Error: GPU encoder failed: Error opening
2026-07-06 10:11:45 [INFO] ai_bulk_remix: [5/19] START -> Aloo_Ki_Mihnat_Part_1_AiStory_AiDrama_SadStory_.mp4
2026-07-06 10:11:45 [INFO] ai_bulk_remix: [4/19] FAIL  Aloo_Ki_Mehnat_Part_2_AiStory_AiDrama_FruitDram.mp4
2026-07-06 10:11:45 [INFO] ai_bulk_remix:   CMD: ffmpeg -y -i "C:/Users/h/Downloads/20260704211210_Ai Fruits Aloo_batchs\Aloo_Ki_Mehnat_Part_2_AiStory_AiDrama_FruitDram.mp4" -vsync vfr -vf format=yuv420p,vflip,eq=brightness=0.143,setpts=1.2500*PTS -af atempo=0.8000 -c:v h264_nvenc -preset fast -rc vbr -b:v 0 -b:v 5M -r 30 -c:a aac -b:a 192k -pix_f...
2026-07-06 10:11:45 [INFO] ai_bulk_remix:   ERR: Command: ffmpeg -y -i "C:/Users/h/Downloads/20260704211210_Ai Fruits Aloo_batchs\Aloo_Ki_Mehnat_Part_2_AiStory_AiDrama_FruitDram.mp4" -vsync vfr -vf "format=yuv420p,vflip,eq=brightness=0.143,setpts=1.2500*PTS" -af atempo=0.8000 -c:v h264_nvenc -preset fast -rc vbr -b:v 0 -b:v 5M -r 30 -c:a aac -b:a 192k -pix_fmt yuv420p -movflags +faststart "C:/Users/h/Downloads/20260704211210_Ai Fruits Aloo_batchs/f\Aloo_Ki_Mehnat_Part_2_AiStory_AiDrama_FruitDram_1.mp4"
Error: GPU encoder failed: Error opening 
2026-07-06 10:11:45 [INFO] ai_bulk_remix: [6/19] START -> Banana_Cheat_Wife_Part_1_Aidrama_AiStory_Cartoo.mp4
2026-07-06 10:11:49 [INFO] ai_bulk_remix: [5/19] FAIL  Aloo_Ki_Mihnat_Part_1_AiStory_AiDrama_SadStory_.mp4
2026-07-06 10:11:49 [INFO] ai_bulk_remix:   CMD: ffmpeg -y -i "C:/Users/h/Downloads/20260704211210_Ai Fruits Aloo_batchs\Aloo_Ki_Mihnat_Part_1_AiStory_AiDrama_SadStory_.mp4" -vsync vfr -vf format=yuv420p,vflip,eq=brightness=-0.033,setpts=0.8333*PTS -af atempo=1.2000 -c:v h264_nvenc -preset fast -rc vbr -b:v 0 -b:v 5M -r 30 -c:a aac -b:a 192k -pix_...
2026-07-06 10:11:49 [INFO] ai_bulk_remix:   ERR: Command: ffmpeg -y -i "C:/Users/h/Downloads/20260704211210_Ai Fruits Aloo_batchs\Aloo_Ki_Mihnat_Part_1_AiStory_AiDrama_SadStory_.mp4" -vsync vfr -vf "format=yuv420p,vflip,eq=brightness=-0.033,setpts=0.8333*PTS" -af atempo=1.2000 -c:v h264_nvenc -preset fast -rc vbr -b:v 0 -b:v 5M -r 30 -c:a aac -b:a 192k -pix_fmt yuv420p -movflags +faststart "C:/Users/h/Downloads/20260704211210_Ai Fruits Aloo_batchs/f\Aloo_Ki_Mihnat_Part_1_AiStory_AiDrama_SadStory__1.mp4"
Error: GPU encoder failed: Error opening
2026-07-06 10:11:49 [INFO] ai_bulk_remix: [7/19] START -> Banana_Cheat_Wife_Part_2_Aidrama_CartoonAi_AiSt.mp4
2026-07-06 10:11:49 [INFO] ai_bulk_remix: [6/19] FAIL  Banana_Cheat_Wife_Part_1_Aidrama_AiStory_Cartoo.mp4
2026-07-06 10:11:49 [INFO] ai_bulk_remix:   CMD: ffmpeg -y -i "C:/Users/h/Downloads/20260704211210_Ai Fruits Aloo_batchs\Banana_Cheat_Wife_Part_1_Aidrama_AiStory_Cartoo.mp4" -vsync vfr -vf format=yuv420p,hflip,vflip,eq=brightness=0.127,setpts=1.2500*PTS -af atempo=0.8000 -c:v h264_nvenc -preset fast -rc vbr -b:v 0 -b:v 5M -r 30 -c:a aac -b:a 192k ...
2026-07-06 10:11:49 [INFO] ai_bulk_remix:   ERR: Command: ffmpeg -y -i "C:/Users/h/Downloads/20260704211210_Ai Fruits Aloo_batchs\Banana_Cheat_Wife_Part_1_Aidrama_AiStory_Cartoo.mp4" -vsync vfr -vf "format=yuv420p,hflip,vflip,eq=brightness=0.127,setpts=1.2500*PTS" -af atempo=0.8000 -c:v h264_nvenc -preset fast -rc vbr -b:v 0 -b:v 5M -r 30 -c:a aac -b:a 192k -pix_fmt yuv420p -movflags +faststart "C:/Users/h/Downloads/20260704211210_Ai Fruits Aloo_batchs/f\Banana_Cheat_Wife_Part_1_Aidrama_AiStory_Cartoo_1.mp4"
Error: GPU encoder failed: Error op
2026-07-06 10:11:49 [INFO] ai_bulk_remix: [8/19] START -> Biwi_k_Chal_part_1_Aidrama_AiStory_CartoonAi_T.mp4
2026-07-06 10:11:53 [INFO] ai_bulk_remix: [7/19] FAIL  Banana_Cheat_Wife_Part_2_Aidrama_CartoonAi_AiSt.mp4
2026-07-06 10:11:53 [INFO] ai_bulk_remix:   CMD: ffmpeg -y -i "C:/Users/h/Downloads/20260704211210_Ai Fruits Aloo_batchs\Banana_Cheat_Wife_Part_2_Aidrama_CartoonAi_AiSt.mp4" -vsync vfr -vf format=yuv420p,vflip,eq=brightness=-0.067,setpts=1.2500*PTS -af atempo=0.8000 -c:v h264_nvenc -preset fast -rc vbr -b:v 0 -b:v 5M -r 30 -c:a aac -b:a 192k -pix_...
2026-07-06 10:11:53 [INFO] ai_bulk_remix:   ERR: Command: ffmpeg -y -i "C:/Users/h/Downloads/20260704211210_Ai Fruits Aloo_batchs\Banana_Cheat_Wife_Part_2_Aidrama_CartoonAi_AiSt.mp4" -vsync vfr -vf "format=yuv420p,vflip,eq=brightness=-0.067,setpts=1.2500*PTS" -af atempo=0.8000 -c:v h264_nvenc -preset fast -rc vbr -b:v 0 -b:v 5M -r 30 -c:a aac -b:a 192k -pix_fmt yuv420p -movflags +faststart "C:/Users/h/Downloads/20260704211210_Ai Fruits Aloo_batchs/f\Banana_Cheat_Wife_Part_2_Aidrama_CartoonAi_AiSt_1.mp4"
Error: GPU encoder failed: Error opening
2026-07-06 10:11:53 [INFO] ai_bulk_remix: [9/19] START -> Chai_And_Pakoora_Love_Story_Part_1_Aidrama_AiSt.mp4
2026-07-06 10:11:53 [INFO] ai_bulk_remix: [8/19] FAIL  Biwi_k_Chal_part_1_Aidrama_AiStory_CartoonAi_T.mp4
2026-07-06 10:11:53 [INFO] ai_bulk_remix:   CMD: ffmpeg -y -i "C:/Users/h/Downloads/20260704211210_Ai Fruits Aloo_batchs\Biwi_k_Chal_part_1_Aidrama_AiStory_CartoonAi_T.mp4" -vsync vfr -vf format=yuv420p,hflip,eq=brightness=-0.039,setpts=1.1111*PTS -af atempo=0.9000 -c:v h264_nvenc -preset fast -rc vbr -b:v 0 -b:v 5M -r 30 -c:a aac -b:a 192k -pix_f...
2026-07-06 10:11:53 [INFO] ai_bulk_remix:   ERR: Command: ffmpeg -y -i "C:/Users/h/Downloads/20260704211210_Ai Fruits Aloo_batchs\Biwi_k_Chal_part_1_Aidrama_AiStory_CartoonAi_T.mp4" -vsync vfr -vf "format=yuv420p,hflip,eq=brightness=-0.039,setpts=1.1111*PTS" -af atempo=0.9000 -c:v h264_nvenc -preset fast -rc vbr -b:v 0 -b:v 5M -r 30 -c:a aac -b:a 192k -pix_fmt yuv420p -movflags +faststart "C:/Users/h/Downloads/20260704211210_Ai Fruits Aloo_batchs/f\Biwi_k_Chal_part_1_Aidrama_AiStory_CartoonAi_T_1.mp4"
Error: GPU encoder failed: Error opening o
2026-07-06 10:11:53 [INFO] ai_bulk_remix: [10/19] START -> Chai_And_Pakoora_Love_Story_Part_2_Aidrama_AiSto.mp4
2026-07-06 10:11:57 [INFO] ai_bulk_remix: [9/19] FAIL  Chai_And_Pakoora_Love_Story_Part_1_Aidrama_AiSt.mp4
2026-07-06 10:11:57 [INFO] ai_bulk_remix:   CMD: ffmpeg -y -i "C:/Users/h/Downloads/20260704211210_Ai Fruits Aloo_batchs\Chai_And_Pakoora_Love_Story_Part_1_Aidrama_AiSt.mp4" -vsync vfr -vf format=yuv420p,hflip,vflip,eq=brightness=0.106,setpts=1.1111*PTS -af atempo=0.9000 -c:v h264_nvenc -preset fast -rc vbr -b:v 0 -b:v 5M -r 30 -c:a aac -b:a 192k ...
2026-07-06 10:11:57 [INFO] ai_bulk_remix:   ERR: Command: ffmpeg -y -i "C:/Users/h/Downloads/20260704211210_Ai Fruits Aloo_batchs\Chai_And_Pakoora_Love_Story_Part_1_Aidrama_AiSt.mp4" -vsync vfr -vf "format=yuv420p,hflip,vflip,eq=brightness=0.106,setpts=1.1111*PTS" -af atempo=0.9000 -c:v h264_nvenc -preset fast -rc vbr -b:v 0 -b:v 5M -r 30 -c:a aac -b:a 192k -pix_fmt yuv420p -movflags +faststart "C:/Users/h/Downloads/20260704211210_Ai Fruits Aloo_batchs/f\Chai_And_Pakoora_Love_Story_Part_1_Aidrama_AiSt_1.mp4"
Error: GPU encoder failed: Error op
2026-07-06 10:11:57 [INFO] ai_bulk_remix: [11/19] START -> Chandi_Ki_Mumbati_Part_1_AiStory_AiDrama_FruitD.mp4
2026-07-06 10:11:57 [INFO] ai_bulk_remix: [10/19] FAIL  Chai_And_Pakoora_Love_Story_Part_2_Aidrama_AiSto.mp4
2026-07-06 10:11:57 [INFO] ai_bulk_remix:   CMD: ffmpeg -y -i "C:/Users/h/Downloads/20260704211210_Ai Fruits Aloo_batchs\Chai_And_Pakoora_Love_Story_Part_2_Aidrama_AiSto.mp4" -vsync vfr -vf format=yuv420p,hflip,vflip,eq=brightness=-0.073,setpts=0.8333*PTS -af atempo=1.2000 -c:v h264_nvenc -preset fast -rc vbr -b:v 0 -b:v 5M -r 30 -c:a aac -b:a 192...
2026-07-06 10:11:57 [INFO] ai_bulk_remix:   ERR: Command: ffmpeg -y -i "C:/Users/h/Downloads/20260704211210_Ai Fruits Aloo_batchs\Chai_And_Pakoora_Love_Story_Part_2_Aidrama_AiSto.mp4" -vsync vfr -vf "format=yuv420p,hflip,vflip,eq=brightness=-0.073,setpts=0.8333*PTS" -af atempo=1.2000 -c:v h264_nvenc -preset fast -rc vbr -b:v 0 -b:v 5M -r 30 -c:a aac -b:a 192k -pix_fmt yuv420p -movflags +faststart "C:/Users/h/Downloads/20260704211210_Ai Fruits Aloo_batchs/f\Chai_And_Pakoora_Love_Story_Part_2_Aidrama_AiSto_1.mp4"
Error: GPU encoder failed: Error
2026-07-06 10:11:57 [INFO] ai_bulk_remix: [12/19] START -> Dall_And_Chawal_Part_1_Aidrama_AiStory_CartoonA.mp4
2026-07-06 10:12:00 [INFO] ai_bulk_remix: [11/19] FAIL  Chandi_Ki_Mumbati_Part_1_AiStory_AiDrama_FruitD.mp4
2026-07-06 10:12:00 [INFO] ai_bulk_remix:   CMD: ffmpeg -y -i "C:/Users/h/Downloads/20260704211210_Ai Fruits Aloo_batchs\Chandi_Ki_Mumbati_Part_1_AiStory_AiDrama_FruitD.mp4" -vsync vfr -vf format=yuv420p,hflip,eq=brightness=-0.064,setpts=1.1111*PTS -af atempo=0.9000 -c:v h264_nvenc -preset fast -rc vbr -b:v 0 -b:v 5M -r 30 -c:a aac -b:a 192k -pix_...
2026-07-06 10:12:00 [INFO] ai_bulk_remix:   ERR: Command: ffmpeg -y -i "C:/Users/h/Downloads/20260704211210_Ai Fruits Aloo_batchs\Chandi_Ki_Mumbati_Part_1_AiStory_AiDrama_FruitD.mp4" -vsync vfr -vf "format=yuv420p,hflip,eq=brightness=-0.064,setpts=1.1111*PTS" -af atempo=0.9000 -c:v h264_nvenc -preset fast -rc vbr -b:v 0 -b:v 5M -r 30 -c:a aac -b:a 192k -pix_fmt yuv420p -movflags +faststart "C:/Users/h/Downloads/20260704211210_Ai Fruits Aloo_batchs/f\Chandi_Ki_Mumbati_Part_1_AiStory_AiDrama_FruitD_1.mp4"
Error: GPU encoder failed: Error opening
2026-07-06 10:12:00 [INFO] ai_bulk_remix: [13/19] START -> Diamond_Daughter_Part_1_Aidrama_AiStory_Cartoon.mp4
2026-07-06 10:12:00 [INFO] ai_bulk_remix: [12/19] FAIL  Dall_And_Chawal_Part_1_Aidrama_AiStory_CartoonA.mp4
2026-07-06 10:12:00 [INFO] ai_bulk_remix:   CMD: ffmpeg -y -i "C:/Users/h/Downloads/20260704211210_Ai Fruits Aloo_batchs\Dall_And_Chawal_Part_1_Aidrama_AiStory_CartoonA.mp4" -vsync vfr -vf format=yuv420p,vflip,eq=brightness=0.066,setpts=1.2500*PTS -af atempo=0.8000 -c:v h264_nvenc -preset fast -rc vbr -b:v 0 -b:v 5M -r 30 -c:a aac -b:a 192k -pix_f...
2026-07-06 10:12:00 [INFO] ai_bulk_remix:   ERR: Command: ffmpeg -y -i "C:/Users/h/Downloads/20260704211210_Ai Fruits Aloo_batchs\Dall_And_Chawal_Part_1_Aidrama_AiStory_CartoonA.mp4" -vsync vfr -vf "format=yuv420p,vflip,eq=brightness=0.066,setpts=1.2500*PTS" -af atempo=0.8000 -c:v h264_nvenc -preset fast -rc vbr -b:v 0 -b:v 5M -r 30 -c:a aac -b:a 192k -pix_fmt yuv420p -movflags +faststart "C:/Users/h/Downloads/20260704211210_Ai Fruits Aloo_batchs/f\Dall_And_Chawal_Part_1_Aidrama_AiStory_CartoonA_1.mp4"
Error: GPU encoder failed: Error opening 
2026-07-06 10:12:00 [INFO] ai_bulk_remix: [14/19] START -> Donkey_Love_Story_Part_1_aidonkey_AiStory_AiDra.mp4
2026-07-06 10:12:04 [INFO] ai_bulk_remix: [13/19] FAIL  Diamond_Daughter_Part_1_Aidrama_AiStory_Cartoon.mp4
2026-07-06 10:12:04 [INFO] ai_bulk_remix:   CMD: ffmpeg -y -i "C:/Users/h/Downloads/20260704211210_Ai Fruits Aloo_batchs\Diamond_Daughter_Part_1_Aidrama_AiStory_Cartoon.mp4" -vsync vfr -vf format=yuv420p,hflip,vflip,eq=brightness=-0.132,setpts=1.1111*PTS -af atempo=0.9000 -c:v h264_nvenc -preset fast -rc vbr -b:v 0 -b:v 5M -r 30 -c:a aac -b:a 192k...
2026-07-06 10:12:04 [INFO] ai_bulk_remix:   ERR: Command: ffmpeg -y -i "C:/Users/h/Downloads/20260704211210_Ai Fruits Aloo_batchs\Diamond_Daughter_Part_1_Aidrama_AiStory_Cartoon.mp4" -vsync vfr -vf "format=yuv420p,hflip,vflip,eq=brightness=-0.132,setpts=1.1111*PTS" -af atempo=0.9000 -c:v h264_nvenc -preset fast -rc vbr -b:v 0 -b:v 5M -r 30 -c:a aac -b:a 192k -pix_fmt yuv420p -movflags +faststart "C:/Users/h/Downloads/20260704211210_Ai Fruits Aloo_batchs/f\Diamond_Daughter_Part_1_Aidrama_AiStory_Cartoon_1.mp4"
Error: GPU encoder failed: Error o
2026-07-06 10:12:04 [INFO] ai_bulk_remix: [15/19] START -> Instagram_And_Facebook_Love_Story_Part_1_FaceBook.mp4
2026-07-06 10:12:04 [INFO] ai_bulk_remix: [14/19] FAIL  Donkey_Love_Story_Part_1_aidonkey_AiStory_AiDra.mp4
2026-07-06 10:12:04 [INFO] ai_bulk_remix:   CMD: ffmpeg -y -i "C:/Users/h/Downloads/20260704211210_Ai Fruits Aloo_batchs\Donkey_Love_Story_Part_1_aidonkey_AiStory_AiDra.mp4" -vsync vfr -vf format=yuv420p,vflip,eq=brightness=0.037,setpts=1.1111*PTS -af atempo=0.9000 -c:v h264_nvenc -preset fast -rc vbr -b:v 0 -b:v 5M -r 30 -c:a aac -b:a 192k -pix_f...
2026-07-06 10:12:04 [INFO] ai_bulk_remix:   ERR: Command: ffmpeg -y -i "C:/Users/h/Downloads/20260704211210_Ai Fruits Aloo_batchs\Donkey_Love_Story_Part_1_aidonkey_AiStory_AiDra.mp4" -vsync vfr -vf "format=yuv420p,vflip,eq=brightness=0.037,setpts=1.1111*PTS" -af atempo=0.9000 -c:v h264_nvenc -preset fast -rc vbr -b:v 0 -b:v 5M -r 30 -c:a aac -b:a 192k -pix_fmt yuv420p -movflags +faststart "C:/Users/h/Downloads/20260704211210_Ai Fruits Aloo_batchs/f\Donkey_Love_Story_Part_1_aidonkey_AiStory_AiDra_1.mp4"
Error: GPU encoder failed: Error opening 
2026-07-06 10:12:04 [INFO] ai_bulk_remix: [16/19] START -> Part-1_Aidrama_AiStory_CartoonAi_Trendingnow_.mp4
2026-07-06 10:12:07 [INFO] ai_bulk_remix: [15/19] FAIL  Instagram_And_Facebook_Love_Story_Part_1_FaceBook.mp4
2026-07-06 10:12:07 [INFO] ai_bulk_remix:   CMD: ffmpeg -y -i "C:/Users/h/Downloads/20260704211210_Ai Fruits Aloo_batchs\Instagram_And_Facebook_Love_Story_Part_1_FaceBook.mp4" -vsync vfr -vf format=yuv420p,hflip,eq=brightness=-0.073,setpts=1.1111*PTS -af atempo=0.9000 -c:v h264_nvenc -preset fast -rc vbr -b:v 0 -b:v 5M -r 30 -c:a aac -b:a 192k -pi...
2026-07-06 10:12:07 [INFO] ai_bulk_remix:   ERR: Command: ffmpeg -y -i "C:/Users/h/Downloads/20260704211210_Ai Fruits Aloo_batchs\Instagram_And_Facebook_Love_Story_Part_1_FaceBook.mp4" -vsync vfr -vf "format=yuv420p,hflip,eq=brightness=-0.073,setpts=1.1111*PTS" -af atempo=0.9000 -c:v h264_nvenc -preset fast -rc vbr -b:v 0 -b:v 5M -r 30 -c:a aac -b:a 192k -pix_fmt yuv420p -movflags +faststart "C:/Users/h/Downloads/20260704211210_Ai Fruits Aloo_batchs/f\Instagram_And_Facebook_Love_Story_Part_1_FaceBook_1.mp4"
Error: GPU encoder failed: Error ope
2026-07-06 10:12:07 [INFO] ai_bulk_remix: [17/19] START -> Sprite_Cheat_Fanta_Part_1_Aidrama_CartoonAi_Tre.mp4
2026-07-06 10:12:07 [INFO] ai_bulk_remix: [16/19] FAIL  Part-1_Aidrama_AiStory_CartoonAi_Trendingnow_.mp4
2026-07-06 10:12:07 [INFO] ai_bulk_remix:   CMD: ffmpeg -y -i "C:/Users/h/Downloads/20260704211210_Ai Fruits Aloo_batchs\Part-1_Aidrama_AiStory_CartoonAi_Trendingnow_.mp4" -vsync vfr -vf format=yuv420p,hflip,vflip,eq=brightness=0.157,setpts=1.1111*PTS -af atempo=0.9000 -c:v h264_nvenc -preset fast -rc vbr -b:v 0 -b:v 5M -r 30 -c:a aac -b:a 192k -p...
2026-07-06 10:12:07 [INFO] ai_bulk_remix:   ERR: Command: ffmpeg -y -i "C:/Users/h/Downloads/20260704211210_Ai Fruits Aloo_batchs\Part-1_Aidrama_AiStory_CartoonAi_Trendingnow_.mp4" -vsync vfr -vf "format=yuv420p,hflip,vflip,eq=brightness=0.157,setpts=1.1111*PTS" -af atempo=0.9000 -c:v h264_nvenc -preset fast -rc vbr -b:v 0 -b:v 5M -r 30 -c:a aac -b:a 192k -pix_fmt yuv420p -movflags +faststart "C:/Users/h/Downloads/20260704211210_Ai Fruits Aloo_batchs/f\Part-1_Aidrama_AiStory_CartoonAi_Trendingnow__1.mp4"
Error: GPU encoder failed: Error openin
2026-07-06 10:12:07 [INFO] ai_bulk_remix: [18/19] START -> Sprite_Cheat_Fanta_Part_2_Aidrama_CartoonAi_Tre.mp4
2026-07-06 10:12:11 [INFO] ai_bulk_remix: [17/19] FAIL  Sprite_Cheat_Fanta_Part_1_Aidrama_CartoonAi_Tre.mp4
2026-07-06 10:12:11 [INFO] ai_bulk_remix:   CMD: ffmpeg -y -i "C:/Users/h/Downloads/20260704211210_Ai Fruits Aloo_batchs\Sprite_Cheat_Fanta_Part_1_Aidrama_CartoonAi_Tre.mp4" -vsync vfr -vf format=yuv420p,hflip,eq=brightness=0.148,setpts=0.8333*PTS -af atempo=1.2000 -c:v h264_nvenc -preset fast -rc vbr -b:v 0 -b:v 5M -r 30 -c:a aac -b:a 192k -pix_f...
2026-07-06 10:12:11 [INFO] ai_bulk_remix:   ERR: Command: ffmpeg -y -i "C:/Users/h/Downloads/20260704211210_Ai Fruits Aloo_batchs\Sprite_Cheat_Fanta_Part_1_Aidrama_CartoonAi_Tre.mp4" -vsync vfr -vf "format=yuv420p,hflip,eq=brightness=0.148,setpts=0.8333*PTS" -af atempo=1.2000 -c:v h264_nvenc -preset fast -rc vbr -b:v 0 -b:v 5M -r 30 -c:a aac -b:a 192k -pix_fmt yuv420p -movflags +faststart "C:/Users/h/Downloads/20260704211210_Ai Fruits Aloo_batchs/f\Sprite_Cheat_Fanta_Part_1_Aidrama_CartoonAi_Tre_1.mp4"
Error: GPU encoder failed: Error opening 
2026-07-06 10:12:11 [INFO] ai_bulk_remix: [19/19] START -> Stroberry_Part_1_Aidrama_AiStory_CartoonAi_Tre.mp4
2026-07-06 10:12:11 [INFO] ai_bulk_remix: [18/19] FAIL  Sprite_Cheat_Fanta_Part_2_Aidrama_CartoonAi_Tre.mp4
2026-07-06 10:12:11 [INFO] ai_bulk_remix:   CMD: ffmpeg -y -i "C:/Users/h/Downloads/20260704211210_Ai Fruits Aloo_batchs\Sprite_Cheat_Fanta_Part_2_Aidrama_CartoonAi_Tre.mp4" -vsync vfr -vf format=yuv420p,vflip,eq=brightness=-0.079,setpts=0.9091*PTS -af atempo=1.1000 -c:v h264_nvenc -preset fast -rc vbr -b:v 0 -b:v 5M -r 30 -c:a aac -b:a 192k -pix_...
2026-07-06 10:12:11 [INFO] ai_bulk_remix:   ERR: Command: ffmpeg -y -i "C:/Users/h/Downloads/20260704211210_Ai Fruits Aloo_batchs\Sprite_Cheat_Fanta_Part_2_Aidrama_CartoonAi_Tre.mp4" -vsync vfr -vf "format=yuv420p,vflip,eq=brightness=-0.079,setpts=0.9091*PTS" -af atempo=1.1000 -c:v h264_nvenc -preset fast -rc vbr -b:v 0 -b:v 5M -r 30 -c:a aac -b:a 192k -pix_fmt yuv420p -movflags +faststart "C:/Users/h/Downloads/20260704211210_Ai Fruits Aloo_batchs/f\Sprite_Cheat_Fanta_Part_2_Aidrama_CartoonAi_Tre_1.mp4"
Error: GPU encoder failed: Error opening
2026-07-06 10:12:15 [INFO] ai_bulk_remix: [19/19] FAIL  Stroberry_Part_1_Aidrama_AiStory_CartoonAi_Tre.mp4
2026-07-06 10:12:15 [INFO] ai_bulk_remix:   CMD: ffmpeg -y -i "C:/Users/h/Downloads/20260704211210_Ai Fruits Aloo_batchs\Stroberry_Part_1_Aidrama_AiStory_CartoonAi_Tre.mp4" -vsync vfr -vf format=yuv420p,hflip,vflip,eq=brightness=-0.091,setpts=0.9091*PTS -af atempo=1.1000 -c:v h264_nvenc -preset fast -rc vbr -b:v 0 -b:v 5M -r 30 -c:a aac -b:a 192k ...
2026-07-06 10:12:15 [INFO] ai_bulk_remix:   ERR: Command: ffmpeg -y -i "C:/Users/h/Downloads/20260704211210_Ai Fruits Aloo_batchs\Stroberry_Part_1_Aidrama_AiStory_CartoonAi_Tre.mp4" -vsync vfr -vf "format=yuv420p,hflip,vflip,eq=brightness=-0.091,setpts=0.9091*PTS" -af atempo=1.1000 -c:v h264_nvenc -preset fast -rc vbr -b:v 0 -b:v 5M -r 30 -c:a aac -b:a 192k -pix_fmt yuv420p -movflags +faststart "C:/Users/h/Downloads/20260704211210_Ai Fruits Aloo_batchs/f\Stroberry_Part_1_Aidrama_AiStory_CartoonAi_Tre_1.mp4"
Error: GPU encoder failed: Error ope
2026-07-06 10:12:15 [INFO] ai_bulk_remix: ==================================================
2026-07-06 10:12:15 [INFO] ai_bulk_remix: BATCH PROCESSING COMPLETED
2026-07-06 10:12:15 [INFO] ai_bulk_remix: Successful: 0
2026-07-06 10:12:15 [INFO] ai_bulk_remix: Failed: 19
2026-07-06 10:12:15 [INFO] ai_bulk_remix: Skipped: 0
2026-07-06 10:12:15 [INFO] ai_bulk_remix: Total time: 36.3s
2026-07-06 10:12:15 [INFO] ai_bulk_remix: Failed: Aloo_And_Gobi_Part_1_Aidrama_AiStory_CartoonAi_.mp4, Aloo_Cheater_Part_1_Aidrama_AiStory_CartoonNetw.mp4, Aloo_Ki_Mehnat_Part_1_AlooStory_AiStory_FruitDr.mp4, Aloo_Ki_Mehnat_Part_2_AiStory_AiDrama_FruitDram.mp4, Aloo_Ki_Mihnat_Part_1_AiStory_AiDrama_SadStory_.mp4, Banana_Cheat_Wife_Part_1_Aidrama_AiStory_Cartoo.mp4, Banana_Cheat_Wife_Part_2_Aidrama_CartoonAi_AiSt.mp4, Biwi_k_Chal_part_1_Aidrama_AiStory_CartoonAi_T.mp4, Chai_And_Pakoora_Love_Story_Part_1_Aidrama_AiSt.mp4, Chai_And_Pakoora_Love_Story_Part_2_Aidrama_AiSto.mp4, Chandi_Ki_Mumbati_Part_1_AiStory_AiDrama_FruitD.mp4, Dall_And_Chawal_Part_1_Aidrama_AiStory_CartoonA.mp4, Diamond_Daughter_Part_1_Aidrama_AiStory_Cartoon.mp4, Donkey_Love_Story_Part_1_aidonkey_AiStory_AiDra.mp4, Instagram_And_Facebook_Love_Story_Part_1_FaceBook.mp4, Part-1_Aidrama_AiStory_CartoonAi_Trendingnow_.mp4, Sprite_Cheat_Fanta_Part_1_Aidrama_CartoonAi_Tre.mp4, Sprite_Cheat_Fanta_Part_2_Aidrama_CartoonAi_Tre.mp4, Stroberry_Part_1_Aidrama_AiStory_CartoonAi_Tre.mp4
2026-07-06 10:12:15 [INFO] ai_bulk_remix: ==================================================
2026-07-06 10:12:48 [INFO] ai_bulk_remix: Application exiting with code 0
2026-07-06 10:13:53 [INFO] ai_bulk_remix: ==================================================
2026-07-06 10:13:53 [INFO] ai_bulk_remix: AI Bulk Remix Studio v1.0.0 starting...
2026-07-06 10:13:53 [INFO] ai_bulk_remix: Base directory: C:\Users\h\Downloads\workspace-019f358a-7782-773b-a288-b83757fb6bfc\ai-bulk-remix-studio
2026-07-06 10:13:53 [INFO] ai_bulk_remix: Python: 3.10.0 (tags/v3.10.0:b494f59, Oct  4 2021, 19:00:18) [MSC v.1929 64 bit (AMD64)]
2026-07-06 10:13:53 [INFO] ai_bulk_remix: Platform: win32
2026-07-06 10:13:53 [INFO] ai_bulk_remix: ==================================================
2026-07-06 10:13:58 [INFO] ai_bulk_remix: GPU encoders detected: h264_nvenc, hevc_nvenc, av1_nvenc, h264_qsv, hevc_qsv, h264_amf, hevc_amf
2026-07-06 10:13:58 [INFO] ai_bulk_remix: MainWindow initialized
2026-07-06 10:13:58 [INFO] ai_bulk_remix: MainWindow displayed successfully.
2026-07-06 10:13:58 [INFO] ai_bulk_remix: FFmpeg detected: version 8.1.2-full_build-www.gyan.dev
2026-07-06 10:14:07 [INFO] ai_bulk_remix: Scanned C:/Users/h/Downloads/20260704211210_Ai Fruits Aloo_batchs: 19 video(s) found
2026-07-06 10:14:34 [INFO] ai_bulk_remix: ==================================================
2026-07-06 10:14:34 [INFO] ai_bulk_remix: BATCH PROCESSING STARTED
2026-07-06 10:14:34 [INFO] ai_bulk_remix: Total files: 19
2026-07-06 10:14:34 [INFO] ai_bulk_remix: Output directory: C:/Users/h/Downloads/20260704211210_Ai Fruits Aloo_batchs/f
2026-07-06 10:14:34 [INFO] ai_bulk_remix: Workers: 2
2026-07-06 10:14:34 [INFO] ai_bulk_remix: Encoder: h264_nvenc
2026-07-06 10:14:34 [INFO] ai_bulk_remix: ==================================================
2026-07-06 10:14:34 [INFO] ai_bulk_remix: [1/19] START -> Aloo_And_Gobi_Part_1_Aidrama_AiStory_CartoonAi_.mp4
2026-07-06 10:14:34 [INFO] ai_bulk_remix: [2/19] START -> Aloo_Cheater_Part_1_Aidrama_AiStory_CartoonNetw.mp4
2026-07-06 10:15:33 [INFO] ai_bulk_remix: [1/19] DONE  Aloo_And_Gobi_Part_1_Aidrama_AiStory_CartoonAi_.mp4 (58.9s)
2026-07-06 10:15:33 [INFO] ai_bulk_remix: [3/19] START -> Aloo_Ki_Mehnat_Part_1_AlooStory_AiStory_FruitDr.mp4
2026-07-06 10:15:41 [INFO] ai_bulk_remix: [2/19] DONE  Aloo_Cheater_Part_1_Aidrama_AiStory_CartoonNetw.mp4 (67.0s)
2026-07-06 10:15:41 [INFO] ai_bulk_remix: [4/19] START -> Aloo_Ki_Mehnat_Part_2_AiStory_AiDrama_FruitDram.mp4
2026-07-06 10:16:28 [INFO] ai_bulk_remix: [4/19] DONE  Aloo_Ki_Mehnat_Part_2_AiStory_AiDrama_FruitDram.mp4 (45.7s)
2026-07-06 10:16:28 [INFO] ai_bulk_remix: [5/19] START -> Aloo_Ki_Mihnat_Part_1_AiStory_AiDrama_SadStory_.mp4
2026-07-06 10:16:35 [INFO] ai_bulk_remix: [3/19] DONE  Aloo_Ki_Mehnat_Part_1_AlooStory_AiStory_FruitDr.mp4 (60.9s)
2026-07-06 10:16:35 [INFO] ai_bulk_remix: [6/19] START -> Banana_Cheat_Wife_Part_1_Aidrama_AiStory_Cartoo.mp4
2026-07-06 10:17:35 [INFO] ai_bulk_remix: [6/19] DONE  Banana_Cheat_Wife_Part_1_Aidrama_AiStory_Cartoo.mp4 (59.5s)
2026-07-06 10:17:35 [INFO] ai_bulk_remix: [7/19] START -> Banana_Cheat_Wife_Part_2_Aidrama_CartoonAi_AiSt.mp4
2026-07-06 10:18:05 [INFO] ai_bulk_remix: [5/19] DONE  Aloo_Ki_Mihnat_Part_1_AiStory_AiDrama_SadStory_.mp4 (97.1s)
2026-07-06 10:18:05 [INFO] ai_bulk_remix: [8/19] START -> Biwi_k_Chal_part_1_Aidrama_AiStory_CartoonAi_T.mp4
2026-07-06 10:18:32 [INFO] ai_bulk_remix: [7/19] DONE  Banana_Cheat_Wife_Part_2_Aidrama_CartoonAi_AiSt.mp4 (56.8s)
2026-07-06 10:18:32 [INFO] ai_bulk_remix: [9/19] START -> Chai_And_Pakoora_Love_Story_Part_1_Aidrama_AiSt.mp4
2026-07-06 10:19:14 [INFO] ai_bulk_remix: [8/19] DONE  Biwi_k_Chal_part_1_Aidrama_AiStory_CartoonAi_T.mp4 (68.3s)
2026-07-06 10:19:14 [INFO] ai_bulk_remix: [10/19] START -> Chai_And_Pakoora_Love_Story_Part_2_Aidrama_AiSto.mp4
2026-07-06 10:19:17 [INFO] ai_bulk_remix: [9/19] DONE  Chai_And_Pakoora_Love_Story_Part_1_Aidrama_AiSt.mp4 (44.5s)
2026-07-06 10:19:17 [INFO] ai_bulk_remix: [11/19] START -> Chandi_Ki_Mumbati_Part_1_AiStory_AiDrama_FruitD.mp4
2026-07-06 10:20:13 [INFO] ai_bulk_remix: [11/19] DONE  Chandi_Ki_Mumbati_Part_1_AiStory_AiDrama_FruitD.mp4 (55.4s)
2026-07-06 10:20:13 [INFO] ai_bulk_remix: [12/19] START -> Dall_And_Chawal_Part_1_Aidrama_AiStory_CartoonA.mp4
2026-07-06 10:20:18 [INFO] ai_bulk_remix: [10/19] DONE  Chai_And_Pakoora_Love_Story_Part_2_Aidrama_AiSto.mp4 (63.3s)
2026-07-06 10:20:18 [INFO] ai_bulk_remix: [13/19] START -> Diamond_Daughter_Part_1_Aidrama_AiStory_Cartoon.mp4
2026-07-06 10:21:09 [INFO] ai_bulk_remix: [13/19] DONE  Diamond_Daughter_Part_1_Aidrama_AiStory_Cartoon.mp4 (50.0s)
2026-07-06 10:21:09 [INFO] ai_bulk_remix: [14/19] START -> Donkey_Love_Story_Part_1_aidonkey_AiStory_AiDra.mp4
2026-07-06 10:21:10 [INFO] ai_bulk_remix: [12/19] DONE  Dall_And_Chawal_Part_1_Aidrama_AiStory_CartoonA.mp4 (56.9s)
2026-07-06 10:21:10 [INFO] ai_bulk_remix: [15/19] START -> Instagram_And_Facebook_Love_Story_Part_1_FaceBook.mp4
2026-07-06 10:22:00 [INFO] ai_bulk_remix: [15/19] DONE  Instagram_And_Facebook_Love_Story_Part_1_FaceBook.mp4 (49.5s)
2026-07-06 10:22:00 [INFO] ai_bulk_remix: [16/19] START -> Part-1_Aidrama_AiStory_CartoonAi_Trendingnow_.mp4
2026-07-06 10:22:53 [INFO] ai_bulk_remix: [14/19] DONE  Donkey_Love_Story_Part_1_aidonkey_AiStory_AiDra.mp4 (103.4s)
2026-07-06 10:22:53 [INFO] ai_bulk_remix: [17/19] START -> Sprite_Cheat_Fanta_Part_1_Aidrama_CartoonAi_Tre.mp4
2026-07-06 10:23:46 [INFO] ai_bulk_remix: [16/19] DONE  Part-1_Aidrama_AiStory_CartoonAi_Trendingnow_.mp4 (104.8s)
2026-07-06 10:23:46 [INFO] ai_bulk_remix: [18/19] START -> Sprite_Cheat_Fanta_Part_2_Aidrama_CartoonAi_Tre.mp4
2026-07-06 10:23:46 [INFO] ai_bulk_remix: [17/19] DONE  Sprite_Cheat_Fanta_Part_1_Aidrama_CartoonAi_Tre.mp4 (52.3s)
2026-07-06 10:23:46 [INFO] ai_bulk_remix: [19/19] START -> Stroberry_Part_1_Aidrama_AiStory_CartoonAi_Tre.mp4
2026-07-06 10:24:38 [INFO] ai_bulk_remix: [18/19] DONE  Sprite_Cheat_Fanta_Part_2_Aidrama_CartoonAi_Tre.mp4 (51.6s)
2026-07-06 10:24:38 [INFO] ai_bulk_remix: [19/19] DONE  Stroberry_Part_1_Aidrama_AiStory_CartoonAi_Tre.mp4 (51.7s)
2026-07-06 10:24:38 [INFO] ai_bulk_remix: ==================================================
2026-07-06 10:24:38 [INFO] ai_bulk_remix: BATCH PROCESSING COMPLETED
2026-07-06 10:24:38 [INFO] ai_bulk_remix: Successful: 19
2026-07-06 10:24:38 [INFO] ai_bulk_remix: Failed: 0
2026-07-06 10:24:38 [INFO] ai_bulk_remix: Skipped: 0
2026-07-06 10:24:38 [INFO] ai_bulk_remix: Total time: 603.9s
2026-07-06 10:24:38 [INFO] ai_bulk_remix: ==================================================
2026-07-06 10:27:10 [INFO] ai_bulk_remix: Application exiting with code 0
2026-07-07 18:08:26 [INFO] ai_bulk_remix: ==================================================
2026-07-07 18:08:26 [INFO] ai_bulk_remix: AI Bulk Remix Studio v1.0.0 starting...
2026-07-07 18:08:26 [INFO] ai_bulk_remix: Base directory: C:\Users\h\Downloads\workspace-019f358a-7782-773b-a288-b83757fb6bfc\ai-bulk-remix-studio
2026-07-07 18:08:26 [INFO] ai_bulk_remix: Python: 3.10.0 (tags/v3.10.0:b494f59, Oct  4 2021, 19:00:18) [MSC v.1929 64 bit (AMD64)]
2026-07-07 18:08:26 [INFO] ai_bulk_remix: Platform: win32
2026-07-07 18:08:26 [INFO] ai_bulk_remix: ==================================================
2026-07-07 18:08:49 [INFO] ai_bulk_remix: GPU encoders detected: h264_nvenc, hevc_nvenc, av1_nvenc, h264_qsv, hevc_qsv, h264_amf, hevc_amf
2026-07-07 18:08:49 [INFO] ai_bulk_remix: MainWindow initialized
2026-07-07 18:08:49 [INFO] ai_bulk_remix: MainWindow displayed successfully.
2026-07-07 18:08:49 [INFO] ai_bulk_remix: FFmpeg detected: version 8.1.2-full_build-www.gyan.dev
2026-07-07 18:09:16 [INFO] ai_bulk_remix: Scanned C:/Users/h/Downloads/20260704211210_Ai Fruits Aloo_batchs: 19 video(s) found
2026-07-07 18:09:16 [INFO] ai_bulk_remix: Scanned C:/Users/h/Downloads/20260704211210_Ai Fruits Aloo_batchs: 19 video(s) found
2026-07-07 18:10:56 [INFO] ai_bulk_remix: ==================================================
2026-07-07 18:10:56 [INFO] ai_bulk_remix: BATCH PROCESSING STARTED
2026-07-07 18:10:56 [INFO] ai_bulk_remix: Total files: 19
2026-07-07 18:10:56 [INFO] ai_bulk_remix: Output directory: C:/Users/h/Downloads/20260704211210_Ai Fruits Aloo_batchs/New folder
2026-07-07 18:10:56 [INFO] ai_bulk_remix: Workers: 8
2026-07-07 18:10:56 [INFO] ai_bulk_remix: Encoder: h264_nvenc
2026-07-07 18:10:56 [INFO] ai_bulk_remix: ==================================================
2026-07-07 18:10:56 [INFO] ai_bulk_remix: [1/19] START -> Aloo_And_Gobi_Part_1_Aidrama_AiStory_CartoonAi_.mp4
2026-07-07 18:10:56 [INFO] ai_bulk_remix: [2/19] START -> Aloo_Cheater_Part_1_Aidrama_AiStory_CartoonNetw.mp4
2026-07-07 18:10:56 [INFO] ai_bulk_remix: [3/19] START -> Aloo_Ki_Mehnat_Part_1_AlooStory_AiStory_FruitDr.mp4
2026-07-07 18:10:56 [INFO] ai_bulk_remix: [4/19] START -> Aloo_Ki_Mehnat_Part_2_AiStory_AiDrama_FruitDram.mp4
2026-07-07 18:10:56 [INFO] ai_bulk_remix: [5/19] START -> Aloo_Ki_Mihnat_Part_1_AiStory_AiDrama_SadStory_.mp4
2026-07-07 18:10:56 [INFO] ai_bulk_remix: [6/19] START -> Banana_Cheat_Wife_Part_1_Aidrama_AiStory_Cartoo.mp4
2026-07-07 18:10:56 [INFO] ai_bulk_remix: [7/19] START -> Banana_Cheat_Wife_Part_2_Aidrama_CartoonAi_AiSt.mp4
2026-07-07 18:10:56 [INFO] ai_bulk_remix: [8/19] START -> Biwi_k_Chal_part_1_Aidrama_AiStory_CartoonAi_T.mp4
2026-07-07 18:14:21 [INFO] ai_bulk_remix: [4/19] DONE  Aloo_Ki_Mehnat_Part_2_AiStory_AiDrama_FruitDram.mp4 (204.6s)
2026-07-07 18:14:24 [INFO] ai_bulk_remix: [9/19] START -> Chai_And_Pakoora_Love_Story_Part_1_Aidrama_AiSt.mp4
2026-07-07 18:15:18 [INFO] ai_bulk_remix: [6/19] DONE  Banana_Cheat_Wife_Part_1_Aidrama_AiStory_Cartoo.mp4 (261.3s)
2026-07-07 18:15:18 [INFO] ai_bulk_remix: [10/19] START -> Chai_And_Pakoora_Love_Story_Part_2_Aidrama_AiSto.mp4
2026-07-07 18:15:35 [INFO] ai_bulk_remix: [3/19] DONE  Aloo_Ki_Mehnat_Part_1_AlooStory_AiStory_FruitDr.mp4 (277.9s)
2026-07-07 18:15:35 [INFO] ai_bulk_remix: [11/19] START -> Chandi_Ki_Mumbati_Part_1_AiStory_AiDrama_FruitD.mp4
2026-07-07 18:15:37 [INFO] ai_bulk_remix: [1/19] DONE  Aloo_And_Gobi_Part_1_Aidrama_AiStory_CartoonAi_.mp4 (280.3s)
2026-07-07 18:15:37 [INFO] ai_bulk_remix: [12/19] START -> Dall_And_Chawal_Part_1_Aidrama_AiStory_CartoonA.mp4
2026-07-07 18:16:02 [INFO] ai_bulk_remix: [8/19] DONE  Biwi_k_Chal_part_1_Aidrama_AiStory_CartoonAi_T.mp4 (305.1s)
2026-07-07 18:16:02 [INFO] ai_bulk_remix: [13/19] START -> Diamond_Daughter_Part_1_Aidrama_AiStory_Cartoon.mp4
2026-07-07 18:16:02 [INFO] ai_bulk_remix: [7/19] DONE  Banana_Cheat_Wife_Part_2_Aidrama_CartoonAi_AiSt.mp4 (305.6s)
2026-07-07 18:16:02 [INFO] ai_bulk_remix: [14/19] START -> Donkey_Love_Story_Part_1_aidonkey_AiStory_AiDra.mp4
2026-07-07 18:16:05 [INFO] ai_bulk_remix: [2/19] DONE  Aloo_Cheater_Part_1_Aidrama_AiStory_CartoonNetw.mp4 (308.5s)
2026-07-07 18:16:05 [INFO] ai_bulk_remix: [15/19] START -> Instagram_And_Facebook_Love_Story_Part_1_FaceBook.mp4
2026-07-07 18:18:28 [INFO] ai_bulk_remix: [5/19] DONE  Aloo_Ki_Mihnat_Part_1_AiStory_AiDrama_SadStory_.mp4 (450.9s)
2026-07-07 18:18:28 [INFO] ai_bulk_remix: [16/19] START -> Part-1_Aidrama_AiStory_CartoonAi_Trendingnow_.mp4
2026-07-07 18:18:29 [INFO] ai_bulk_remix: [9/19] DONE  Chai_And_Pakoora_Love_Story_Part_1_Aidrama_AiSt.mp4 (240.2s)
2026-07-07 18:18:29 [INFO] ai_bulk_remix: [17/19] START -> Sprite_Cheat_Fanta_Part_1_Aidrama_CartoonAi_Tre.mp4
2026-07-07 18:19:37 [INFO] ai_bulk_remix: [12/19] DONE  Dall_And_Chawal_Part_1_Aidrama_AiStory_CartoonA.mp4 (236.1s)
2026-07-07 18:19:37 [INFO] ai_bulk_remix: [18/19] START -> Sprite_Cheat_Fanta_Part_2_Aidrama_CartoonAi_Tre.mp4
2026-07-07 18:19:57 [INFO] ai_bulk_remix: [13/19] DONE  Diamond_Daughter_Part_1_Aidrama_AiStory_Cartoon.mp4 (230.4s)
2026-07-07 18:19:57 [INFO] ai_bulk_remix: [19/19] START -> Stroberry_Part_1_Aidrama_AiStory_CartoonAi_Tre.mp4
2026-07-07 18:20:17 [INFO] ai_bulk_remix: [11/19] DONE  Chandi_Ki_Mumbati_Part_1_AiStory_AiDrama_FruitD.mp4 (277.3s)
2026-07-07 18:20:32 [INFO] ai_bulk_remix: [10/19] DONE  Chai_And_Pakoora_Love_Story_Part_2_Aidrama_AiSto.mp4 (309.8s)
2026-07-07 18:20:34 [INFO] ai_bulk_remix: [15/19] DONE  Instagram_And_Facebook_Love_Story_Part_1_FaceBook.mp4 (264.9s)
2026-07-07 18:22:28 [INFO] ai_bulk_remix: [17/19] DONE  Sprite_Cheat_Fanta_Part_1_Aidrama_CartoonAi_Tre.mp4 (234.7s)
2026-07-07 18:22:52 [INFO] ai_bulk_remix: [19/19] DONE  Stroberry_Part_1_Aidrama_AiStory_CartoonAi_Tre.mp4 (170.3s)
2026-07-07 18:22:53 [INFO] ai_bulk_remix: [18/19] DONE  Sprite_Cheat_Fanta_Part_2_Aidrama_CartoonAi_Tre.mp4 (189.6s)
2026-07-07 18:22:56 [INFO] ai_bulk_remix: [14/19] DONE  Donkey_Love_Story_Part_1_aidonkey_AiStory_AiDra.mp4 (409.9s)
2026-07-07 18:23:07 [INFO] ai_bulk_remix: [16/19] DONE  Part-1_Aidrama_AiStory_CartoonAi_Trendingnow_.mp4 (274.1s)
2026-07-07 18:23:07 [INFO] ai_bulk_remix: ==================================================
2026-07-07 18:23:07 [INFO] ai_bulk_remix: BATCH PROCESSING COMPLETED
2026-07-07 18:23:07 [INFO] ai_bulk_remix: Successful: 19
2026-07-07 18:23:07 [INFO] ai_bulk_remix: Failed: 0
2026-07-07 18:23:07 [INFO] ai_bulk_remix: Skipped: 0
2026-07-07 18:23:07 [INFO] ai_bulk_remix: Total time: 730.3s
2026-07-07 18:23:07 [INFO] ai_bulk_remix: ==================================================
2026-07-07 18:42:20 [INFO] ai_bulk_remix: Application exiting with code 0
2026-07-10 20:57:04 [INFO] ai_bulk_remix: ==================================================
2026-07-10 20:57:04 [INFO] ai_bulk_remix: AI Bulk Remix Studio v1.0.0 starting...
2026-07-10 20:57:04 [INFO] ai_bulk_remix: Base directory: C:\Users\h\Downloads\workspace-019f358a-7782-773b-a288-b83757fb6bfc\ai-bulk-remix-studio
2026-07-10 20:57:04 [INFO] ai_bulk_remix: Python: 3.10.0 (tags/v3.10.0:b494f59, Oct  4 2021, 19:00:18) [MSC v.1929 64 bit (AMD64)]
2026-07-10 20:57:04 [INFO] ai_bulk_remix: Platform: win32
2026-07-10 20:57:04 [INFO] ai_bulk_remix: ==================================================
2026-07-10 20:57:33 [INFO] ai_bulk_remix: GPU encoders detected: h264_nvenc, hevc_nvenc, av1_nvenc, h264_qsv, hevc_qsv, h264_amf, hevc_amf
2026-07-10 20:57:33 [INFO] ai_bulk_remix: MainWindow initialized
2026-07-10 20:57:33 [INFO] ai_bulk_remix: MainWindow displayed successfully.
2026-07-10 20:57:33 [INFO] ai_bulk_remix: FFmpeg detected: version 8.1.2-full_build-www.gyan.dev
2026-07-10 21:03:52 [INFO] ai_bulk_remix: Application exiting with code 0
2026-07-10 21:14:26 [INFO] ai_bulk_remix: ==================================================
2026-07-10 21:14:26 [INFO] ai_bulk_remix: AI Bulk Remix Studio v1.0.0 starting...
2026-07-10 21:14:26 [INFO] ai_bulk_remix: Base directory: C:\Users\h\Downloads\workspace-019f358a-7782-773b-a288-b83757fb6bfc\ai-bulk-remix-studio
2026-07-10 21:14:26 [INFO] ai_bulk_remix: Python: 3.10.0 (tags/v3.10.0:b494f59, Oct  4 2021, 19:00:18) [MSC v.1929 64 bit (AMD64)]
2026-07-10 21:14:26 [INFO] ai_bulk_remix: Platform: win32
2026-07-10 21:14:26 [INFO] ai_bulk_remix: ==================================================
2026-07-10 21:14:34 [INFO] ai_bulk_remix: GPU encoders detected: h264_nvenc, hevc_nvenc, av1_nvenc, h264_qsv, hevc_qsv, h264_amf, hevc_amf
2026-07-10 21:14:34 [INFO] ai_bulk_remix: MainWindow initialized
2026-07-10 21:14:34 [INFO] ai_bulk_remix: MainWindow displayed successfully.
2026-07-10 21:14:34 [INFO] ai_bulk_remix: FFmpeg detected: version 8.1.2-full_build-www.gyan.dev
2026-07-10 21:37:31 [INFO] ai_bulk_remix: Application exiting with code 0
2026-07-12 09:55:52 [INFO] ai_bulk_remix: ==================================================
2026-07-12 09:55:52 [INFO] ai_bulk_remix: AI Bulk Remix Studio v1.0.0 starting...
2026-07-12 09:55:52 [INFO] ai_bulk_remix: Base directory: C:\Users\h\Downloads\workspace-019f358a-7782-773b-a288-b83757fb6bfc\ai-bulk-remix-studio
2026-07-12 09:55:52 [INFO] ai_bulk_remix: Python: 3.10.0 (tags/v3.10.0:b494f59, Oct  4 2021, 19:00:18) [MSC v.1929 64 bit (AMD64)]
2026-07-12 09:55:52 [INFO] ai_bulk_remix: Platform: win32
2026-07-12 09:55:52 [INFO] ai_bulk_remix: ==================================================
2026-07-12 09:56:07 [INFO] ai_bulk_remix: GPU encoders detected: h264_nvenc, hevc_nvenc, av1_nvenc, h264_qsv, hevc_qsv, h264_amf, hevc_amf
2026-07-12 09:56:07 [INFO] ai_bulk_remix: MainWindow initialized
2026-07-12 09:56:07 [INFO] ai_bulk_remix: MainWindow displayed successfully.
2026-07-12 09:56:07 [INFO] ai_bulk_remix: FFmpeg detected: version 8.1.2-full_build-www.gyan.dev
2026-07-12 09:58:01 [INFO] ai_bulk_remix: Scanned C:/Users/h/Videos/guanbue_20260604_110310_reel_part03/guanbue/shuba: 20 video(s) found
2026-07-12 09:59:15 [INFO] ai_bulk_remix: ==================================================
2026-07-12 09:59:15 [INFO] ai_bulk_remix: BATCH PROCESSING STARTED
2026-07-12 09:59:15 [INFO] ai_bulk_remix: Total files: 20
2026-07-12 09:59:15 [INFO] ai_bulk_remix: Output directory: C:/Users/h/Videos/guanbue_20260604_110310_reel_part03/guanbue/shuba/shuba howa
2026-07-12 09:59:15 [INFO] ai_bulk_remix: Workers: 5
2026-07-12 09:59:15 [INFO] ai_bulk_remix: Encoder: h264_nvenc
2026-07-12 09:59:15 [INFO] ai_bulk_remix: ==================================================
2026-07-12 09:59:15 [INFO] ai_bulk_remix: [1/20] START -> guanbue_2024-04-30_C6ZSJCGRbO0.mp4
2026-07-12 09:59:15 [INFO] ai_bulk_remix: [2/20] START -> guanbue_2024-05-01_C6ZY8krxc91.mp4
2026-07-12 09:59:15 [INFO] ai_bulk_remix: [3/20] START -> guanbue_2024-05-01_C6ZYWNdRbqW.mp4
2026-07-12 09:59:15 [INFO] ai_bulk_remix: [4/20] START -> guanbue_2024-05-01_C6a6jGwxhuA.mp4
2026-07-12 09:59:15 [INFO] ai_bulk_remix: [5/20] START -> guanbue_2024-05-01_C6bGO4ORTDQ.mp4
2026-07-12 10:02:30 [INFO] ai_bulk_remix: [2/20] DONE  guanbue_2024-05-01_C6ZY8krxc91.mp4 (195.3s)
2026-07-12 10:02:30 [INFO] ai_bulk_remix: [6/20] START -> guanbue_2024-05-01_C6bGzeiRsAz.mp4
2026-07-12 10:03:00 [INFO] ai_bulk_remix: [3/20] DONE  guanbue_2024-05-01_C6ZYWNdRbqW.mp4 (225.3s)
2026-07-12 10:03:00 [INFO] ai_bulk_remix: [7/20] START -> guanbue_2024-05-01_C6bT9m-Ri8W.mp4
2026-07-12 10:03:42 [INFO] ai_bulk_remix: [1/20] DONE  guanbue_2024-04-30_C6ZSJCGRbO0.mp4 (266.9s)
2026-07-12 10:03:42 [INFO] ai_bulk_remix: [8/20] START -> guanbue_2024-05-01_C6bUkjvxkJs.mp4
2026-07-12 10:04:09 [INFO] ai_bulk_remix: [5/20] DONE  guanbue_2024-05-01_C6bGO4ORTDQ.mp4 (293.9s)
2026-07-12 10:04:10 [INFO] ai_bulk_remix: [9/20] START -> guanbue_2024-05-01_C6ba5-IxMMc.mp4
2026-07-12 10:04:42 [INFO] ai_bulk_remix: [4/20] DONE  guanbue_2024-05-01_C6a6jGwxhuA.mp4 (326.4s)
2026-07-12 10:04:42 [INFO] ai_bulk_remix: [10/20] START -> guanbue_2024-05-01_C6bbdYHR94l.mp4
2026-07-12 10:07:20 [INFO] ai_bulk_remix: [6/20] DONE  guanbue_2024-05-01_C6bGzeiRsAz.mp4 (288.0s)
2026-07-12 10:07:20 [INFO] ai_bulk_remix: [11/20] START -> guanbue_2024-05-01_C6bhwMjRMYG.mp4
2026-07-12 10:07:52 [INFO] ai_bulk_remix: [7/20] DONE  guanbue_2024-05-01_C6bT9m-Ri8W.mp4 (289.8s)
2026-07-12 10:07:52 [INFO] ai_bulk_remix: [12/20] START -> guanbue_2024-05-01_C6biTiERQsC.mp4
2026-07-12 10:08:04 [INFO] ai_bulk_remix: [9/20] DONE  guanbue_2024-05-01_C6ba5-IxMMc.mp4 (231.8s)
2026-07-12 10:08:04 [INFO] ai_bulk_remix: [13/20] START -> guanbue_2024-05-01_C6bvZ3MxHuq.mp4
2026-07-12 10:08:40 [INFO] ai_bulk_remix: [10/20] DONE  guanbue_2024-05-01_C6bbdYHR94l.mp4 (237.2s)
2026-07-12 10:08:40 [INFO] ai_bulk_remix: [14/20] START -> guanbue_2024-05-01_C6bv_lCxVcz.mp4
2026-07-12 10:09:00 [INFO] ai_bulk_remix: [8/20] DONE  guanbue_2024-05-01_C6bUkjvxkJs.mp4 (316.8s)
2026-07-12 10:09:00 [INFO] ai_bulk_remix: [15/20] START -> guanbue_2024-05-02_C6dfk-oxV1p.mp4
2026-07-12 10:11:08 [INFO] ai_bulk_remix: [11/20] DONE  guanbue_2024-05-01_C6bhwMjRMYG.mp4 (225.6s)
2026-07-12 10:11:08 [INFO] ai_bulk_remix: [16/20] START -> guanbue_2024-05-02_C6dg7Uox6t4.mp4
2026-07-12 10:12:24 [INFO] ai_bulk_remix: [12/20] DONE  guanbue_2024-05-01_C6biTiERQsC.mp4 (270.0s)
2026-07-12 10:12:24 [INFO] ai_bulk_remix: [17/20] START -> guanbue_2024-05-02_C6dg_hsRHv.mp4
2026-07-12 10:13:30 [INFO] ai_bulk_remix: [14/20] DONE  guanbue_2024-05-01_C6bv_lCxVcz.mp4 (288.1s)
2026-07-12 10:13:30 [INFO] ai_bulk_remix: [18/20] START -> guanbue_2024-05-02_C6dggGXRl2y.mp4
2026-07-12 10:13:31 [INFO] ai_bulk_remix: [13/20] DONE  guanbue_2024-05-01_C6bvZ3MxHuq.mp4 (325.6s)
2026-07-12 10:13:31 [INFO] ai_bulk_remix: [19/20] START -> guanbue_2024-05-02_C6dgkbfxcRC.mp4
2026-07-12 10:14:35 [INFO] ai_bulk_remix: [15/20] DONE  guanbue_2024-05-02_C6dfk-oxV1p.mp4 (332.8s)
2026-07-12 10:14:35 [INFO] ai_bulk_remix: [20/20] START -> guanbue_2024-05-02_C6dh_kjxVqU.mp4
2026-07-12 10:16:46 [INFO] ai_bulk_remix: [16/20] DONE  guanbue_2024-05-02_C6dg7Uox6t4.mp4 (335.0s)
2026-07-12 10:17:59 [INFO] ai_bulk_remix: [18/20] DONE  guanbue_2024-05-02_C6dggGXRl2y.mp4 (267.1s)
2026-07-12 10:18:16 [INFO] ai_bulk_remix: [17/20] DONE  guanbue_2024-05-02_C6dg_hsRHv.mp4 (349.5s)
2026-07-12 10:18:26 [INFO] ai_bulk_remix: [19/20] DONE  guanbue_2024-05-02_C6dgkbfxcRC.mp4 (292.4s)
2026-07-12 10:18:31 [INFO] ai_bulk_remix: [20/20] DONE  guanbue_2024-05-02_C6dh_kjxVqU.mp4 (232.7s)
2026-07-12 10:18:31 [INFO] ai_bulk_remix: ==================================================
2026-07-12 10:18:31 [INFO] ai_bulk_remix: BATCH PROCESSING COMPLETED
2026-07-12 10:18:31 [INFO] ai_bulk_remix: Successful: 20
2026-07-12 10:18:31 [INFO] ai_bulk_remix: Failed: 0
2026-07-12 10:18:31 [INFO] ai_bulk_remix: Skipped: 0
2026-07-12 10:18:31 [INFO] ai_bulk_remix: Total time: 1155.9s
2026-07-12 10:18:31 [INFO] ai_bulk_remix: ==================================================
2026-07-12 10:28:12 [INFO] ai_bulk_remix: Application exiting with code 0
2026-07-12 19:35:43 [INFO] ai_bulk_remix: ==================================================
2026-07-12 19:35:43 [INFO] ai_bulk_remix: AI Bulk Remix Studio v1.0.0 starting...
2026-07-12 19:35:43 [INFO] ai_bulk_remix: Base directory: C:\Users\h\Downloads\workspace-019f358a-7782-773b-a288-b83757fb6bfc\ai-bulk-remix-studio
2026-07-12 19:35:43 [INFO] ai_bulk_remix: Python: 3.10.0 (tags/v3.10.0:b494f59, Oct  4 2021, 19:00:18) [MSC v.1929 64 bit (AMD64)]
2026-07-12 19:35:43 [INFO] ai_bulk_remix: Platform: win32
2026-07-12 19:35:43 [INFO] ai_bulk_remix: ==================================================
2026-07-12 19:35:55 [INFO] ai_bulk_remix: GPU encoders detected: h264_nvenc, hevc_nvenc, av1_nvenc, h264_qsv, hevc_qsv, h264_amf, hevc_amf
2026-07-12 19:35:55 [INFO] ai_bulk_remix: MainWindow initialized
2026-07-12 19:35:56 [INFO] ai_bulk_remix: MainWindow displayed successfully.
2026-07-12 19:35:56 [INFO] ai_bulk_remix: FFmpeg detected: version 8.1.2-full_build-www.gyan.dev
2026-07-12 20:50:50 [INFO] ai_bulk_remix: Application exiting with code 0
2026-07-14 20:23:39 [INFO] ai_bulk_remix: ==================================================
2026-07-14 20:23:39 [INFO] ai_bulk_remix: AI Bulk Remix Studio v1.0.0 starting...
2026-07-14 20:23:39 [INFO] ai_bulk_remix: Base directory: C:\Users\h\Downloads\workspace-019f358a-7782-773b-a288-b83757fb6bfc\ai-bulk-remix-studio
2026-07-14 20:23:39 [INFO] ai_bulk_remix: Python: 3.10.0 (tags/v3.10.0:b494f59, Oct  4 2021, 19:00:18) [MSC v.1929 64 bit (AMD64)]
2026-07-14 20:23:39 [INFO] ai_bulk_remix: Platform: win32
2026-07-14 20:23:39 [INFO] ai_bulk_remix: ==================================================
2026-07-14 20:23:56 [INFO] ai_bulk_remix: GPU encoders detected: h264_nvenc, hevc_nvenc, av1_nvenc, h264_qsv, hevc_qsv, h264_amf, hevc_amf
2026-07-14 20:23:56 [INFO] ai_bulk_remix: MainWindow initialized
2026-07-14 20:23:57 [INFO] ai_bulk_remix: MainWindow displayed successfully.
2026-07-14 20:23:57 [INFO] ai_bulk_remix: FFmpeg detected: version 8.1.2-full_build-www.gyan.dev
2026-07-14 21:06:32 [INFO] ai_bulk_remix: Scanned C:/Users/h/Videos/guanbue_20260604_110310_reel_part03/guanbue/shuba: 36 video(s) found
2026-07-14 21:06:33 [INFO] ai_bulk_remix: Scanned C:/Users/h/Videos/guanbue_20260604_110310_reel_part03/guanbue/shuba: 36 video(s) found
2026-07-14 21:12:43 [INFO] ai_bulk_remix: ==================================================
2026-07-14 21:12:43 [INFO] ai_bulk_remix: BATCH PROCESSING STARTED
2026-07-14 21:12:43 [INFO] ai_bulk_remix: Total files: 36
2026-07-14 21:12:43 [INFO] ai_bulk_remix: Output directory: C:/Users/h/Videos/guanbue_20260604_110310_reel_part03/guanbue/shuba/youtube k lia
2026-07-14 21:12:43 [INFO] ai_bulk_remix: Workers: 6
2026-07-14 21:12:43 [INFO] ai_bulk_remix: Encoder: h264_nvenc
2026-07-14 21:12:43 [INFO] ai_bulk_remix: ==================================================
2026-07-14 21:12:43 [INFO] ai_bulk_remix: [1/36] START -> guanbue_2024-04-30_C6ZSJCGRbO0.mp4
2026-07-14 21:12:43 [INFO] ai_bulk_remix: [2/36] START -> guanbue_2024-05-01_C6ZY8krxc91.mp4
2026-07-14 21:12:43 [INFO] ai_bulk_remix: [3/36] START -> guanbue_2024-05-01_C6ZYWNdRbqW.mp4
2026-07-14 21:12:43 [INFO] ai_bulk_remix: [4/36] START -> guanbue_2024-05-01_C6a6jGwxhuA.mp4
2026-07-14 21:12:43 [INFO] ai_bulk_remix: [5/36] START -> guanbue_2024-05-01_C6bT9m-Ri8W.mp4
2026-07-14 21:12:43 [INFO] ai_bulk_remix: [6/36] START -> guanbue_2024-05-01_C6bUkjvxkJs.mp4
2026-07-14 21:12:47 [INFO] ai_bulk_remix: [2/36] FAIL  guanbue_2024-05-01_C6ZY8krxc91.mp4
2026-07-14 21:12:47 [INFO] ai_bulk_remix:   CMD: ffmpeg -y -i C:/Users/h/Videos/guanbue_20260604_110310_reel_part03/guanbue/shuba\guanbue_2024-05-01_C6ZY8krxc91.mp4 -vf format=yuv420p,hflip,colorbalance=rm=0.08:gm=0.04:bm=-0.08:rh=0.08:gh=0.04:bh=-0.08,eq=contrast=0.85,eq=brightness=0.150,eq=contrast=1.386,eq=saturation=1.288,setpts=0.8333*PTS,dra...
2026-07-14 21:12:47 [INFO] ai_bulk_remix:   ERR: Command: ffmpeg -y -i C:/Users/h/Videos/guanbue_20260604_110310_reel_part03/guanbue/shuba\guanbue_2024-05-01_C6ZY8krxc91.mp4 -vf "format=yuv420p,hflip,colorbalance=rm=0.08:gm=0.04:bm=-0.08:rh=0.08:gh=0.04:bh=-0.08,eq=contrast=0.85,eq=brightness=0.150,eq=contrast=1.386,eq=saturation=1.288,setpts=0.8333*PTS,drawtext=text='Slapstick':fontfile='C:/Windows/Fonts/arial.ttf':fontcolor=#ff5c8d@'0.70':fontsize=12:x=10:y=10" -af atempo=1.2000 -c:v h264_nvenc -preset fast -rc vbr -b:v 0 -b:v 5M -r 30 -c:a 
2026-07-14 21:12:47 [INFO] ai_bulk_remix: [7/36] START -> guanbue_2024-05-01_C6ba5-IxMMc.mp4
2026-07-14 21:12:47 [INFO] ai_bulk_remix: [6/36] FAIL  guanbue_2024-05-01_C6bUkjvxkJs.mp4
2026-07-14 21:12:47 [INFO] ai_bulk_remix:   CMD: ffmpeg -y -i C:/Users/h/Videos/guanbue_20260604_110310_reel_part03/guanbue/shuba\guanbue_2024-05-01_C6bUkjvxkJs.mp4 -vf format=yuv420p,hflip,colorbalance=rm=0.08:gm=0.04:bm=-0.08:rh=0.08:gh=0.04:bh=-0.08,eq=contrast=0.85,eq=brightness=0.031,eq=contrast=0.842,eq=saturation=1.320,setpts=0.8333*PTS,dra...
2026-07-14 21:12:47 [INFO] ai_bulk_remix:   ERR: Command: ffmpeg -y -i C:/Users/h/Videos/guanbue_20260604_110310_reel_part03/guanbue/shuba\guanbue_2024-05-01_C6bUkjvxkJs.mp4 -vf "format=yuv420p,hflip,colorbalance=rm=0.08:gm=0.04:bm=-0.08:rh=0.08:gh=0.04:bh=-0.08,eq=contrast=0.85,eq=brightness=0.031,eq=contrast=0.842,eq=saturation=1.320,setpts=0.8333*PTS,drawtext=text='Slapstick':fontfile='C:/Windows/Fonts/arial.ttf':fontcolor=#ff5c8d@'0.70':fontsize=12:x=10:y=10" -af atempo=1.2000 -c:v h264_nvenc -preset fast -rc vbr -b:v 0 -b:v 5M -r 30 -c:a 
2026-07-14 21:12:47 [INFO] ai_bulk_remix: [5/36] FAIL  guanbue_2024-05-01_C6bT9m-Ri8W.mp4
2026-07-14 21:12:47 [INFO] ai_bulk_remix:   CMD: ffmpeg -y -i C:/Users/h/Videos/guanbue_20260604_110310_reel_part03/guanbue/shuba\guanbue_2024-05-01_C6bT9m-Ri8W.mp4 -vf format=yuv420p,hflip,colorbalance=rm=0.08:gm=0.04:bm=-0.08:rh=0.08:gh=0.04:bh=-0.08,eq=contrast=0.85,eq=brightness=-0.109,eq=contrast=1.486,eq=saturation=1.073,setpts=0.8333*PTS,dr...
2026-07-14 21:12:47 [INFO] ai_bulk_remix:   ERR: Command: ffmpeg -y -i C:/Users/h/Videos/guanbue_20260604_110310_reel_part03/guanbue/shuba\guanbue_2024-05-01_C6bT9m-Ri8W.mp4 -vf "format=yuv420p,hflip,colorbalance=rm=0.08:gm=0.04:bm=-0.08:rh=0.08:gh=0.04:bh=-0.08,eq=contrast=0.85,eq=brightness=-0.109,eq=contrast=1.486,eq=saturation=1.073,setpts=0.8333*PTS,drawtext=text='Slapstick':fontfile='C:/Windows/Fonts/arial.ttf':fontcolor=#ff5c8d@'0.70':fontsize=12:x=10:y=10" -af atempo=1.2000 -c:v h264_nvenc -preset fast -rc vbr -b:v 0 -b:v 5M -r 30 -c:a
2026-07-14 21:12:47 [INFO] ai_bulk_remix: [8/36] START -> guanbue_2024-05-01_C6bbdYHR94l.mp4
2026-07-14 21:12:47 [INFO] ai_bulk_remix: [9/36] START -> guanbue_2024-05-01_C6bhwMjRMYG.mp4
2026-07-14 21:12:47 [INFO] ai_bulk_remix: [1/36] FAIL  guanbue_2024-04-30_C6ZSJCGRbO0.mp4
2026-07-14 21:12:47 [INFO] ai_bulk_remix:   CMD: ffmpeg -y -i C:/Users/h/Videos/guanbue_20260604_110310_reel_part03/guanbue/shuba\guanbue_2024-04-30_C6ZSJCGRbO0.mp4 -vf format=yuv420p,hflip,colorbalance=rm=0.08:gm=0.04:bm=-0.08:rh=0.08:gh=0.04:bh=-0.08,eq=contrast=0.85,eq=brightness=0.183,eq=contrast=1.385,eq=saturation=0.755,setpts=0.8333*PTS,dra...
2026-07-14 21:12:47 [INFO] ai_bulk_remix:   ERR: Command: ffmpeg -y -i C:/Users/h/Videos/guanbue_20260604_110310_reel_part03/guanbue/shuba\guanbue_2024-04-30_C6ZSJCGRbO0.mp4 -vf "format=yuv420p,hflip,colorbalance=rm=0.08:gm=0.04:bm=-0.08:rh=0.08:gh=0.04:bh=-0.08,eq=contrast=0.85,eq=brightness=0.183,eq=contrast=1.385,eq=saturation=0.755,setpts=0.8333*PTS,drawtext=text='Slapstick':fontfile='C:/Windows/Fonts/arial.ttf':fontcolor=#ff5c8d@'0.70':fontsize=12:x=10:y=10" -af atempo=1.2000 -c:v h264_nvenc -preset fast -rc vbr -b:v 0 -b:v 5M -r 30 -c:a 
2026-07-14 21:12:47 [INFO] ai_bulk_remix: [10/36] START -> guanbue_2024-05-01_C6biTiERQsC.mp4
2026-07-14 21:12:47 [INFO] ai_bulk_remix: [4/36] FAIL  guanbue_2024-05-01_C6a6jGwxhuA.mp4
2026-07-14 21:12:47 [INFO] ai_bulk_remix:   CMD: ffmpeg -y -i C:/Users/h/Videos/guanbue_20260604_110310_reel_part03/guanbue/shuba\guanbue_2024-05-01_C6a6jGwxhuA.mp4 -vf format=yuv420p,hflip,colorbalance=rm=0.08:gm=0.04:bm=-0.08:rh=0.08:gh=0.04:bh=-0.08,eq=contrast=0.85,eq=brightness=-0.192,eq=contrast=1.146,eq=saturation=0.740,setpts=0.8333*PTS,dr...
2026-07-14 21:12:47 [INFO] ai_bulk_remix:   ERR: Command: ffmpeg -y -i C:/Users/h/Videos/guanbue_20260604_110310_reel_part03/guanbue/shuba\guanbue_2024-05-01_C6a6jGwxhuA.mp4 -vf "format=yuv420p,hflip,colorbalance=rm=0.08:gm=0.04:bm=-0.08:rh=0.08:gh=0.04:bh=-0.08,eq=contrast=0.85,eq=brightness=-0.192,eq=contrast=1.146,eq=saturation=0.740,setpts=0.8333*PTS,drawtext=text='Slapstick':fontfile='C:/Windows/Fonts/arial.ttf':fontcolor=#ff5c8d@'0.70':fontsize=12:x=10:y=10" -af atempo=1.2000 -c:v h264_nvenc -preset fast -rc vbr -b:v 0 -b:v 5M -r 30 -c:a
2026-07-14 21:12:47 [INFO] ai_bulk_remix: [11/36] START -> guanbue_2024-05-01_C6bvZ3MxHuq.mp4
2026-07-14 21:12:47 [INFO] ai_bulk_remix: [3/36] FAIL  guanbue_2024-05-01_C6ZYWNdRbqW.mp4
2026-07-14 21:12:47 [INFO] ai_bulk_remix:   CMD: ffmpeg -y -i C:/Users/h/Videos/guanbue_20260604_110310_reel_part03/guanbue/shuba\guanbue_2024-05-01_C6ZYWNdRbqW.mp4 -vf format=yuv420p,hflip,colorbalance=rm=0.08:gm=0.04:bm=-0.08:rh=0.08:gh=0.04:bh=-0.08,eq=contrast=0.85,eq=brightness=-0.092,eq=contrast=1.351,eq=saturation=0.643,setpts=0.8333*PTS,dr...
2026-07-14 21:12:47 [INFO] ai_bulk_remix:   ERR: Command: ffmpeg -y -i C:/Users/h/Videos/guanbue_20260604_110310_reel_part03/guanbue/shuba\guanbue_2024-05-01_C6ZYWNdRbqW.mp4 -vf "format=yuv420p,hflip,colorbalance=rm=0.08:gm=0.04:bm=-0.08:rh=0.08:gh=0.04:bh=-0.08,eq=contrast=0.85,eq=brightness=-0.092,eq=contrast=1.351,eq=saturation=0.643,setpts=0.8333*PTS,drawtext=text='Slapstick':fontfile='C:/Windows/Fonts/arial.ttf':fontcolor=#ff5c8d@'0.70':fontsize=12:x=10:y=10" -af atempo=1.2000 -c:v h264_nvenc -preset fast -rc vbr -b:v 0 -b:v 5M -r 30 -c:a
2026-07-14 21:12:47 [INFO] ai_bulk_remix: [12/36] START -> guanbue_2024-05-01_C6bv_lCxVcz.mp4
2026-07-14 21:12:50 [INFO] ai_bulk_remix: [7/36] FAIL  guanbue_2024-05-01_C6ba5-IxMMc.mp4
2026-07-14 21:12:50 [INFO] ai_bulk_remix:   CMD: ffmpeg -y -i C:/Users/h/Videos/guanbue_20260604_110310_reel_part03/guanbue/shuba\guanbue_2024-05-01_C6ba5-IxMMc.mp4 -vf format=yuv420p,hflip,colorbalance=rm=0.08:gm=0.04:bm=-0.08:rh=0.08:gh=0.04:bh=-0.08,eq=contrast=0.85,eq=brightness=0.034,eq=contrast=1.268,eq=saturation=1.728,setpts=0.8333*PTS,dra...
2026-07-14 21:12:50 [INFO] ai_bulk_remix:   ERR: Command: ffmpeg -y -i C:/Users/h/Videos/guanbue_20260604_110310_reel_part03/guanbue/shuba\guanbue_2024-05-01_C6ba5-IxMMc.mp4 -vf "format=yuv420p,hflip,colorbalance=rm=0.08:gm=0.04:bm=-0.08:rh=0.08:gh=0.04:bh=-0.08,eq=contrast=0.85,eq=brightness=0.034,eq=contrast=1.268,eq=saturation=1.728,setpts=0.8333*PTS,drawtext=text='Slapstick':fontfile='C:/Windows/Fonts/arial.ttf':fontcolor=#ff5c8d@'0.70':fontsize=12:x=10:y=10" -af atempo=1.2000 -c:v h264_nvenc -preset fast -rc vbr -b:v 0 -b:v 5M -r 30 -c:a 
2026-07-14 21:12:50 [INFO] ai_bulk_remix: [13/36] START -> guanbue_2024-05-02_C6dfk-oxV1p.mp4
2026-07-14 21:12:50 [INFO] ai_bulk_remix: [8/36] FAIL  guanbue_2024-05-01_C6bbdYHR94l.mp4
2026-07-14 21:12:50 [INFO] ai_bulk_remix:   CMD: ffmpeg -y -i C:/Users/h/Videos/guanbue_20260604_110310_reel_part03/guanbue/shuba\guanbue_2024-05-01_C6bbdYHR94l.mp4 -vf format=yuv420p,hflip,colorbalance=rm=0.08:gm=0.04:bm=-0.08:rh=0.08:gh=0.04:bh=-0.08,eq=contrast=0.85,eq=brightness=0.051,eq=contrast=0.956,eq=saturation=1.311,setpts=0.8333*PTS,dra...
2026-07-14 21:12:50 [INFO] ai_bulk_remix:   ERR: Command: ffmpeg -y -i C:/Users/h/Videos/guanbue_20260604_110310_reel_part03/guanbue/shuba\guanbue_2024-05-01_C6bbdYHR94l.mp4 -vf "format=yuv420p,hflip,colorbalance=rm=0.08:gm=0.04:bm=-0.08:rh=0.08:gh=0.04:bh=-0.08,eq=contrast=0.85,eq=brightness=0.051,eq=contrast=0.956,eq=saturation=1.311,setpts=0.8333*PTS,drawtext=text='Slapstick':fontfile='C:/Windows/Fonts/arial.ttf':fontcolor=#ff5c8d@'0.70':fontsize=12:x=10:y=10" -af atempo=1.2000 -c:v h264_nvenc -preset fast -rc vbr -b:v 0 -b:v 5M -r 30 -c:a 
2026-07-14 21:12:50 [INFO] ai_bulk_remix: [14/36] START -> guanbue_2024-05-02_C6dg7Uox6t4.mp4
2026-07-14 21:12:50 [INFO] ai_bulk_remix: [12/36] FAIL  guanbue_2024-05-01_C6bv_lCxVcz.mp4
2026-07-14 21:12:50 [INFO] ai_bulk_remix:   CMD: ffmpeg -y -i C:/Users/h/Videos/guanbue_20260604_110310_reel_part03/guanbue/shuba\guanbue_2024-05-01_C6bv_lCxVcz.mp4 -vf format=yuv420p,hflip,colorbalance=rm=0.08:gm=0.04:bm=-0.08:rh=0.08:gh=0.04:bh=-0.08,eq=contrast=0.85,eq=brightness=-0.159,eq=contrast=1.255,eq=saturation=1.688,setpts=0.8333*PTS,dr...
2026-07-14 21:12:50 [INFO] ai_bulk_remix:   ERR: Command: ffmpeg -y -i C:/Users/h/Videos/guanbue_20260604_110310_reel_part03/guanbue/shuba\guanbue_2024-05-01_C6bv_lCxVcz.mp4 -vf "format=yuv420p,hflip,colorbalance=rm=0.08:gm=0.04:bm=-0.08:rh=0.08:gh=0.04:bh=-0.08,eq=contrast=0.85,eq=brightness=-0.159,eq=contrast=1.255,eq=saturation=1.688,setpts=0.8333*PTS,drawtext=text='Slapstick':fontfile='C:/Windows/Fonts/arial.ttf':fontcolor=#ff5c8d@'0.70':fontsize=12:x=10:y=10" -af atempo=1.2000 -c:v h264_nvenc -preset fast -rc vbr -b:v 0 -b:v 5M -r 30 -c:a
2026-07-14 21:12:50 [INFO] ai_bulk_remix: [15/36] START -> guanbue_2024-05-02_C6dg_hsRHv.mp4
2026-07-14 21:12:50 [INFO] ai_bulk_remix: [10/36] FAIL  guanbue_2024-05-01_C6biTiERQsC.mp4
2026-07-14 21:12:50 [INFO] ai_bulk_remix:   CMD: ffmpeg -y -i C:/Users/h/Videos/guanbue_20260604_110310_reel_part03/guanbue/shuba\guanbue_2024-05-01_C6biTiERQsC.mp4 -vf format=yuv420p,hflip,colorbalance=rm=0.08:gm=0.04:bm=-0.08:rh=0.08:gh=0.04:bh=-0.08,eq=contrast=0.85,eq=brightness=-0.197,eq=contrast=1.337,eq=saturation=0.654,setpts=0.8333*PTS,dr...
2026-07-14 21:12:50 [INFO] ai_bulk_remix:   ERR: Command: ffmpeg -y -i C:/Users/h/Videos/guanbue_20260604_110310_reel_part03/guanbue/shuba\guanbue_2024-05-01_C6biTiERQsC.mp4 -vf "format=yuv420p,hflip,colorbalance=rm=0.08:gm=0.04:bm=-0.08:rh=0.08:gh=0.04:bh=-0.08,eq=contrast=0.85,eq=brightness=-0.197,eq=contrast=1.337,eq=saturation=0.654,setpts=0.8333*PTS,drawtext=text='Slapstick':fontfile='C:/Windows/Fonts/arial.ttf':fontcolor=#ff5c8d@'0.70':fontsize=12:x=10:y=10" -af atempo=1.2000 -c:v h264_nvenc -preset fast -rc vbr -b:v 0 -b:v 5M -r 30 -c:a
2026-07-14 21:12:50 [INFO] ai_bulk_remix: [16/36] START -> guanbue_2024-05-02_C6dggGXRl2y.mp4
2026-07-14 21:12:50 [INFO] ai_bulk_remix: [9/36] FAIL  guanbue_2024-05-01_C6bhwMjRMYG.mp4
2026-07-14 21:12:50 [INFO] ai_bulk_remix:   CMD: ffmpeg -y -i C:/Users/h/Videos/guanbue_20260604_110310_reel_part03/guanbue/shuba\guanbue_2024-05-01_C6bhwMjRMYG.mp4 -vf format=yuv420p,hflip,colorbalance=rm=0.08:gm=0.04:bm=-0.08:rh=0.08:gh=0.04:bh=-0.08,eq=contrast=0.85,eq=brightness=0.051,eq=contrast=1.467,eq=saturation=1.416,setpts=0.8333*PTS,dra...
2026-07-14 21:12:50 [INFO] ai_bulk_remix:   ERR: Command: ffmpeg -y -i C:/Users/h/Videos/guanbue_20260604_110310_reel_part03/guanbue/shuba\guanbue_2024-05-01_C6bhwMjRMYG.mp4 -vf "format=yuv420p,hflip,colorbalance=rm=0.08:gm=0.04:bm=-0.08:rh=0.08:gh=0.04:bh=-0.08,eq=contrast=0.85,eq=brightness=0.051,eq=contrast=1.467,eq=saturation=1.416,setpts=0.8333*PTS,drawtext=text='Slapstick':fontfile='C:/Windows/Fonts/arial.ttf':fontcolor=#ff5c8d@'0.70':fontsize=12:x=10:y=10" -af atempo=1.2000 -c:v h264_nvenc -preset fast -rc vbr -b:v 0 -b:v 5M -r 30 -c:a 
2026-07-14 21:12:50 [INFO] ai_bulk_remix: [17/36] START -> guanbue_2024-05-02_C6dgkbfxcRC.mp4
2026-07-14 21:12:50 [INFO] ai_bulk_remix: [11/36] FAIL  guanbue_2024-05-01_C6bvZ3MxHuq.mp4
2026-07-14 21:12:50 [INFO] ai_bulk_remix:   CMD: ffmpeg -y -i C:/Users/h/Videos/guanbue_20260604_110310_reel_part03/guanbue/shuba\guanbue_2024-05-01_C6bvZ3MxHuq.mp4 -vf format=yuv420p,hflip,colorbalance=rm=0.08:gm=0.04:bm=-0.08:rh=0.08:gh=0.04:bh=-0.08,eq=contrast=0.85,eq=brightness=0.179,eq=contrast=1.499,eq=saturation=1.337,setpts=0.8333*PTS,dra...
2026-07-14 21:12:50 [INFO] ai_bulk_remix:   ERR: Command: ffmpeg -y -i C:/Users/h/Videos/guanbue_20260604_110310_reel_part03/guanbue/shuba\guanbue_2024-05-01_C6bvZ3MxHuq.mp4 -vf "format=yuv420p,hflip,colorbalance=rm=0.08:gm=0.04:bm=-0.08:rh=0.08:gh=0.04:bh=-0.08,eq=contrast=0.85,eq=brightness=0.179,eq=contrast=1.499,eq=saturation=1.337,setpts=0.8333*PTS,drawtext=text='Slapstick':fontfile='C:/Windows/Fonts/arial.ttf':fontcolor=#ff5c8d@'0.70':fontsize=12:x=10:y=10" -af atempo=1.2000 -c:v h264_nvenc -preset fast -rc vbr -b:v 0 -b:v 5M -r 30 -c:a 
2026-07-14 21:12:50 [INFO] ai_bulk_remix: [18/36] START -> guanbue_2024-05-02_C6dh1NJR5Xn.mp4
2026-07-14 21:12:54 [INFO] ai_bulk_remix: [13/36] FAIL  guanbue_2024-05-02_C6dfk-oxV1p.mp4
2026-07-14 21:12:54 [INFO] ai_bulk_remix:   CMD: ffmpeg -y -i C:/Users/h/Videos/guanbue_20260604_110310_reel_part03/guanbue/shuba\guanbue_2024-05-02_C6dfk-oxV1p.mp4 -vf format=yuv420p,hflip,colorbalance=rm=0.08:gm=0.04:bm=-0.08:rh=0.08:gh=0.04:bh=-0.08,eq=contrast=0.85,eq=brightness=0.176,eq=contrast=1.316,eq=saturation=0.927,setpts=0.8333*PTS,dra...
2026-07-14 21:12:54 [INFO] ai_bulk_remix:   ERR: Command: ffmpeg -y -i C:/Users/h/Videos/guanbue_20260604_110310_reel_part03/guanbue/shuba\guanbue_2024-05-02_C6dfk-oxV1p.mp4 -vf "format=yuv420p,hflip,colorbalance=rm=0.08:gm=0.04:bm=-0.08:rh=0.08:gh=0.04:bh=-0.08,eq=contrast=0.85,eq=brightness=0.176,eq=contrast=1.316,eq=saturation=0.927,setpts=0.8333*PTS,drawtext=text='Slapstick':fontfile='C:/Windows/Fonts/arial.ttf':fontcolor=#ff5c8d@'0.70':fontsize=12:x=10:y=10" -af atempo=1.2000 -c:v h264_nvenc -preset fast -rc vbr -b:v 0 -b:v 5M -r 30 -c:a 
2026-07-14 21:12:54 [INFO] ai_bulk_remix: [19/36] START -> guanbue_2024-05-02_C6dhKDTxJ0m.mp4
2026-07-14 21:12:54 [INFO] ai_bulk_remix: [16/36] FAIL  guanbue_2024-05-02_C6dggGXRl2y.mp4
2026-07-14 21:12:54 [INFO] ai_bulk_remix:   CMD: ffmpeg -y -i C:/Users/h/Videos/guanbue_20260604_110310_reel_part03/guanbue/shuba\guanbue_2024-05-02_C6dggGXRl2y.mp4 -vf format=yuv420p,hflip,colorbalance=rm=0.08:gm=0.04:bm=-0.08:rh=0.08:gh=0.04:bh=-0.08,eq=contrast=0.85,eq=brightness=0.171,eq=contrast=1.084,eq=saturation=0.874,setpts=0.8333*PTS,dra...
2026-07-14 21:12:54 [INFO] ai_bulk_remix:   ERR: Command: ffmpeg -y -i C:/Users/h/Videos/guanbue_20260604_110310_reel_part03/guanbue/shuba\guanbue_2024-05-02_C6dggGXRl2y.mp4 -vf "format=yuv420p,hflip,colorbalance=rm=0.08:gm=0.04:bm=-0.08:rh=0.08:gh=0.04:bh=-0.08,eq=contrast=0.85,eq=brightness=0.171,eq=contrast=1.084,eq=saturation=0.874,setpts=0.8333*PTS,drawtext=text='Slapstick':fontfile='C:/Windows/Fonts/arial.ttf':fontcolor=#ff5c8d@'0.70':fontsize=12:x=10:y=10" -af atempo=1.2000 -c:v h264_nvenc -preset fast -rc vbr -b:v 0 -b:v 5M -r 30 -c:a 
2026-07-14 21:12:54 [INFO] ai_bulk_remix: [20/36] START -> guanbue_2024-05-02_C6dhOYURmx5.mp4
2026-07-14 21:12:54 [INFO] ai_bulk_remix: [15/36] FAIL  guanbue_2024-05-02_C6dg_hsRHv.mp4
2026-07-14 21:12:54 [INFO] ai_bulk_remix:   CMD: ffmpeg -y -i C:/Users/h/Videos/guanbue_20260604_110310_reel_part03/guanbue/shuba\guanbue_2024-05-02_C6dg_hsRHv.mp4 -vf format=yuv420p,hflip,colorbalance=rm=0.08:gm=0.04:bm=-0.08:rh=0.08:gh=0.04:bh=-0.08,eq=contrast=0.85,eq=brightness=-0.127,eq=contrast=1.118,eq=saturation=0.920,setpts=0.8333*PTS,dra...
2026-07-14 21:12:54 [INFO] ai_bulk_remix:   ERR: Command: ffmpeg -y -i C:/Users/h/Videos/guanbue_20260604_110310_reel_part03/guanbue/shuba\guanbue_2024-05-02_C6dg_hsRHv.mp4 -vf "format=yuv420p,hflip,colorbalance=rm=0.08:gm=0.04:bm=-0.08:rh=0.08:gh=0.04:bh=-0.08,eq=contrast=0.85,eq=brightness=-0.127,eq=contrast=1.118,eq=saturation=0.920,setpts=0.8333*PTS,drawtext=text='Slapstick':fontfile='C:/Windows/Fonts/arial.ttf':fontcolor=#ff5c8d@'0.70':fontsize=12:x=10:y=10" -af atempo=1.2000 -c:v h264_nvenc -preset fast -rc vbr -b:v 0 -b:v 5M -r 30 -c:a 
2026-07-14 21:12:54 [INFO] ai_bulk_remix: [21/36] START -> guanbue_2024-05-02_C6dh_kjxVqU.mp4
2026-07-14 21:12:54 [INFO] ai_bulk_remix: [17/36] FAIL  guanbue_2024-05-02_C6dgkbfxcRC.mp4
2026-07-14 21:12:54 [INFO] ai_bulk_remix:   CMD: ffmpeg -y -i C:/Users/h/Videos/guanbue_20260604_110310_reel_part03/guanbue/shuba\guanbue_2024-05-02_C6dgkbfxcRC.mp4 -vf format=yuv420p,hflip,colorbalance=rm=0.08:gm=0.04:bm=-0.08:rh=0.08:gh=0.04:bh=-0.08,eq=contrast=0.85,eq=brightness=-0.038,eq=contrast=1.341,eq=saturation=1.361,setpts=0.8333*PTS,dr...
2026-07-14 21:12:54 [INFO] ai_bulk_remix:   ERR: Command: ffmpeg -y -i C:/Users/h/Videos/guanbue_20260604_110310_reel_part03/guanbue/shuba\guanbue_2024-05-02_C6dgkbfxcRC.mp4 -vf "format=yuv420p,hflip,colorbalance=rm=0.08:gm=0.04:bm=-0.08:rh=0.08:gh=0.04:bh=-0.08,eq=contrast=0.85,eq=brightness=-0.038,eq=contrast=1.341,eq=saturation=1.361,setpts=0.8333*PTS,drawtext=text='Slapstick':fontfile='C:/Windows/Fonts/arial.ttf':fontcolor=#ff5c8d@'0.70':fontsize=12:x=10:y=10" -af atempo=1.2000 -c:v h264_nvenc -preset fast -rc vbr -b:v 0 -b:v 5M -r 30 -c:a
2026-07-14 21:12:54 [INFO] ai_bulk_remix: [14/36] FAIL  guanbue_2024-05-02_C6dg7Uox6t4.mp4
2026-07-14 21:12:54 [INFO] ai_bulk_remix:   CMD: ffmpeg -y -i C:/Users/h/Videos/guanbue_20260604_110310_reel_part03/guanbue/shuba\guanbue_2024-05-02_C6dg7Uox6t4.mp4 -vf format=yuv420p,hflip,colorbalance=rm=0.08:gm=0.04:bm=-0.08:rh=0.08:gh=0.04:bh=-0.08,eq=contrast=0.85,eq=brightness=-0.105,eq=contrast=1.419,eq=saturation=1.766,setpts=0.8333*PTS,dr...
2026-07-14 21:12:54 [INFO] ai_bulk_remix:   ERR: Command: ffmpeg -y -i C:/Users/h/Videos/guanbue_20260604_110310_reel_part03/guanbue/shuba\guanbue_2024-05-02_C6dg7Uox6t4.mp4 -vf "format=yuv420p,hflip,colorbalance=rm=0.08:gm=0.04:bm=-0.08:rh=0.08:gh=0.04:bh=-0.08,eq=contrast=0.85,eq=brightness=-0.105,eq=contrast=1.419,eq=saturation=1.766,setpts=0.8333*PTS,drawtext=text='Slapstick':fontfile='C:/Windows/Fonts/arial.ttf':fontcolor=#ff5c8d@'0.70':fontsize=12:x=10:y=10" -af atempo=1.2000 -c:v h264_nvenc -preset fast -rc vbr -b:v 0 -b:v 5M -r 30 -c:a
2026-07-14 21:12:54 [INFO] ai_bulk_remix: [22/36] START -> guanbue_2024-05-02_C6diFY3x_rL.mp4
2026-07-14 21:12:54 [INFO] ai_bulk_remix: [23/36] START -> guanbue_2024-05-02_C6dihLXR66-.mp4
2026-07-14 21:12:54 [INFO] ai_bulk_remix: [18/36] FAIL  guanbue_2024-05-02_C6dh1NJR5Xn.mp4
2026-07-14 21:12:54 [INFO] ai_bulk_remix:   CMD: ffmpeg -y -i C:/Users/h/Videos/guanbue_20260604_110310_reel_part03/guanbue/shuba\guanbue_2024-05-02_C6dh1NJR5Xn.mp4 -vf format=yuv420p,hflip,colorbalance=rm=0.08:gm=0.04:bm=-0.08:rh=0.08:gh=0.04:bh=-0.08,eq=contrast=0.85,eq=brightness=0.024,eq=contrast=1.422,eq=saturation=1.685,setpts=0.8333*PTS,dra...
2026-07-14 21:12:54 [INFO] ai_bulk_remix:   ERR: Command: ffmpeg -y -i C:/Users/h/Videos/guanbue_20260604_110310_reel_part03/guanbue/shuba\guanbue_2024-05-02_C6dh1NJR5Xn.mp4 -vf "format=yuv420p,hflip,colorbalance=rm=0.08:gm=0.04:bm=-0.08:rh=0.08:gh=0.04:bh=-0.08,eq=contrast=0.85,eq=brightness=0.024,eq=contrast=1.422,eq=saturation=1.685,setpts=0.8333*PTS,drawtext=text='Slapstick':fontfile='C:/Windows/Fonts/arial.ttf':fontcolor=#ff5c8d@'0.70':fontsize=12:x=10:y=10" -af atempo=1.2000 -c:v h264_nvenc -preset fast -rc vbr -b:v 0 -b:v 5M -r 30 -c:a 
2026-07-14 21:12:54 [INFO] ai_bulk_remix: [24/36] START -> guanbue_2024-05-02_C6dilX7RtJ5.mp4
2026-07-14 21:12:58 [INFO] ai_bulk_remix: [19/36] FAIL  guanbue_2024-05-02_C6dhKDTxJ0m.mp4
2026-07-14 21:12:58 [INFO] ai_bulk_remix:   CMD: ffmpeg -y -i C:/Users/h/Videos/guanbue_20260604_110310_reel_part03/guanbue/shuba\guanbue_2024-05-02_C6dhKDTxJ0m.mp4 -vf format=yuv420p,hflip,colorbalance=rm=0.08:gm=0.04:bm=-0.08:rh=0.08:gh=0.04:bh=-0.08,eq=contrast=0.85,eq=brightness=0.006,eq=contrast=1.274,eq=saturation=1.698,setpts=0.8333*PTS,dra...
2026-07-14 21:12:58 [INFO] ai_bulk_remix:   ERR: Command: ffmpeg -y -i C:/Users/h/Videos/guanbue_20260604_110310_reel_part03/guanbue/shuba\guanbue_2024-05-02_C6dhKDTxJ0m.mp4 -vf "format=yuv420p,hflip,colorbalance=rm=0.08:gm=0.04:bm=-0.08:rh=0.08:gh=0.04:bh=-0.08,eq=contrast=0.85,eq=brightness=0.006,eq=contrast=1.274,eq=saturation=1.698,setpts=0.8333*PTS,drawtext=text='Slapstick':fontfile='C:/Windows/Fonts/arial.ttf':fontcolor=#ff5c8d@'0.70':fontsize=12:x=10:y=10" -af atempo=1.2000 -c:v h264_nvenc -preset fast -rc vbr -b:v 0 -b:v 5M -r 30 -c:a 
2026-07-14 21:12:58 [INFO] ai_bulk_remix: [25/36] START -> guanbue_2024-05-03_C6fp-idRj5W.mp4
2026-07-14 21:12:58 [INFO] ai_bulk_remix: [20/36] FAIL  guanbue_2024-05-02_C6dhOYURmx5.mp4
2026-07-14 21:12:58 [INFO] ai_bulk_remix:   CMD: ffmpeg -y -i C:/Users/h/Videos/guanbue_20260604_110310_reel_part03/guanbue/shuba\guanbue_2024-05-02_C6dhOYURmx5.mp4 -vf format=yuv420p,hflip,colorbalance=rm=0.08:gm=0.04:bm=-0.08:rh=0.08:gh=0.04:bh=-0.08,eq=contrast=0.85,eq=brightness=0.155,eq=contrast=0.836,eq=saturation=0.570,setpts=0.8333*PTS,dra...
2026-07-14 21:12:58 [INFO] ai_bulk_remix:   ERR: Command: ffmpeg -y -i C:/Users/h/Videos/guanbue_20260604_110310_reel_part03/guanbue/shuba\guanbue_2024-05-02_C6dhOYURmx5.mp4 -vf "format=yuv420p,hflip,colorbalance=rm=0.08:gm=0.04:bm=-0.08:rh=0.08:gh=0.04:bh=-0.08,eq=contrast=0.85,eq=brightness=0.155,eq=contrast=0.836,eq=saturation=0.570,setpts=0.8333*PTS,drawtext=text='Slapstick':fontfile='C:/Windows/Fonts/arial.ttf':fontcolor=#ff5c8d@'0.70':fontsize=12:x=10:y=10" -af atempo=1.2000 -c:v h264_nvenc -preset fast -rc vbr -b:v 0 -b:v 5M -r 30 -c:a 
2026-07-14 21:12:58 [INFO] ai_bulk_remix: [26/36] START -> guanbue_2024-05-03_C6fp1aARWeC.mp4
2026-07-14 21:12:58 [INFO] ai_bulk_remix: [23/36] FAIL  guanbue_2024-05-02_C6dihLXR66-.mp4
2026-07-14 21:12:58 [INFO] ai_bulk_remix:   CMD: ffmpeg -y -i C:/Users/h/Videos/guanbue_20260604_110310_reel_part03/guanbue/shuba\guanbue_2024-05-02_C6dihLXR66-.mp4 -vf format=yuv420p,hflip,colorbalance=rm=0.08:gm=0.04:bm=-0.08:rh=0.08:gh=0.04:bh=-0.08,eq=contrast=0.85,eq=brightness=-0.066,eq=contrast=1.112,eq=saturation=0.996,setpts=0.8333*PTS,dr...
2026-07-14 21:12:58 [INFO] ai_bulk_remix:   ERR: Command: ffmpeg -y -i C:/Users/h/Videos/guanbue_20260604_110310_reel_part03/guanbue/shuba\guanbue_2024-05-02_C6dihLXR66-.mp4 -vf "format=yuv420p,hflip,colorbalance=rm=0.08:gm=0.04:bm=-0.08:rh=0.08:gh=0.04:bh=-0.08,eq=contrast=0.85,eq=brightness=-0.066,eq=contrast=1.112,eq=saturation=0.996,setpts=0.8333*PTS,drawtext=text='Slapstick':fontfile='C:/Windows/Fonts/arial.ttf':fontcolor=#ff5c8d@'0.70':fontsize=12:x=10:y=10" -af atempo=1.2000 -c:v h264_nvenc -preset fast -rc vbr -b:v 0 -b:v 5M -r 30 -c:a
2026-07-14 21:12:58 [INFO] ai_bulk_remix: [27/36] START -> guanbue_2024-05-03_C6fqd8NR1PU.mp4
2026-07-14 21:12:58 [INFO] ai_bulk_remix: [24/36] FAIL  guanbue_2024-05-02_C6dilX7RtJ5.mp4
2026-07-14 21:12:58 [INFO] ai_bulk_remix:   CMD: ffmpeg -y -i C:/Users/h/Videos/guanbue_20260604_110310_reel_part03/guanbue/shuba\guanbue_2024-05-02_C6dilX7RtJ5.mp4 -vf format=yuv420p,hflip,colorbalance=rm=0.08:gm=0.04:bm=-0.08:rh=0.08:gh=0.04:bh=-0.08,eq=contrast=0.85,eq=brightness=0.151,eq=contrast=0.937,eq=saturation=0.944,setpts=0.8333*PTS,dra...
2026-07-14 21:12:58 [INFO] ai_bulk_remix:   ERR: Command: ffmpeg -y -i C:/Users/h/Videos/guanbue_20260604_110310_reel_part03/guanbue/shuba\guanbue_2024-05-02_C6dilX7RtJ5.mp4 -vf "format=yuv420p,hflip,colorbalance=rm=0.08:gm=0.04:bm=-0.08:rh=0.08:gh=0.04:bh=-0.08,eq=contrast=0.85,eq=brightness=0.151,eq=contrast=0.937,eq=saturation=0.944,setpts=0.8333*PTS,drawtext=text='Slapstick':fontfile='C:/Windows/Fonts/arial.ttf':fontcolor=#ff5c8d@'0.70':fontsize=12:x=10:y=10" -af atempo=1.2000 -c:v h264_nvenc -preset fast -rc vbr -b:v 0 -b:v 5M -r 30 -c:a 
2026-07-14 21:12:58 [INFO] ai_bulk_remix: [28/36] START -> guanbue_2024-05-03_C6ghAGmxwQ.mp4
2026-07-14 21:12:58 [INFO] ai_bulk_remix: [21/36] FAIL  guanbue_2024-05-02_C6dh_kjxVqU.mp4
2026-07-14 21:12:58 [INFO] ai_bulk_remix:   CMD: ffmpeg -y -i C:/Users/h/Videos/guanbue_20260604_110310_reel_part03/guanbue/shuba\guanbue_2024-05-02_C6dh_kjxVqU.mp4 -vf format=yuv420p,hflip,colorbalance=rm=0.08:gm=0.04:bm=-0.08:rh=0.08:gh=0.04:bh=-0.08,eq=contrast=0.85,eq=brightness=0.005,eq=contrast=0.951,eq=saturation=0.810,setpts=0.8333*PTS,dra...
2026-07-14 21:12:58 [INFO] ai_bulk_remix:   ERR: Command: ffmpeg -y -i C:/Users/h/Videos/guanbue_20260604_110310_reel_part03/guanbue/shuba\guanbue_2024-05-02_C6dh_kjxVqU.mp4 -vf "format=yuv420p,hflip,colorbalance=rm=0.08:gm=0.04:bm=-0.08:rh=0.08:gh=0.04:bh=-0.08,eq=contrast=0.85,eq=brightness=0.005,eq=contrast=0.951,eq=saturation=0.810,setpts=0.8333*PTS,drawtext=text='Slapstick':fontfile='C:/Windows/Fonts/arial.ttf':fontcolor=#ff5c8d@'0.70':fontsize=12:x=10:y=10" -af atempo=1.2000 -c:v h264_nvenc -preset fast -rc vbr -b:v 0 -b:v 5M -r 30 -c:a 
2026-07-14 21:12:58 [INFO] ai_bulk_remix: [29/36] START -> guanbue_2024-05-03_C6ghFz7xMOV.mp4
2026-07-14 21:12:58 [INFO] ai_bulk_remix: [22/36] FAIL  guanbue_2024-05-02_C6diFY3x_rL.mp4
2026-07-14 21:12:58 [INFO] ai_bulk_remix:   CMD: ffmpeg -y -i C:/Users/h/Videos/guanbue_20260604_110310_reel_part03/guanbue/shuba\guanbue_2024-05-02_C6diFY3x_rL.mp4 -vf format=yuv420p,hflip,colorbalance=rm=0.08:gm=0.04:bm=-0.08:rh=0.08:gh=0.04:bh=-0.08,eq=contrast=0.85,eq=brightness=0.142,eq=contrast=1.372,eq=saturation=1.709,setpts=0.8333*PTS,dra...
2026-07-14 21:12:58 [INFO] ai_bulk_remix:   ERR: Command: ffmpeg -y -i C:/Users/h/Videos/guanbue_20260604_110310_reel_part03/guanbue/shuba\guanbue_2024-05-02_C6diFY3x_rL.mp4 -vf "format=yuv420p,hflip,colorbalance=rm=0.08:gm=0.04:bm=-0.08:rh=0.08:gh=0.04:bh=-0.08,eq=contrast=0.85,eq=brightness=0.142,eq=contrast=1.372,eq=saturation=1.709,setpts=0.8333*PTS,drawtext=text='Slapstick':fontfile='C:/Windows/Fonts/arial.ttf':fontcolor=#ff5c8d@'0.70':fontsize=12:x=10:y=10" -af atempo=1.2000 -c:v h264_nvenc -preset fast -rc vbr -b:v 0 -b:v 5M -r 30 -c:a 
2026-07-14 21:12:58 [INFO] ai_bulk_remix: [30/36] START -> guanbue_2024-05-03_C6gy0cDRM3t.mp4
2026-07-14 21:13:01 [INFO] ai_bulk_remix: [25/36] FAIL  guanbue_2024-05-03_C6fp-idRj5W.mp4
2026-07-14 21:13:01 [INFO] ai_bulk_remix:   CMD: ffmpeg -y -i C:/Users/h/Videos/guanbue_20260604_110310_reel_part03/guanbue/shuba\guanbue_2024-05-03_C6fp-idRj5W.mp4 -vf format=yuv420p,hflip,colorbalance=rm=0.08:gm=0.04:bm=-0.08:rh=0.08:gh=0.04:bh=-0.08,eq=contrast=0.85,eq=brightness=-0.016,eq=contrast=1.273,eq=saturation=1.021,setpts=0.8333*PTS,dr...
2026-07-14 21:13:01 [INFO] ai_bulk_remix:   ERR: Command: ffmpeg -y -i C:/Users/h/Videos/guanbue_20260604_110310_reel_part03/guanbue/shuba\guanbue_2024-05-03_C6fp-idRj5W.mp4 -vf "format=yuv420p,hflip,colorbalance=rm=0.08:gm=0.04:bm=-0.08:rh=0.08:gh=0.04:bh=-0.08,eq=contrast=0.85,eq=brightness=-0.016,eq=contrast=1.273,eq=saturation=1.021,setpts=0.8333*PTS,drawtext=text='Slapstick':fontfile='C:/Windows/Fonts/arial.ttf':fontcolor=#ff5c8d@'0.70':fontsize=12:x=10:y=10" -af atempo=1.2000 -c:v h264_nvenc -preset fast -rc vbr -b:v 0 -b:v 5M -r 30 -c:a
2026-07-14 21:13:01 [INFO] ai_bulk_remix: [31/36] START -> guanbue_2024-05-03_C6gys9-RNyy.mp4
2026-07-14 21:13:01 [INFO] ai_bulk_remix: [26/36] FAIL  guanbue_2024-05-03_C6fp1aARWeC.mp4
2026-07-14 21:13:01 [INFO] ai_bulk_remix:   CMD: ffmpeg -y -i C:/Users/h/Videos/guanbue_20260604_110310_reel_part03/guanbue/shuba\guanbue_2024-05-03_C6fp1aARWeC.mp4 -vf format=yuv420p,hflip,colorbalance=rm=0.08:gm=0.04:bm=-0.08:rh=0.08:gh=0.04:bh=-0.08,eq=contrast=0.85,eq=brightness=0.055,eq=contrast=1.307,eq=saturation=0.515,setpts=0.8333*PTS,dra...
2026-07-14 21:13:01 [INFO] ai_bulk_remix:   ERR: Command: ffmpeg -y -i C:/Users/h/Videos/guanbue_20260604_110310_reel_part03/guanbue/shuba\guanbue_2024-05-03_C6fp1aARWeC.mp4 -vf "format=yuv420p,hflip,colorbalance=rm=0.08:gm=0.04:bm=-0.08:rh=0.08:gh=0.04:bh=-0.08,eq=contrast=0.85,eq=brightness=0.055,eq=contrast=1.307,eq=saturation=0.515,setpts=0.8333*PTS,drawtext=text='Slapstick':fontfile='C:/Windows/Fonts/arial.ttf':fontcolor=#ff5c8d@'0.70':fontsize=12:x=10:y=10" -af atempo=1.2000 -c:v h264_nvenc -preset fast -rc vbr -b:v 0 -b:v 5M -r 30 -c:a 
2026-07-14 21:13:01 [INFO] ai_bulk_remix: [32/36] START -> guanbue_2024-05-03_C6gz79jxWJJ.mp4
2026-07-14 21:13:01 [INFO] ai_bulk_remix: [27/36] FAIL  guanbue_2024-05-03_C6fqd8NR1PU.mp4
2026-07-14 21:13:01 [INFO] ai_bulk_remix:   CMD: ffmpeg -y -i C:/Users/h/Videos/guanbue_20260604_110310_reel_part03/guanbue/shuba\guanbue_2024-05-03_C6fqd8NR1PU.mp4 -vf format=yuv420p,hflip,colorbalance=rm=0.08:gm=0.04:bm=-0.08:rh=0.08:gh=0.04:bh=-0.08,eq=contrast=0.85,eq=brightness=0.043,eq=contrast=0.826,eq=saturation=1.564,setpts=0.8333*PTS,dra...
2026-07-14 21:13:01 [INFO] ai_bulk_remix:   ERR: Command: ffmpeg -y -i C:/Users/h/Videos/guanbue_20260604_110310_reel_part03/guanbue/shuba\guanbue_2024-05-03_C6fqd8NR1PU.mp4 -vf "format=yuv420p,hflip,colorbalance=rm=0.08:gm=0.04:bm=-0.08:rh=0.08:gh=0.04:bh=-0.08,eq=contrast=0.85,eq=brightness=0.043,eq=contrast=0.826,eq=saturation=1.564,setpts=0.8333*PTS,drawtext=text='Slapstick':fontfile='C:/Windows/Fonts/arial.ttf':fontcolor=#ff5c8d@'0.70':fontsize=12:x=10:y=10" -af atempo=1.2000 -c:v h264_nvenc -preset fast -rc vbr -b:v 0 -b:v 5M -r 30 -c:a 
2026-07-14 21:13:01 [INFO] ai_bulk_remix: [33/36] START -> guanbue_2024-05-04_C6jF2ggRZBM.mp4
2026-07-14 21:13:01 [INFO] ai_bulk_remix: [30/36] FAIL  guanbue_2024-05-03_C6gy0cDRM3t.mp4
2026-07-14 21:13:01 [INFO] ai_bulk_remix:   CMD: ffmpeg -y -i C:/Users/h/Videos/guanbue_20260604_110310_reel_part03/guanbue/shuba\guanbue_2024-05-03_C6gy0cDRM3t.mp4 -vf format=yuv420p,hflip,colorbalance=rm=0.08:gm=0.04:bm=-0.08:rh=0.08:gh=0.04:bh=-0.08,eq=contrast=0.85,eq=brightness=0.078,eq=contrast=1.406,eq=saturation=1.442,setpts=0.8333*PTS,dra...
2026-07-14 21:13:01 [INFO] ai_bulk_remix:   ERR: Command: ffmpeg -y -i C:/Users/h/Videos/guanbue_20260604_110310_reel_part03/guanbue/shuba\guanbue_2024-05-03_C6gy0cDRM3t.mp4 -vf "format=yuv420p,hflip,colorbalance=rm=0.08:gm=0.04:bm=-0.08:rh=0.08:gh=0.04:bh=-0.08,eq=contrast=0.85,eq=brightness=0.078,eq=contrast=1.406,eq=saturation=1.442,setpts=0.8333*PTS,drawtext=text='Slapstick':fontfile='C:/Windows/Fonts/arial.ttf':fontcolor=#ff5c8d@'0.70':fontsize=12:x=10:y=10" -af atempo=1.2000 -c:v h264_nvenc -preset fast -rc vbr -b:v 0 -b:v 5M -r 30 -c:a 
2026-07-14 21:13:01 [INFO] ai_bulk_remix: [28/36] FAIL  guanbue_2024-05-03_C6ghAGmxwQ.mp4
2026-07-14 21:13:01 [INFO] ai_bulk_remix:   CMD: ffmpeg -y -i C:/Users/h/Videos/guanbue_20260604_110310_reel_part03/guanbue/shuba\guanbue_2024-05-03_C6ghAGmxwQ.mp4 -vf format=yuv420p,hflip,colorbalance=rm=0.08:gm=0.04:bm=-0.08:rh=0.08:gh=0.04:bh=-0.08,eq=contrast=0.85,eq=brightness=-0.119,eq=contrast=0.941,eq=saturation=1.524,setpts=0.8333*PTS,dra...
2026-07-14 21:13:01 [INFO] ai_bulk_remix:   ERR: Command: ffmpeg -y -i C:/Users/h/Videos/guanbue_20260604_110310_reel_part03/guanbue/shuba\guanbue_2024-05-03_C6ghAGmxwQ.mp4 -vf "format=yuv420p,hflip,colorbalance=rm=0.08:gm=0.04:bm=-0.08:rh=0.08:gh=0.04:bh=-0.08,eq=contrast=0.85,eq=brightness=-0.119,eq=contrast=0.941,eq=saturation=1.524,setpts=0.8333*PTS,drawtext=text='Slapstick':fontfile='C:/Windows/Fonts/arial.ttf':fontcolor=#ff5c8d@'0.70':fontsize=12:x=10:y=10" -af atempo=1.2000 -c:v h264_nvenc -preset fast -rc vbr -b:v 0 -b:v 5M -r 30 -c:a 
2026-07-14 21:13:01 [INFO] ai_bulk_remix: [34/36] START -> guanbue_2024-05-04_C6jGFyxR9IB.mp4
2026-07-14 21:13:01 [INFO] ai_bulk_remix: [35/36] START -> guanbue_2024-05-04_C6jGKEaxdT7.mp4
2026-07-14 21:13:01 [INFO] ai_bulk_remix: [29/36] FAIL  guanbue_2024-05-03_C6ghFz7xMOV.mp4
2026-07-14 21:13:01 [INFO] ai_bulk_remix:   CMD: ffmpeg -y -i C:/Users/h/Videos/guanbue_20260604_110310_reel_part03/guanbue/shuba\guanbue_2024-05-03_C6ghFz7xMOV.mp4 -vf format=yuv420p,hflip,colorbalance=rm=0.08:gm=0.04:bm=-0.08:rh=0.08:gh=0.04:bh=-0.08,eq=contrast=0.85,eq=brightness=0.009,eq=contrast=0.818,eq=saturation=0.704,setpts=0.8333*PTS,dra...
2026-07-14 21:13:01 [INFO] ai_bulk_remix:   ERR: Command: ffmpeg -y -i C:/Users/h/Videos/guanbue_20260604_110310_reel_part03/guanbue/shuba\guanbue_2024-05-03_C6ghFz7xMOV.mp4 -vf "format=yuv420p,hflip,colorbalance=rm=0.08:gm=0.04:bm=-0.08:rh=0.08:gh=0.04:bh=-0.08,eq=contrast=0.85,eq=brightness=0.009,eq=contrast=0.818,eq=saturation=0.704,setpts=0.8333*PTS,drawtext=text='Slapstick':fontfile='C:/Windows/Fonts/arial.ttf':fontcolor=#ff5c8d@'0.70':fontsize=12:x=10:y=10" -af atempo=1.2000 -c:v h264_nvenc -preset fast -rc vbr -b:v 0 -b:v 5M -r 30 -c:a 
2026-07-14 21:13:01 [INFO] ai_bulk_remix: [36/36] START -> guanbue_2024-05-04_C6jd0O3xXan.mp4
2026-07-14 21:13:05 [INFO] ai_bulk_remix: [31/36] FAIL  guanbue_2024-05-03_C6gys9-RNyy.mp4
2026-07-14 21:13:05 [INFO] ai_bulk_remix:   CMD: ffmpeg -y -i C:/Users/h/Videos/guanbue_20260604_110310_reel_part03/guanbue/shuba\guanbue_2024-05-03_C6gys9-RNyy.mp4 -vf format=yuv420p,hflip,colorbalance=rm=0.08:gm=0.04:bm=-0.08:rh=0.08:gh=0.04:bh=-0.08,eq=contrast=0.85,eq=brightness=-0.080,eq=contrast=0.886,eq=saturation=1.536,setpts=0.8333*PTS,dr...
2026-07-14 21:13:05 [INFO] ai_bulk_remix:   ERR: Command: ffmpeg -y -i C:/Users/h/Videos/guanbue_20260604_110310_reel_part03/guanbue/shuba\guanbue_2024-05-03_C6gys9-RNyy.mp4 -vf "format=yuv420p,hflip,colorbalance=rm=0.08:gm=0.04:bm=-0.08:rh=0.08:gh=0.04:bh=-0.08,eq=contrast=0.85,eq=brightness=-0.080,eq=contrast=0.886,eq=saturation=1.536,setpts=0.8333*PTS,drawtext=text='Slapstick':fontfile='C:/Windows/Fonts/arial.ttf':fontcolor=#ff5c8d@'0.70':fontsize=12:x=10:y=10" -af atempo=1.2000 -c:v h264_nvenc -preset fast -rc vbr -b:v 0 -b:v 5M -r 30 -c:a
2026-07-14 21:13:05 [INFO] ai_bulk_remix: [32/36] FAIL  guanbue_2024-05-03_C6gz79jxWJJ.mp4
2026-07-14 21:13:05 [INFO] ai_bulk_remix:   CMD: ffmpeg -y -i C:/Users/h/Videos/guanbue_20260604_110310_reel_part03/guanbue/shuba\guanbue_2024-05-03_C6gz79jxWJJ.mp4 -vf format=yuv420p,hflip,colorbalance=rm=0.08:gm=0.04:bm=-0.08:rh=0.08:gh=0.04:bh=-0.08,eq=contrast=0.85,eq=brightness=0.109,eq=contrast=1.407,eq=saturation=1.340,setpts=0.8333*PTS,dra...
2026-07-14 21:13:05 [INFO] ai_bulk_remix:   ERR: Command: ffmpeg -y -i C:/Users/h/Videos/guanbue_20260604_110310_reel_part03/guanbue/shuba\guanbue_2024-05-03_C6gz79jxWJJ.mp4 -vf "format=yuv420p,hflip,colorbalance=rm=0.08:gm=0.04:bm=-0.08:rh=0.08:gh=0.04:bh=-0.08,eq=contrast=0.85,eq=brightness=0.109,eq=contrast=1.407,eq=saturation=1.340,setpts=0.8333*PTS,drawtext=text='Slapstick':fontfile='C:/Windows/Fonts/arial.ttf':fontcolor=#ff5c8d@'0.70':fontsize=12:x=10:y=10" -af atempo=1.2000 -c:v h264_nvenc -preset fast -rc vbr -b:v 0 -b:v 5M -r 30 -c:a 
2026-07-14 21:13:05 [INFO] ai_bulk_remix: [33/36] FAIL  guanbue_2024-05-04_C6jF2ggRZBM.mp4
2026-07-14 21:13:05 [INFO] ai_bulk_remix:   CMD: ffmpeg -y -i C:/Users/h/Videos/guanbue_20260604_110310_reel_part03/guanbue/shuba\guanbue_2024-05-04_C6jF2ggRZBM.mp4 -vf format=yuv420p,hflip,colorbalance=rm=0.08:gm=0.04:bm=-0.08:rh=0.08:gh=0.04:bh=-0.08,eq=contrast=0.85,eq=brightness=-0.060,eq=contrast=1.479,eq=saturation=1.456,setpts=0.8333*PTS,dr...
2026-07-14 21:13:05 [INFO] ai_bulk_remix:   ERR: Command: ffmpeg -y -i C:/Users/h/Videos/guanbue_20260604_110310_reel_part03/guanbue/shuba\guanbue_2024-05-04_C6jF2ggRZBM.mp4 -vf "format=yuv420p,hflip,colorbalance=rm=0.08:gm=0.04:bm=-0.08:rh=0.08:gh=0.04:bh=-0.08,eq=contrast=0.85,eq=brightness=-0.060,eq=contrast=1.479,eq=saturation=1.456,setpts=0.8333*PTS,drawtext=text='Slapstick':fontfile='C:/Windows/Fonts/arial.ttf':fontcolor=#ff5c8d@'0.70':fontsize=12:x=10:y=10" -af atempo=1.2000 -c:v h264_nvenc -preset fast -rc vbr -b:v 0 -b:v 5M -r 30 -c:a
2026-07-14 21:13:05 [INFO] ai_bulk_remix: [35/36] FAIL  guanbue_2024-05-04_C6jGKEaxdT7.mp4
2026-07-14 21:13:05 [INFO] ai_bulk_remix:   CMD: ffmpeg -y -i C:/Users/h/Videos/guanbue_20260604_110310_reel_part03/guanbue/shuba\guanbue_2024-05-04_C6jGKEaxdT7.mp4 -vf format=yuv420p,hflip,colorbalance=rm=0.08:gm=0.04:bm=-0.08:rh=0.08:gh=0.04:bh=-0.08,eq=contrast=0.85,eq=brightness=-0.163,eq=contrast=0.954,eq=saturation=0.789,setpts=0.8333*PTS,dr...
2026-07-14 21:13:05 [INFO] ai_bulk_remix:   ERR: Command: ffmpeg -y -i C:/Users/h/Videos/guanbue_20260604_110310_reel_part03/guanbue/shuba\guanbue_2024-05-04_C6jGKEaxdT7.mp4 -vf "format=yuv420p,hflip,colorbalance=rm=0.08:gm=0.04:bm=-0.08:rh=0.08:gh=0.04:bh=-0.08,eq=contrast=0.85,eq=brightness=-0.163,eq=contrast=0.954,eq=saturation=0.789,setpts=0.8333*PTS,drawtext=text='Slapstick':fontfile='C:/Windows/Fonts/arial.ttf':fontcolor=#ff5c8d@'0.70':fontsize=12:x=10:y=10" -af atempo=1.2000 -c:v h264_nvenc -preset fast -rc vbr -b:v 0 -b:v 5M -r 30 -c:a
2026-07-14 21:13:05 [INFO] ai_bulk_remix: [34/36] FAIL  guanbue_2024-05-04_C6jGFyxR9IB.mp4
2026-07-14 21:13:05 [INFO] ai_bulk_remix:   CMD: ffmpeg -y -i C:/Users/h/Videos/guanbue_20260604_110310_reel_part03/guanbue/shuba\guanbue_2024-05-04_C6jGFyxR9IB.mp4 -vf format=yuv420p,hflip,colorbalance=rm=0.08:gm=0.04:bm=-0.08:rh=0.08:gh=0.04:bh=-0.08,eq=contrast=0.85,eq=brightness=-0.044,eq=contrast=0.882,eq=saturation=1.409,setpts=0.8333*PTS,dr...
2026-07-14 21:13:05 [INFO] ai_bulk_remix:   ERR: Command: ffmpeg -y -i C:/Users/h/Videos/guanbue_20260604_110310_reel_part03/guanbue/shuba\guanbue_2024-05-04_C6jGFyxR9IB.mp4 -vf "format=yuv420p,hflip,colorbalance=rm=0.08:gm=0.04:bm=-0.08:rh=0.08:gh=0.04:bh=-0.08,eq=contrast=0.85,eq=brightness=-0.044,eq=contrast=0.882,eq=saturation=1.409,setpts=0.8333*PTS,drawtext=text='Slapstick':fontfile='C:/Windows/Fonts/arial.ttf':fontcolor=#ff5c8d@'0.70':fontsize=12:x=10:y=10" -af atempo=1.2000 -c:v h264_nvenc -preset fast -rc vbr -b:v 0 -b:v 5M -r 30 -c:a
2026-07-14 21:13:05 [INFO] ai_bulk_remix: [36/36] FAIL  guanbue_2024-05-04_C6jd0O3xXan.mp4
2026-07-14 21:13:05 [INFO] ai_bulk_remix:   CMD: ffmpeg -y -i C:/Users/h/Videos/guanbue_20260604_110310_reel_part03/guanbue/shuba\guanbue_2024-05-04_C6jd0O3xXan.mp4 -vf format=yuv420p,hflip,colorbalance=rm=0.08:gm=0.04:bm=-0.08:rh=0.08:gh=0.04:bh=-0.08,eq=contrast=0.85,eq=brightness=-0.161,eq=contrast=0.951,eq=saturation=1.528,setpts=0.8333*PTS,dr...
2026-07-14 21:13:05 [INFO] ai_bulk_remix:   ERR: Command: ffmpeg -y -i C:/Users/h/Videos/guanbue_20260604_110310_reel_part03/guanbue/shuba\guanbue_2024-05-04_C6jd0O3xXan.mp4 -vf "format=yuv420p,hflip,colorbalance=rm=0.08:gm=0.04:bm=-0.08:rh=0.08:gh=0.04:bh=-0.08,eq=contrast=0.85,eq=brightness=-0.161,eq=contrast=0.951,eq=saturation=1.528,setpts=0.8333*PTS,drawtext=text='Slapstick':fontfile='C:/Windows/Fonts/arial.ttf':fontcolor=#ff5c8d@'0.70':fontsize=12:x=10:y=10" -af atempo=1.2000 -c:v h264_nvenc -preset fast -rc vbr -b:v 0 -b:v 5M -r 30 -c:a
2026-07-14 21:13:05 [INFO] ai_bulk_remix: ==================================================
2026-07-14 21:13:05 [INFO] ai_bulk_remix: BATCH PROCESSING COMPLETED
2026-07-14 21:13:05 [INFO] ai_bulk_remix: Successful: 0
2026-07-14 21:13:05 [INFO] ai_bulk_remix: Failed: 36
2026-07-14 21:13:05 [INFO] ai_bulk_remix: Skipped: 0
2026-07-14 21:13:05 [INFO] ai_bulk_remix: Total time: 22.3s
2026-07-14 21:13:05 [INFO] ai_bulk_remix: Failed: guanbue_2024-04-30_C6ZSJCGRbO0.mp4, guanbue_2024-05-01_C6ZY8krxc91.mp4, guanbue_2024-05-01_C6ZYWNdRbqW.mp4, guanbue_2024-05-01_C6a6jGwxhuA.mp4, guanbue_2024-05-01_C6bT9m-Ri8W.mp4, guanbue_2024-05-01_C6bUkjvxkJs.mp4, guanbue_2024-05-01_C6ba5-IxMMc.mp4, guanbue_2024-05-01_C6bbdYHR94l.mp4, guanbue_2024-05-01_C6bhwMjRMYG.mp4, guanbue_2024-05-01_C6biTiERQsC.mp4, guanbue_2024-05-01_C6bvZ3MxHuq.mp4, guanbue_2024-05-01_C6bv_lCxVcz.mp4, guanbue_2024-05-02_C6dfk-oxV1p.mp4, guanbue_2024-05-02_C6dg7Uox6t4.mp4, guanbue_2024-05-02_C6dg_hsRHv.mp4, guanbue_2024-05-02_C6dggGXRl2y.mp4, guanbue_2024-05-02_C6dgkbfxcRC.mp4, guanbue_2024-05-02_C6dh1NJR5Xn.mp4, guanbue_2024-05-02_C6dhKDTxJ0m.mp4, guanbue_2024-05-02_C6dhOYURmx5.mp4, guanbue_2024-05-02_C6dh_kjxVqU.mp4, guanbue_2024-05-02_C6diFY3x_rL.mp4, guanbue_2024-05-02_C6dihLXR66-.mp4, guanbue_2024-05-02_C6dilX7RtJ5.mp4, guanbue_2024-05-03_C6fp-idRj5W.mp4, guanbue_2024-05-03_C6fp1aARWeC.mp4, guanbue_2024-05-03_C6fqd8NR1PU.mp4, guanbue_2024-05-03_C6ghAGmxwQ.mp4, guanbue_2024-05-03_C6ghFz7xMOV.mp4, guanbue_2024-05-03_C6gy0cDRM3t.mp4, guanbue_2024-05-03_C6gys9-RNyy.mp4, guanbue_2024-05-03_C6gz79jxWJJ.mp4, guanbue_2024-05-04_C6jF2ggRZBM.mp4, guanbue_2024-05-04_C6jGFyxR9IB.mp4, guanbue_2024-05-04_C6jGKEaxdT7.mp4, guanbue_2024-05-04_C6jd0O3xXan.mp4
2026-07-14 21:13:05 [INFO] ai_bulk_remix: ==================================================
2026-07-14 21:19:38 [INFO] ai_bulk_remix: ==================================================
2026-07-14 21:19:38 [INFO] ai_bulk_remix: BATCH PROCESSING STARTED
2026-07-14 21:19:38 [INFO] ai_bulk_remix: Total files: 36
2026-07-14 21:19:38 [INFO] ai_bulk_remix: Output directory: C:/Users/h/Videos/guanbue_20260604_110310_reel_part03/guanbue/shuba/youtube k lia
2026-07-14 21:19:38 [INFO] ai_bulk_remix: Workers: 5
2026-07-14 21:19:38 [INFO] ai_bulk_remix: Encoder: h264_nvenc
2026-07-14 21:19:38 [INFO] ai_bulk_remix: ==================================================
2026-07-14 21:19:38 [INFO] ai_bulk_remix: [1/36] START -> guanbue_2024-04-30_C6ZSJCGRbO0.mp4
2026-07-14 21:19:38 [INFO] ai_bulk_remix: [2/36] START -> guanbue_2024-05-01_C6ZY8krxc91.mp4
2026-07-14 21:19:38 [INFO] ai_bulk_remix: [3/36] START -> guanbue_2024-05-01_C6ZYWNdRbqW.mp4
2026-07-14 21:19:38 [INFO] ai_bulk_remix: [4/36] START -> guanbue_2024-05-01_C6a6jGwxhuA.mp4
2026-07-14 21:19:38 [INFO] ai_bulk_remix: [5/36] START -> guanbue_2024-05-01_C6bT9m-Ri8W.mp4
2026-07-14 21:22:18 [INFO] ai_bulk_remix: [2/36] DONE  guanbue_2024-05-01_C6ZY8krxc91.mp4 (159.8s)
2026-07-14 21:22:18 [INFO] ai_bulk_remix: [6/36] START -> guanbue_2024-05-01_C6bUkjvxkJs.mp4
2026-07-14 21:22:32 [INFO] ai_bulk_remix: [3/36] DONE  guanbue_2024-05-01_C6ZYWNdRbqW.mp4 (174.3s)
2026-07-14 21:22:32 [INFO] ai_bulk_remix: [7/36] START -> guanbue_2024-05-01_C6ba5-IxMMc.mp4
2026-07-14 21:23:43 [INFO] ai_bulk_remix: [1/36] DONE  guanbue_2024-04-30_C6ZSJCGRbO0.mp4 (244.7s)
2026-07-14 21:23:43 [INFO] ai_bulk_remix: [8/36] START -> guanbue_2024-05-01_C6bbdYHR94l.mp4
2026-07-14 21:24:24 [INFO] ai_bulk_remix: [5/36] DONE  guanbue_2024-05-01_C6bT9m-Ri8W.mp4 (285.6s)
2026-07-14 21:24:24 [INFO] ai_bulk_remix: [9/36] START -> guanbue_2024-05-01_C6bhwMjRMYG.mp4
2026-07-14 21:24:29 [INFO] ai_bulk_remix: [4/36] DONE  guanbue_2024-05-01_C6a6jGwxhuA.mp4 (290.8s)
2026-07-14 21:24:29 [INFO] ai_bulk_remix: [10/36] START -> guanbue_2024-05-01_C6biTiERQsC.mp4
2026-07-14 21:25:33 [INFO] ai_bulk_remix: [7/36] DONE  guanbue_2024-05-01_C6ba5-IxMMc.mp4 (174.3s)
2026-07-14 21:25:33 [INFO] ai_bulk_remix: [11/36] START -> guanbue_2024-05-01_C6bvZ3MxHuq.mp4
2026-07-14 21:27:42 [INFO] ai_bulk_remix: [6/36] DONE  guanbue_2024-05-01_C6bUkjvxkJs.mp4 (318.3s)
2026-07-14 21:27:42 [INFO] ai_bulk_remix: [12/36] START -> guanbue_2024-05-01_C6bv_lCxVcz.mp4
2026-07-14 21:28:30 [INFO] ai_bulk_remix: [8/36] DONE  guanbue_2024-05-01_C6bbdYHR94l.mp4 (281.0s)
2026-07-14 21:28:30 [INFO] ai_bulk_remix: [13/36] START -> guanbue_2024-05-02_C6dfk-oxV1p.mp4
2026-07-14 21:29:14 [INFO] ai_bulk_remix: [9/36] DONE  guanbue_2024-05-01_C6bhwMjRMYG.mp4 (283.6s)
2026-07-14 21:29:14 [INFO] ai_bulk_remix: [14/36] START -> guanbue_2024-05-02_C6dg7Uox6t4.mp4
2026-07-14 21:29:36 [INFO] ai_bulk_remix: [10/36] DONE  guanbue_2024-05-01_C6biTiERQsC.mp4 (300.8s)
2026-07-14 21:29:36 [INFO] ai_bulk_remix: [15/36] START -> guanbue_2024-05-02_C6dg_hsRHv.mp4
2026-07-14 21:30:32 [INFO] ai_bulk_remix: [11/36] DONE  guanbue_2024-05-01_C6bvZ3MxHuq.mp4 (297.8s)
2026-07-14 21:30:32 [INFO] ai_bulk_remix: [16/36] START -> guanbue_2024-05-02_C6dggGXRl2y.mp4
2026-07-14 21:31:57 [INFO] ai_bulk_remix: [12/36] DONE  guanbue_2024-05-01_C6bv_lCxVcz.mp4 (252.9s)
2026-07-14 21:31:57 [INFO] ai_bulk_remix: [17/36] START -> guanbue_2024-05-02_C6dgkbfxcRC.mp4
2026-07-14 21:33:51 [INFO] ai_bulk_remix: [13/36] DONE  guanbue_2024-05-02_C6dfk-oxV1p.mp4 (319.0s)
2026-07-14 21:33:51 [INFO] ai_bulk_remix: [18/36] START -> guanbue_2024-05-02_C6dh1NJR5Xn.mp4
2026-07-14 21:34:55 [INFO] ai_bulk_remix: [14/36] DONE  guanbue_2024-05-02_C6dg7Uox6t4.mp4 (338.4s)
2026-07-14 21:34:55 [INFO] ai_bulk_remix: [19/36] START -> guanbue_2024-05-02_C6dhKDTxJ0m.mp4
2026-07-14 21:35:10 [INFO] ai_bulk_remix: [16/36] DONE  guanbue_2024-05-02_C6dggGXRl2y.mp4 (275.9s)
2026-07-14 21:35:10 [INFO] ai_bulk_remix: [20/36] START -> guanbue_2024-05-02_C6dhOYURmx5.mp4
2026-07-14 21:35:20 [INFO] ai_bulk_remix: [15/36] DONE  guanbue_2024-05-02_C6dg_hsRHv.mp4 (341.7s)
2026-07-14 21:35:20 [INFO] ai_bulk_remix: [21/36] START -> guanbue_2024-05-02_C6dh_kjxVqU.mp4
2026-07-14 21:36:02 [INFO] ai_bulk_remix: [17/36] DONE  guanbue_2024-05-02_C6dgkbfxcRC.mp4 (239.0s)
2026-07-14 21:36:02 [INFO] ai_bulk_remix: [22/36] START -> guanbue_2024-05-02_C6diFY3x_rL.mp4
2026-07-15 08:12:50 [INFO] ai_bulk_remix: [19/36] DONE  guanbue_2024-05-02_C6dhKDTxJ0m.mp4 (38270.2s)
2026-07-15 08:12:50 [INFO] ai_bulk_remix: [23/36] START -> guanbue_2024-05-02_C6dihLXR66-.mp4
2026-07-15 08:13:43 [INFO] ai_bulk_remix: [18/36] DONE  guanbue_2024-05-02_C6dh1NJR5Xn.mp4 (38385.7s)
2026-07-15 08:13:43 [INFO] ai_bulk_remix: [24/36] START -> guanbue_2024-05-02_C6dilX7RtJ5.mp4
2026-07-15 08:15:48 [INFO] ai_bulk_remix: [21/36] DONE  guanbue_2024-05-02_C6dh_kjxVqU.mp4 (38422.3s)
2026-07-15 08:15:48 [INFO] ai_bulk_remix: [25/36] START -> guanbue_2024-05-03_C6fp-idRj5W.mp4
2026-07-15 08:16:32 [INFO] ai_bulk_remix: [22/36] DONE  guanbue_2024-05-02_C6diFY3x_rL.mp4 (38425.3s)
2026-07-15 08:16:32 [INFO] ai_bulk_remix: [26/36] START -> guanbue_2024-05-03_C6fp1aARWeC.mp4
2026-07-15 08:16:49 [INFO] ai_bulk_remix: [20/36] DONE  guanbue_2024-05-02_C6dhOYURmx5.mp4 (38491.6s)
2026-07-15 08:16:49 [INFO] ai_bulk_remix: [27/36] START -> guanbue_2024-05-03_C6fqd8NR1PU.mp4
2026-07-15 08:18:43 [INFO] ai_bulk_remix: [23/36] DONE  guanbue_2024-05-02_C6dihLXR66-.mp4 (350.1s)
2026-07-15 08:18:43 [INFO] ai_bulk_remix: [28/36] START -> guanbue_2024-05-03_C6ghAGmxwQ.mp4
2026-07-15 08:18:53 [INFO] ai_bulk_remix: [24/36] DONE  guanbue_2024-05-02_C6dilX7RtJ5.mp4 (306.6s)
2026-07-15 08:18:53 [INFO] ai_bulk_remix: [29/36] START -> guanbue_2024-05-03_C6ghFz7xMOV.mp4
2026-07-15 08:21:28 [INFO] ai_bulk_remix: [27/36] DONE  guanbue_2024-05-03_C6fqd8NR1PU.mp4 (276.3s)
2026-07-15 08:21:28 [INFO] ai_bulk_remix: [30/36] START -> guanbue_2024-05-03_C6gy0cDRM3t.mp4
2026-07-15 08:21:41 [INFO] ai_bulk_remix: [25/36] DONE  guanbue_2024-05-03_C6fp-idRj5W.mp4 (350.9s)
2026-07-15 08:21:41 [INFO] ai_bulk_remix: [31/36] START -> guanbue_2024-05-03_C6gys9-RNyy.mp4
2026-07-15 08:22:35 [INFO] ai_bulk_remix: [26/36] DONE  guanbue_2024-05-03_C6fp1aARWeC.mp4 (361.0s)
2026-07-15 08:22:35 [INFO] ai_bulk_remix: [32/36] START -> guanbue_2024-05-03_C6gz79jxWJJ.mp4
2026-07-15 08:24:28 [INFO] ai_bulk_remix: [28/36] DONE  guanbue_2024-05-03_C6ghAGmxwQ.mp4 (342.6s)
2026-07-15 08:24:29 [INFO] ai_bulk_remix: [33/36] START -> guanbue_2024-05-04_C6jF2ggRZBM.mp4
2026-07-15 08:24:34 [INFO] ai_bulk_remix: [29/36] DONE  guanbue_2024-05-03_C6ghFz7xMOV.mp4 (339.3s)
2026-07-15 08:24:34 [INFO] ai_bulk_remix: [34/36] START -> guanbue_2024-05-04_C6jGFyxR9IB.mp4
2026-07-15 08:26:12 [INFO] ai_bulk_remix: [32/36] DONE  guanbue_2024-05-03_C6gz79jxWJJ.mp4 (215.2s)
2026-07-15 08:26:12 [INFO] ai_bulk_remix: [35/36] START -> guanbue_2024-05-04_C6jGKEaxdT7.mp4
2026-07-15 08:26:50 [INFO] ai_bulk_remix: [30/36] DONE  guanbue_2024-05-03_C6gy0cDRM3t.mp4 (320.0s)
2026-07-15 08:26:50 [INFO] ai_bulk_remix: [36/36] START -> guanbue_2024-05-04_C6jd0O3xXan.mp4
2026-07-15 08:27:06 [INFO] ai_bulk_remix: [31/36] DONE  guanbue_2024-05-03_C6gys9-RNyy.mp4 (322.9s)
2026-07-15 08:28:08 [INFO] ai_bulk_remix: [33/36] DONE  guanbue_2024-05-04_C6jF2ggRZBM.mp4 (217.8s)
2026-07-15 08:28:58 [INFO] ai_bulk_remix: [34/36] DONE  guanbue_2024-05-04_C6jGFyxR9IB.mp4 (261.7s)
2026-07-15 08:29:29 [INFO] ai_bulk_remix: [36/36] DONE  guanbue_2024-05-04_C6jd0O3xXan.mp4 (156.5s)
2026-07-15 08:29:36 [INFO] ai_bulk_remix: [35/36] DONE  guanbue_2024-05-04_C6jGKEaxdT7.mp4 (201.5s)
2026-07-15 08:29:36 [INFO] ai_bulk_remix: ==================================================
2026-07-15 08:29:36 [INFO] ai_bulk_remix: BATCH PROCESSING COMPLETED
2026-07-15 08:29:36 [INFO] ai_bulk_remix: Successful: 36
2026-07-15 08:29:36 [INFO] ai_bulk_remix: Failed: 0
2026-07-15 08:29:36 [INFO] ai_bulk_remix: Skipped: 0
2026-07-15 08:29:36 [INFO] ai_bulk_remix: Total time: 40198.3s
2026-07-15 08:29:36 [INFO] ai_bulk_remix: ==================================================
2026-07-15 08:39:43 [INFO] ai_bulk_remix: Application exiting with code 0
2026-07-19 12:18:12 [INFO] ai_bulk_remix: ==================================================
2026-07-19 12:18:12 [INFO] ai_bulk_remix: AI Bulk Remix Studio v1.0.0 starting...
2026-07-19 12:18:12 [INFO] ai_bulk_remix: Base directory: C:\Users\h\Downloads\workspace-019f358a-7782-773b-a288-b83757fb6bfc\ai-bulk-remix-studio
2026-07-19 12:18:12 [INFO] ai_bulk_remix: Python: 3.10.0 (tags/v3.10.0:b494f59, Oct  4 2021, 19:00:18) [MSC v.1929 64 bit (AMD64)]
2026-07-19 12:18:12 [INFO] ai_bulk_remix: Platform: win32
2026-07-19 12:18:12 [INFO] ai_bulk_remix: ==================================================
2026-07-19 12:18:46 [INFO] ai_bulk_remix: GPU encoders detected: h264_nvenc, hevc_nvenc, av1_nvenc, h264_qsv, hevc_qsv, h264_amf, hevc_amf
2026-07-19 12:18:46 [INFO] ai_bulk_remix: MainWindow initialized
2026-07-19 12:18:46 [INFO] ai_bulk_remix: MainWindow displayed successfully.
2026-07-19 12:18:46 [INFO] ai_bulk_remix: FFmpeg detected: version 8.1.2-full_build-www.gyan.dev
2026-07-19 12:19:37 [INFO] ai_bulk_remix: Scanned C:/Users/h/Videos/know_healthy: 64 video(s) found
2026-07-19 12:20:49 [INFO] ai_bulk_remix: ==================================================
2026-07-19 12:20:49 [INFO] ai_bulk_remix: BATCH PROCESSING STARTED
2026-07-19 12:20:49 [INFO] ai_bulk_remix: Total files: 64
2026-07-19 12:20:49 [INFO] ai_bulk_remix: Output directory: C:/Users/h/Videos/know_healthy/New folder
2026-07-19 12:20:49 [INFO] ai_bulk_remix: Workers: 5
2026-07-19 12:20:49 [INFO] ai_bulk_remix: Encoder: h264_nvenc
2026-07-19 12:20:49 [INFO] ai_bulk_remix: ==================================================
2026-07-19 12:20:49 [INFO] ai_bulk_remix: [1/64] START -> DZ-b5I4s4Mn.mp4
2026-07-19 12:20:49 [INFO] ai_bulk_remix: [2/64] START -> DZ45fSiOoGM.mp4
2026-07-19 12:20:49 [INFO] ai_bulk_remix: [3/64] START -> DZ7mt0yuJDj.mp4
2026-07-19 12:20:49 [INFO] ai_bulk_remix: [4/64] START -> DaAt64CsTkV.mp4
2026-07-19 12:20:49 [INFO] ai_bulk_remix: [5/64] START -> DaDfxlKRbM2.mp4
2026-07-19 12:22:36 [INFO] ai_bulk_remix: [1/64] DONE  DZ-b5I4s4Mn.mp4 (105.3s)
2026-07-19 12:22:36 [INFO] ai_bulk_remix: [6/64] START -> DaGILm4u0Br.mp4
2026-07-19 12:22:40 [INFO] ai_bulk_remix: [5/64] DONE  DaDfxlKRbM2.mp4 (109.8s)
2026-07-19 12:22:40 [INFO] ai_bulk_remix: [7/64] START -> DaKBT8MxqyG.mp4
2026-07-19 12:22:50 [INFO] ai_bulk_remix: [3/64] DONE  DZ7mt0yuJDj.mp4 (119.2s)
2026-07-19 12:22:50 [INFO] ai_bulk_remix: [8/64] START -> DaM9AuaPBLC.mp4
2026-07-19 12:23:02 [INFO] ai_bulk_remix: [4/64] DONE  DaAt64CsTkV.mp4 (131.8s)
2026-07-19 12:23:02 [INFO] ai_bulk_remix: [9/64] START -> DaMo4WItThV.mp4
2026-07-19 12:23:23 [INFO] ai_bulk_remix: [2/64] DONE  DZ45fSiOoGM.mp4 (152.6s)
2026-07-19 12:23:23 [INFO] ai_bulk_remix: [10/64] START -> DaRnTPCOk0R.mp4
2026-07-19 12:24:06 [INFO] ai_bulk_remix: [7/64] DONE  DaKBT8MxqyG.mp4 (82.8s)
2026-07-19 12:24:06 [INFO] ai_bulk_remix: [11/64] START -> DaS9iQCRuZG.mp4
2026-07-19 12:24:50 [INFO] ai_bulk_remix: [8/64] DONE  DaM9AuaPBLC.mp4 (117.8s)
2026-07-19 12:24:50 [INFO] ai_bulk_remix: [12/64] START -> DaXC0EEsquU.mp4
2026-07-19 12:24:53 [INFO] ai_bulk_remix: [10/64] DONE  DaRnTPCOk0R.mp4 (87.4s)
2026-07-19 12:24:53 [INFO] ai_bulk_remix: [13/64] START -> DaalquZBCvE.mp4
2026-07-19 12:24:56 [INFO] ai_bulk_remix: [6/64] DONE  DaGILm4u0Br.mp4 (137.9s)
2026-07-19 12:24:56 [INFO] ai_bulk_remix: [14/64] START -> DafY8nSRtWA.mp4
2026-07-19 12:25:35 [INFO] ai_bulk_remix: [13/64] DONE  DaalquZBCvE.mp4 (39.9s)
2026-07-19 12:25:35 [INFO] ai_bulk_remix: [15/64] START -> DakQ-dbB0z1.mp4
2026-07-19 12:25:43 [INFO] ai_bulk_remix: [11/64] DONE  DaS9iQCRuZG.mp4 (93.3s)
2026-07-19 12:25:43 [INFO] ai_bulk_remix: [16/64] START -> DanQP8ySSCM.mp4
2026-07-19 12:25:53 [INFO] ai_bulk_remix: [9/64] DONE  DaMo4WItThV.mp4 (167.3s)
2026-07-19 12:25:54 [INFO] ai_bulk_remix: [17/64] START -> Dao69IBvbty.mp4
2026-07-19 12:27:08 [INFO] ai_bulk_remix: [14/64] DONE  DafY8nSRtWA.mp4 (128.1s)
2026-07-19 12:27:08 [INFO] ai_bulk_remix: [18/64] START -> DaupJsZB7Qc.mp4
2026-07-19 12:27:20 [INFO] ai_bulk_remix: [15/64] DONE  DakQ-dbB0z1.mp4 (95.3s)
2026-07-19 12:27:20 [INFO] ai_bulk_remix: [19/64] START -> know_healthy_Avg_Indian_Dad_😆_#reels_#funny_#fyp_#trending_#dad_2026-06-19_DZxXbi1B4Bn_3923019798308946023.mp4
2026-07-19 12:28:00 [INFO] ai_bulk_remix: [12/64] DONE  DaXC0EEsquU.mp4 (187.3s)
2026-07-19 12:28:00 [INFO] ai_bulk_remix: [20/64] START -> know_healthy_Avg_Indian_Friend_😆_Made_with_Picsart_#PicsartPartner_@picsa_2026-06-22_DZ45fSiOoGM_3925139914109911436.mp4
2026-07-19 12:29:00 [INFO] ai_bulk_remix: [16/64] DONE  DanQP8ySSCM.mp4 (192.7s)
2026-07-19 12:29:00 [INFO] ai_bulk_remix: [21/64] START -> know_healthy_Bandra_Ki_Gf_🥀😂_#reels_#explore_#fumny_2026-07-03_DaM9AuaPBLC_3930784905457046210.mp4
2026-07-19 12:29:04 [INFO] ai_bulk_remix: [18/64] DONE  DaupJsZB7Qc.mp4 (113.2s)
2026-07-19 12:29:04 [INFO] ai_bulk_remix: [22/64] START -> know_healthy_Barfi_Ji_Ka_Divorce_💔_#reels_#explore_#trending_#rasmalai_2026-05-07_DYB08vjRBUN_3891624425669530893.mp4
2026-07-19 12:29:36 [INFO] ai_bulk_remix: [19/64] DONE  know_healthy_Avg_Indian_Dad_😆_#reels_#funny_#fyp_#trending_#dad_2026-06-19_DZxXbi1B4Bn_3923019798308946023.mp4 (129.9s)
2026-07-19 12:29:39 [INFO] ai_bulk_remix: [23/64] START -> know_healthy_Bechara_Amrud_Made_with_Picsart_#PicsartPartner_@picsart.cre_2026-06-06_DZOx8yKpBWt_3913284807544804781.mp4
2026-07-19 12:29:44 [INFO] ai_bulk_remix: [17/64] DONE  Dao69IBvbty.mp4 (227.0s)
2026-07-19 12:29:44 [INFO] ai_bulk_remix: [24/64] START -> know_healthy_Bechara_Maalik_😂_#reels_#fyp_#trending_#explore_2026-05-26_DYygU3Ttu2e_3905325998148087198.mp4
2026-07-19 12:30:35 [INFO] ai_bulk_remix: [20/64] DONE  know_healthy_Avg_Indian_Friend_😆_Made_with_Picsart_#PicsartPartner_@picsa_2026-06-22_DZ45fSiOoGM_3925139914109911436.mp4 (152.4s)
2026-07-19 12:30:35 [INFO] ai_bulk_remix: [25/64] START -> know_healthy_Bechari_Litchi_😂💀_Made_with_Happy_Horse_model_on_Picsart_@pi_2026-06-13_DZht8sAhqTj_3918615233304110307.mp4
2026-07-19 12:30:44 [INFO] ai_bulk_remix: [21/64] DONE  know_healthy_Bandra_Ki_Gf_🥀😂_#reels_#explore_#fumny_2026-07-03_DaM9AuaPBLC_3930784905457046210.mp4 (100.0s)
2026-07-19 12:30:44 [INFO] ai_bulk_remix: [26/64] START -> know_healthy_Bhaichara_On_Top_😆_#reels_#trending_#funny_2026-07-02_DaS9iQCRuZG_3932476059165320774.mp4
2026-07-19 12:31:15 [INFO] ai_bulk_remix: [23/64] DONE  know_healthy_Bechara_Amrud_Made_with_Picsart_#PicsartPartner_@picsart.cre_2026-06-06_DZOx8yKpBWt_3913284807544804781.mp4 (93.7s)
2026-07-19 12:31:15 [INFO] ai_bulk_remix: [27/64] START -> know_healthy_Bhikhari_Aashiq_Ki_Shayari_😆_Made_with_Picsart_#PicsartPartn_2026-06-25_DaAt64CsTkV_3927340833064433941.mp4
2026-07-19 12:31:33 [INFO] ai_bulk_remix: [22/64] DONE  know_healthy_Barfi_Ji_Ka_Divorce_💔_#reels_#explore_#trending_#rasmalai_2026-05-07_DYB08vjRBUN_3891624425669530893.mp4 (146.9s)
2026-07-19 12:31:33 [INFO] ai_bulk_remix: [28/64] START -> know_healthy_Bikhari_Depression_Mein_Chala_Gaya_😂_#funny_#trending_#reels_2026-06-10_DZZ9fXppcVe_3916431787511104862.mp4
2026-07-19 12:31:41 [INFO] ai_bulk_remix: [25/64] DONE  know_healthy_Bechari_Litchi_😂💀_Made_with_Happy_Horse_model_on_Picsart_@pi_2026-06-13_DZht8sAhqTj_3918615233304110307.mp4 (63.5s)
2026-07-19 12:31:41 [INFO] ai_bulk_remix: [29/64] START -> know_healthy_Chai_Pani_Ka_Jugaad_😆_#trending_#funny_#reels_2026-07-09_DakQ-dbB0z1_3937346635172367605.mp4
2026-07-19 12:32:16 [INFO] ai_bulk_remix: [26/64] DONE  know_healthy_Bhaichara_On_Top_😆_#reels_#trending_#funny_2026-07-02_DaS9iQCRuZG_3932476059165320774.mp4 (89.6s)
2026-07-19 12:32:16 [INFO] ai_bulk_remix: [30/64] START -> know_healthy_Class_Me_Eeta-Teeta_😭😂_Made_with_PicsArt_@picsart_@picsart.c_2026-05-27_DY1V5lcS0ui_3906124568003824546.mp4
2026-07-19 12:32:58 [INFO] ai_bulk_remix: [28/64] DONE  know_healthy_Bikhari_Depression_Mein_Chala_Gaya_😂_#funny_#trending_#reels_2026-06-10_DZZ9fXppcVe_3916431787511104862.mp4 (82.9s)
2026-07-19 12:32:58 [INFO] ai_bulk_remix: [31/64] START -> know_healthy_Divorce_💔_But_not_when_you_have_@withpronto_😉_#reels_#fyp_#t_2026-07-11_Dao69IBvbty_3938657161340369778.mp4
2026-07-19 12:33:22 [INFO] ai_bulk_remix: [24/64] DONE  know_healthy_Bechara_Maalik_😂_#reels_#fyp_#trending_#explore_2026-05-26_DYygU3Ttu2e_3905325998148087198.mp4 (215.4s)
2026-07-19 12:33:22 [INFO] ai_bulk_remix: [32/64] START -> know_healthy_Dragon_Fruit_And_Remote_Made_with_PicsArt_@picsart_@picsart_2026-05-30_DY9OvYJS5Nw_3908344880019772272.mp4
2026-07-19 12:33:23 [INFO] ai_bulk_remix: [29/64] DONE  know_healthy_Chai_Pani_Ka_Jugaad_😆_#trending_#funny_#reels_2026-07-09_DakQ-dbB0z1_3937346635172367605.mp4 (96.9s)
2026-07-19 12:33:23 [INFO] ai_bulk_remix: [33/64] START -> know_healthy_Ek_Aashiq_Aisa_Bhi..._😆_#funny_#trending_#reels_#explore_2026-07-13_DaupJsZB7Qc_3940267710042584092.mp4
2026-07-19 12:33:35 [INFO] ai_bulk_remix: [27/64] DONE  know_healthy_Bhikhari_Aashiq_Ki_Shayari_😆_Made_with_Picsart_#PicsartPartn_2026-06-25_DaAt64CsTkV_3927340833064433941.mp4 (137.9s)
2026-07-19 12:33:35 [INFO] ai_bulk_remix: [34/64] START -> know_healthy_Ek_Shadhi_Aisa_Bhi_🥺_Made_with_Picsart_#PicsartPartner_@pics_2026-06-26_DaDfxlKRbM2_3928123046594196278.mp4
2026-07-19 12:34:06 [INFO] ai_bulk_remix: [30/64] DONE  know_healthy_Class_Me_Eeta-Teeta_😭😂_Made_with_PicsArt_@picsart_@picsart.c_2026-05-27_DY1V5lcS0ui_3906124568003824546.mp4 (107.9s)
2026-07-19 12:34:06 [INFO] ai_bulk_remix: [35/64] START -> know_healthy_Ep_1_Mishri_And_Businessman_Keshar_#reels_#trending_#explore_2026-04-29_DXtqWDdCR0m_3885948286980922662.mp4
2026-07-19 12:35:32 [INFO] ai_bulk_remix: [33/64] DONE  know_healthy_Ek_Aashiq_Aisa_Bhi..._😆_#funny_#trending_#reels_#explore_2026-07-13_DaupJsZB7Qc_3940267710042584092.mp4 (127.1s)
2026-07-19 12:35:32 [INFO] ai_bulk_remix: [36/64] START -> know_healthy_Ep_2_Mishri_And_Businessman_Keshar_#trending_#reels_#keshar_2026-04-30_DXwta2jpGUQ_3886806235800167696.mp4
2026-07-19 12:35:37 [INFO] ai_bulk_remix: [34/64] DONE  know_healthy_Ek_Shadhi_Aisa_Bhi_🥺_Made_with_Picsart_#PicsartPartner_@pics_2026-06-26_DaDfxlKRbM2_3928123046594196278.mp4 (118.4s)
2026-07-19 12:35:37 [INFO] ai_bulk_remix: [37/64] START -> know_healthy_Ep_3_Mishri_&_Businessman_Keshar_(_Office_Joining)_Business_2026-05-03_DX3ZiLluGHc_3888689103326699996.mp4
2026-07-19 12:36:32 [INFO] ai_bulk_remix: [31/64] DONE  know_healthy_Divorce_💔_But_not_when_you_have_@withpronto_😉_#reels_#fyp_#t_2026-07-11_Dao69IBvbty_3938657161340369778.mp4 (211.2s)
2026-07-19 12:36:32 [INFO] ai_bulk_remix: [38/64] START -> know_healthy_Food_Lover_Rasmalai_😂_#reels_#trending_#rasmalai_#love_2026-05-17_DYcJU_XOflQ_3899032402239551824.mp4
2026-07-19 12:38:18 [INFO] ai_bulk_remix: [32/64] DONE  know_healthy_Dragon_Fruit_And_Remote_Made_with_PicsArt_@picsart_@picsart_2026-05-30_DY9OvYJS5Nw_3908344880019772272.mp4 (293.6s)
2026-07-19 12:38:18 [INFO] ai_bulk_remix: [39/64] START -> know_healthy_Foundation_Aata_🥲💀_#trending_#reels_#explore_#funny_2026-07-06_DaalquZBCvE_3934622888212310980.mp4
2026-07-19 12:38:29 [INFO] ai_bulk_remix: [35/64] DONE  know_healthy_Ep_1_Mishri_And_Businessman_Keshar_#reels_#trending_#explore_2026-04-29_DXtqWDdCR0m_3885948286980922662.mp4 (259.1s)
2026-07-19 12:38:29 [INFO] ai_bulk_remix: [40/64] START -> know_healthy_Idea_Ulta_Ho_Gaya_😂_Made_with_PicsArt_@picsart_@picsart.crea_2026-05-29_DY6yy6FOyoq_3907659027361507882.mp4
2026-07-19 12:38:30 [INFO] ai_bulk_remix: [38/64] DONE  know_healthy_Food_Lover_Rasmalai_😂_#reels_#trending_#rasmalai_#love_2026-05-17_DYcJU_XOflQ_3899032402239551824.mp4 (115.8s)
2026-07-19 12:38:30 [INFO] ai_bulk_remix: [41/64] START -> know_healthy_Is_Jodi_Ko_Kya_Naam_Du_😂😭_Made_with_Happy_Horse_model_on_Pic_2026-06-13_DZgoD6NpIQ4_3918307866337117240.mp4
2026-07-19 12:38:41 [INFO] ai_bulk_remix: [36/64] DONE  know_healthy_Ep_2_Mishri_And_Businessman_Keshar_#trending_#reels_#keshar_2026-04-30_DXwta2jpGUQ_3886806235800167696.mp4 (186.6s)
2026-07-19 12:38:41 [INFO] ai_bulk_remix: [42/64] START -> know_healthy_Jaise_Karam_Waise_Fal_😭😂_Made_with_Picsart_#PicsartPartner_@_2026-06-08_DZVDmAEhNEq_3915051256623976746.mp4
2026-07-19 12:38:54 [INFO] ai_bulk_remix: [39/64] DONE  know_healthy_Foundation_Aata_🥲💀_#trending_#reels_#explore_#funny_2026-07-06_DaalquZBCvE_3934622888212310980.mp4 (33.4s)
2026-07-19 12:38:54 [INFO] ai_bulk_remix: [43/64] START -> know_healthy_Last_Option_💀_#reels_#trending_#comedy_#explore_#fyp_2026-06-05_DZMCHdbh1Gq_3912511485007843754.mp4
2026-07-19 12:39:48 [INFO] ai_bulk_remix: [43/64] DONE  know_healthy_Last_Option_💀_#reels_#trending_#comedy_#explore_#fyp_2026-06-05_DZMCHdbh1Gq_3912511485007843754.mp4 (51.3s)
2026-07-19 12:39:48 [INFO] ai_bulk_remix: [44/64] START -> know_healthy_Litchi_Vs_Papita_#reels_#funny_#fyp_#mango_2026-05-23_DYrlbRZBbSQ_3903378103866864784.mp4
2026-07-19 12:39:58 [INFO] ai_bulk_remix: [41/64] DONE  know_healthy_Is_Jodi_Ko_Kya_Naam_Du_😂😭_Made_with_Happy_Horse_model_on_Pic_2026-06-13_DZgoD6NpIQ4_3918307866337117240.mp4 (86.3s)
2026-07-19 12:39:59 [INFO] ai_bulk_remix: [45/64] START -> know_healthy_Mango_Ki_Loyal_Girlfriend_😂_#reels_#trending_#funny_#fyp_2026-06-16_DZpcUt4pGgw_3920789519563253808.mp4
2026-07-19 12:40:07 [INFO] ai_bulk_remix: [40/64] DONE  know_healthy_Idea_Ulta_Ho_Gaya_😂_Made_with_PicsArt_@picsart_@picsart.crea_2026-05-29_DY6yy6FOyoq_3907659027361507882.mp4 (96.6s)
2026-07-19 12:40:07 [INFO] ai_bulk_remix: [46/64] START -> know_healthy_Mango_Toh_Khel_Gaya_Made_with_PicsArt_#picsartpartner_@picsa_2026-06-04_DZJiR_YhRiS_3911808521217579154.mp4
2026-07-19 12:40:11 [INFO] ai_bulk_remix: [37/64] DONE  know_healthy_Ep_3_Mishri_&_Businessman_Keshar_(_Office_Joining)_Business_2026-05-03_DX3ZiLluGHc_3888689103326699996.mp4 (271.0s)
2026-07-19 12:40:11 [INFO] ai_bulk_remix: [47/64] START -> know_healthy_Mohalla_Me_Petrol_Khatm_😆_Made_with_Picsart_#PicsartPartner_2026-06-27_DaGILm4u0Br_3928863706967654507.mp4
2026-07-19 12:41:41 [INFO] ai_bulk_remix: [42/64] DONE  know_healthy_Jaise_Karam_Waise_Fal_😭😂_Made_with_Picsart_#PicsartPartner_@_2026-06-08_DZVDmAEhNEq_3915051256623976746.mp4 (177.4s)
2026-07-19 12:41:41 [INFO] ai_bulk_remix: [48/64] START -> know_healthy_Mood_Change_#empirestatebuilding_#reels_#trending_#couple_2026-07-04_DaXC0EEsquU_3933625173411015572.mp4
2026-07-19 12:42:00 [INFO] ai_bulk_remix: [44/64] DONE  know_healthy_Litchi_Vs_Papita_#reels_#funny_#fyp_#mango_2026-05-23_DYrlbRZBbSQ_3903378103866864784.mp4 (128.6s)
2026-07-19 12:42:00 [INFO] ai_bulk_remix: [49/64] START -> know_healthy_Neta_Ji_Ka_Bhatija_💀_Made_with_Picsart_#PicsartPartner_@pics_2026-06-09_DZWlTJ0suyk_3915480969984011428.mp4
2026-07-19 12:42:04 [INFO] ai_bulk_remix: [46/64] DONE  know_healthy_Mango_Toh_Khel_Gaya_Made_with_PicsArt_#picsartpartner_@picsa_2026-06-04_DZJiR_YhRiS_3911808521217579154.mp4 (114.2s)
2026-07-19 12:42:04 [INFO] ai_bulk_remix: [50/64] START -> know_healthy_Online_Wala_Pyar_😳_#reels_#love_#pyar_#online_2026-04-26_DXmMPW3Ce5x_3883845560549633649.mp4
2026-07-19 12:42:08 [INFO] ai_bulk_remix: [47/64] DONE  know_healthy_Mohalla_Me_Petrol_Khatm_😆_Made_with_Picsart_#PicsartPartner_2026-06-27_DaGILm4u0Br_3928863706967654507.mp4 (114.8s)
2026-07-19 12:42:10 [INFO] ai_bulk_remix: [51/64] START -> know_healthy_Party_Me_Crush_Barfi_#trending_#reels_#fyp_#viral_2026-04-24_DXf_9E2iYFF_3882102677844885829.mp4
2026-07-19 12:42:30 [INFO] ai_bulk_remix: [45/64] DONE  know_healthy_Mango_Ki_Loyal_Girlfriend_😂_#reels_#trending_#funny_#fyp_2026-06-16_DZpcUt4pGgw_3920789519563253808.mp4 (149.5s)
2026-07-19 12:42:30 [INFO] ai_bulk_remix: [52/64] START -> know_healthy_Permanent_Breakup_💔_Made_with_Picsart_#PicsartPartner_@picsa_2026-06-23_DZ7mt0yuJDj_3925901775012925667.mp4
2026-07-19 12:43:21 [INFO] ai_bulk_remix: [49/64] DONE  know_healthy_Neta_Ji_Ka_Bhatija_💀_Made_with_Picsart_#PicsartPartner_@pics_2026-06-09_DZWlTJ0suyk_3915480969984011428.mp4 (79.5s)
2026-07-19 12:43:22 [INFO] ai_bulk_remix: [53/64] START -> know_healthy_Rangdaar_Litchi_Made_with_PicsArt_@picsart_@picsart.creators_2026-06-03_DZHAJTmPYjh_3911095440912517345.mp4
2026-07-19 12:44:08 [INFO] ai_bulk_remix: [50/64] DONE  know_healthy_Online_Wala_Pyar_😳_#reels_#love_#pyar_#online_2026-04-26_DXmMPW3Ce5x_3883845560549633649.mp4 (121.2s)
2026-07-19 12:44:08 [INFO] ai_bulk_remix: [54/64] START -> know_healthy_Rasmalai_Ka_Revenge_💀_@mamaearth.in_#reels_#trending_#ad_2026-07-10_DanQP8ySSCM_3938187863963279500.mp4
2026-07-19 12:44:30 [INFO] ai_bulk_remix: [48/64] DONE  know_healthy_Mood_Change_#empirestatebuilding_#reels_#trending_#couple_2026-07-04_DaXC0EEsquU_3933625173411015572.mp4 (165.3s)
2026-07-19 12:44:30 [INFO] ai_bulk_remix: [55/64] START -> know_healthy_Real_Flex_😂_#trending_#cricket_#reels_#funny_#fyp_2026-06-18_DZtn6ssp2Hh_3921966408046961121.mp4
2026-07-19 12:44:31 [INFO] ai_bulk_remix: [52/64] DONE  know_healthy_Permanent_Breakup_💔_Made_with_Picsart_#PicsartPartner_@picsa_2026-06-23_DZ7mt0yuJDj_3925901775012925667.mp4 (117.7s)
2026-07-19 12:44:31 [INFO] ai_bulk_remix: [56/64] START -> know_healthy_Saare_Raaz_Khul_Gaye_😆🥲_Made_with_Picsart_#PicsartPartner_@p_2026-06-30_DaMo4WItThV_3930696368707156053.mp4
2026-07-19 12:44:39 [INFO] ai_bulk_remix: [53/64] DONE  know_healthy_Rangdaar_Litchi_Made_with_PicsArt_@picsart_@picsart.creators_2026-06-03_DZHAJTmPYjh_3911095440912517345.mp4 (74.3s)
2026-07-19 12:44:39 [INFO] ai_bulk_remix: [57/64] START -> know_healthy_Smart_Girlfriend_😆_#trending_#funny_#reels_#fyp_2026-07-07_DafY8nSRtWA_3935974317812536704.mp4
2026-07-19 12:45:22 [INFO] ai_bulk_remix: [51/64] DONE  know_healthy_Party_Me_Crush_Barfi_#trending_#reels_#fyp_#viral_2026-04-24_DXf_9E2iYFF_3882102677844885829.mp4 (189.2s)
2026-07-19 12:45:22 [INFO] ai_bulk_remix: [58/64] START -> know_healthy_Special_Juice_😂_#reels_#trending_#funny_#explore_#viral_2026-07-02_DaRnTPCOk0R_3932096795298647313.mp4
2026-07-19 12:46:07 [INFO] ai_bulk_remix: [55/64] DONE  know_healthy_Real_Flex_😂_#trending_#cricket_#reels_#funny_#fyp_2026-06-18_DZtn6ssp2Hh_3921966408046961121.mp4 (95.4s)
2026-07-19 12:46:07 [INFO] ai_bulk_remix: [59/64] START -> know_healthy_Tag_Your_Friend_🤣🍻_#reels_#funny_#explore_#viral_#friend_2026-06-21_DZ1osOJyOM7_3924221611037221691.mp4
2026-07-19 12:46:43 [INFO] ai_bulk_remix: [58/64] DONE  know_healthy_Special_Juice_😂_#reels_#trending_#funny_#explore_#viral_2026-07-02_DaRnTPCOk0R_3932096795298647313.mp4 (78.0s)
2026-07-19 12:46:43 [INFO] ai_bulk_remix: [60/64] START -> know_healthy_Tag_Your_Modern_Sister_😂_Made_with_Picsart_#PicsartPartner_@_2026-06-24_DZ-b5I4s4Mn_3926698598920848167.mp4
2026-07-19 12:46:50 [INFO] ai_bulk_remix: [57/64] DONE  know_healthy_Smart_Girlfriend_😆_#trending_#funny_#reels_#fyp_2026-07-07_DafY8nSRtWA_3935974317812536704.mp4 (127.2s)
2026-07-19 12:46:50 [INFO] ai_bulk_remix: [61/64] START -> know_healthy_Tamatar_Khao_😂_#reels_#trending_#funny_#explore_#fyp_2026-06-29_DaKBT8MxqyG_3929959393189604486.mp4
2026-07-19 12:47:03 [INFO] ai_bulk_remix: [56/64] DONE  know_healthy_Saare_Raaz_Khul_Gaye_😆🥲_Made_with_Picsart_#PicsartPartner_@p_2026-06-30_DaMo4WItThV_3930696368707156053.mp4 (150.6s)
2026-07-19 12:47:03 [INFO] ai_bulk_remix: [62/64] START -> know_healthy_Unexpected_Twist_💀_#reels_#trending_#funny_#explore_2026-06-01_DZBrbq3P4gG_3909596968984217606.mp4
2026-07-19 12:47:14 [INFO] ai_bulk_remix: [54/64] DONE  know_healthy_Rasmalai_Ka_Revenge_💀_@mamaearth.in_#reels_#trending_#ad_2026-07-10_DanQP8ySSCM_3938187863963279500.mp4 (183.5s)
2026-07-19 12:47:14 [INFO] ai_bulk_remix: [63/64] START -> know_healthy_Woh_Alg_Hi_Level_Ka_Mango_Tha_🥹_#reels_#funny_#explore_#fyp_2026-06-11_DZcvml_ytZj_3917215136230332003.mp4
2026-07-19 12:48:24 [INFO] ai_bulk_remix: [61/64] DONE  know_healthy_Tamatar_Khao_😂_#reels_#trending_#funny_#explore_#fyp_2026-06-29_DaKBT8MxqyG_3929959393189604486.mp4 (91.7s)
2026-07-19 12:48:24 [INFO] ai_bulk_remix: [64/64] START -> know_healthy_🥹_Game_Me_Break_Made_using_Recraft_V4.1_model_on_Picsart_(Ad_2026-06-14_DZkiZQyh66E_3919408845315092100.mp4
2026-07-19 12:48:30 [INFO] ai_bulk_remix: [62/64] DONE  know_healthy_Unexpected_Twist_💀_#reels_#trending_#funny_#explore_2026-06-01_DZBrbq3P4gG_3909596968984217606.mp4 (83.7s)
2026-07-19 12:48:37 [INFO] ai_bulk_remix: [60/64] DONE  know_healthy_Tag_Your_Modern_Sister_😂_Made_with_Picsart_#PicsartPartner_@_2026-06-24_DZ-b5I4s4Mn_3926698598920848167.mp4 (110.5s)
2026-07-19 12:48:55 [INFO] ai_bulk_remix: [63/64] DONE  know_healthy_Woh_Alg_Hi_Level_Ka_Mango_Tha_🥹_#reels_#funny_#explore_#fyp_2026-06-11_DZcvml_ytZj_3917215136230332003.mp4 (98.5s)
2026-07-19 12:48:59 [INFO] ai_bulk_remix: [59/64] DONE  know_healthy_Tag_Your_Friend_🤣🍻_#reels_#funny_#explore_#viral_#friend_2026-06-21_DZ1osOJyOM7_3924221611037221691.mp4 (167.6s)
2026-07-19 12:49:06 [INFO] ai_bulk_remix: [64/64] DONE  know_healthy_🥹_Game_Me_Break_Made_using_Recraft_V4.1_model_on_Picsart_(Ad_2026-06-14_DZkiZQyh66E_3919408845315092100.mp4 (34.5s)
2026-07-19 12:49:06 [INFO] ai_bulk_remix: ==================================================
2026-07-19 12:49:06 [INFO] ai_bulk_remix: BATCH PROCESSING COMPLETED
2026-07-19 12:49:06 [INFO] ai_bulk_remix: Successful: 64
2026-07-19 12:49:06 [INFO] ai_bulk_remix: Failed: 0
2026-07-19 12:49:06 [INFO] ai_bulk_remix: Skipped: 0
2026-07-19 12:49:06 [INFO] ai_bulk_remix: Total time: 1697.1s
2026-07-19 12:49:06 [INFO] ai_bulk_remix: ==================================================
2026-07-19 12:49:55 [INFO] ai_bulk_remix: Application exiting with code 0
2026-07-22 18:50:16 [INFO] ai_bulk_remix: ==================================================
2026-07-22 18:50:16 [INFO] ai_bulk_remix: AI Bulk Remix Studio v1.0.0 starting...
2026-07-22 18:50:16 [INFO] ai_bulk_remix: Base directory: C:\Users\h\ai-bulk-remix-studio
2026-07-22 18:50:16 [INFO] ai_bulk_remix: Python: 3.10.0 (tags/v3.10.0:b494f59, Oct  4 2021, 19:00:18) [MSC v.1929 64 bit (AMD64)]
2026-07-22 18:50:16 [INFO] ai_bulk_remix: Platform: win32
2026-07-22 18:50:16 [INFO] ai_bulk_remix: ==================================================
2026-07-22 18:50:33 [INFO] ai_bulk_remix: GPU encoders detected: h264_nvenc, hevc_nvenc, av1_nvenc, h264_qsv, hevc_qsv, h264_amf, hevc_amf
2026-07-22 18:50:33 [INFO] ai_bulk_remix: MainWindow initialized
2026-07-22 18:50:33 [INFO] ai_bulk_remix: MainWindow displayed successfully.
2026-07-22 18:50:33 [INFO] ai_bulk_remix: FFmpeg detected: version 8.1.2-full_build-www.gyan.dev
2026-07-22 18:51:26 [INFO] ai_bulk_remix: Scanned C:/Users/h/Videos/iron rust/kiran.craft.and.creations: 75 video(s) found
2026-07-22 18:55:17 [INFO] ai_bulk_remix: ==================================================
2026-07-22 18:55:17 [INFO] ai_bulk_remix: BATCH PROCESSING STARTED
2026-07-22 18:55:17 [INFO] ai_bulk_remix: Total files: 75
2026-07-22 18:55:17 [INFO] ai_bulk_remix: Output directory: C:/Users/h/Videos/iron rust/kiran.craft.and.creations/edit
2026-07-22 18:55:17 [INFO] ai_bulk_remix: Workers: 6
2026-07-22 18:55:17 [INFO] ai_bulk_remix: Encoder: h264_nvenc
2026-07-22 18:55:17 [INFO] ai_bulk_remix: ==================================================
2026-07-22 18:55:17 [INFO] ai_bulk_remix: [1/75] START -> kiran.craft.and.creations_2026-03-29_DWdJ6--jHVc.mp4
2026-07-22 18:55:17 [INFO] ai_bulk_remix: [2/75] START -> kiran.craft.and.creations_2026-03-29_DWdJ92wjF_h.mp4
2026-07-22 18:55:17 [INFO] ai_bulk_remix: [3/75] START -> kiran.craft.and.creations_2026-03-29_DWdJnRSjC92.mp4
2026-07-22 18:55:17 [INFO] ai_bulk_remix: [4/75] START -> kiran.craft.and.creations_2026-03-29_DWdJvz5DOfq.mp4
2026-07-22 18:55:17 [INFO] ai_bulk_remix: [5/75] START -> kiran.craft.and.creations_2026-03-29_DWdKFZRjOkk.mp4
2026-07-22 18:55:17 [INFO] ai_bulk_remix: [6/75] START -> kiran.craft.and.creations_2026-03-29_DWdeU8Rjmx8.mp4
2026-07-22 18:55:48 [INFO] ai_bulk_remix: [4/75] DONE  kiran.craft.and.creations_2026-03-29_DWdJvz5DOfq.mp4 (31.1s)
2026-07-22 18:55:48 [INFO] ai_bulk_remix: [7/75] START -> kiran.craft.and.creations_2026-03-30_DWe7Bfcjmb2.mp4
2026-07-22 18:55:49 [INFO] ai_bulk_remix: [3/75] DONE  kiran.craft.and.creations_2026-03-29_DWdJnRSjC92.mp4 (31.6s)
2026-07-22 18:55:49 [INFO] ai_bulk_remix: [8/75] START -> kiran.craft.and.creations_2026-03-30_DWfcSz8jHvN.mp4
2026-07-22 18:55:50 [INFO] ai_bulk_remix: [5/75] DONE  kiran.craft.and.creations_2026-03-29_DWdKFZRjOkk.mp4 (32.4s)
2026-07-22 18:55:50 [INFO] ai_bulk_remix: [9/75] START -> kiran.craft.and.creations_2026-03-30_DWfuzqfjMYh.mp4
2026-07-22 18:55:50 [INFO] ai_bulk_remix: [6/75] DONE  kiran.craft.and.creations_2026-03-29_DWdeU8Rjmx8.mp4 (32.5s)
2026-07-22 18:55:50 [INFO] ai_bulk_remix: [10/75] START -> kiran.craft.and.creations_2026-03-31_DWiLqyYDJ9W.mp4
2026-07-22 18:55:51 [INFO] ai_bulk_remix: [2/75] DONE  kiran.craft.and.creations_2026-03-29_DWdJ92wjF_h.mp4 (33.7s)
2026-07-22 18:55:51 [INFO] ai_bulk_remix: [11/75] START -> kiran.craft.and.creations_2026-03-31_DWiYw_2DOGp.mp4
2026-07-22 18:55:51 [INFO] ai_bulk_remix: [1/75] DONE  kiran.craft.and.creations_2026-03-29_DWdJ6--jHVc.mp4 (34.0s)
2026-07-22 18:55:51 [INFO] ai_bulk_remix: [12/75] START -> kiran.craft.and.creations_2026-03-31_DWix4KYDB72.mp4
2026-07-22 18:56:22 [INFO] ai_bulk_remix: [7/75] DONE  kiran.craft.and.creations_2026-03-30_DWe7Bfcjmb2.mp4 (31.4s)
2026-07-22 18:56:22 [INFO] ai_bulk_remix: [13/75] START -> kiran.craft.and.creations_2026-04-01_DWkLWHWgVvs.mp4
2026-07-22 18:56:23 [INFO] ai_bulk_remix: [8/75] DONE  kiran.craft.and.creations_2026-03-30_DWfcSz8jHvN.mp4 (32.0s)
2026-07-22 18:56:23 [INFO] ai_bulk_remix: [14/75] START -> kiran.craft.and.creations_2026-04-01_DWlQQWGkq_M.mp4
2026-07-22 18:56:24 [INFO] ai_bulk_remix: [9/75] DONE  kiran.craft.and.creations_2026-03-30_DWfuzqfjMYh.mp4 (33.6s)
2026-07-22 18:56:24 [INFO] ai_bulk_remix: [15/75] START -> kiran.craft.and.creations_2026-04-01_DWld_12DCPX.mp4
2026-07-22 18:56:25 [INFO] ai_bulk_remix: [10/75] DONE  kiran.craft.and.creations_2026-03-31_DWiLqyYDJ9W.mp4 (34.0s)
2026-07-22 18:56:25 [INFO] ai_bulk_remix: [16/75] START -> kiran.craft.and.creations_2026-04-01_DWmAR-dCH64.mp4
2026-07-22 18:56:28 [INFO] ai_bulk_remix: [11/75] DONE  kiran.craft.and.creations_2026-03-31_DWiYw_2DOGp.mp4 (34.7s)
2026-07-22 18:56:28 [INFO] ai_bulk_remix: [17/75] START -> kiran.craft.and.creations_2026-04-02_DWm9qXnjDRT.mp4
2026-07-22 18:56:29 [INFO] ai_bulk_remix: [12/75] DONE  kiran.craft.and.creations_2026-03-31_DWix4KYDB72.mp4 (34.6s)
2026-07-22 18:56:29 [INFO] ai_bulk_remix: [18/75] START -> kiran.craft.and.creations_2026-04-02_DWmpdhKARqq.mp4
2026-07-22 18:56:58 [INFO] ai_bulk_remix: [13/75] DONE  kiran.craft.and.creations_2026-04-01_DWkLWHWgVvs.mp4 (33.9s)
2026-07-22 18:56:58 [INFO] ai_bulk_remix: [19/75] START -> kiran.craft.and.creations_2026-04-02_DWmwN3rk7qr.mp4
2026-07-22 18:57:00 [INFO] ai_bulk_remix: [14/75] DONE  kiran.craft.and.creations_2026-04-01_DWlQQWGkq_M.mp4 (35.4s)
2026-07-22 18:57:00 [INFO] ai_bulk_remix: [20/75] START -> kiran.craft.and.creations_2026-04-02_DWnSmtODPcJ.mp4
2026-07-22 18:57:03 [INFO] ai_bulk_remix: [16/75] DONE  kiran.craft.and.creations_2026-04-01_DWmAR-dCH64.mp4 (35.2s)
2026-07-22 18:57:03 [INFO] ai_bulk_remix: [21/75] START -> kiran.craft.and.creations_2026-04-02_DWngVaIDMt2.mp4
2026-07-22 18:57:04 [INFO] ai_bulk_remix: [15/75] DONE  kiran.craft.and.creations_2026-04-01_DWld_12DCPX.mp4 (37.5s)
2026-07-22 18:57:04 [INFO] ai_bulk_remix: [22/75] START -> kiran.craft.and.creations_2026-04-03_DWqr8z5DEjQ.mp4
2026-07-22 18:57:05 [INFO] ai_bulk_remix: [18/75] DONE  kiran.craft.and.creations_2026-04-02_DWmpdhKARqq.mp4 (33.6s)
2026-07-22 18:57:05 [INFO] ai_bulk_remix: [23/75] START -> kiran.craft.and.creations_2026-04-03_DWrNsygDEel.mp4
2026-07-22 18:57:07 [INFO] ai_bulk_remix: [17/75] DONE  kiran.craft.and.creations_2026-04-02_DWm9qXnjDRT.mp4 (36.2s)
2026-07-22 18:57:07 [INFO] ai_bulk_remix: [24/75] START -> kiran.craft.and.creations_2026-04-04_DWr-xp7j4Sk.mp4
2026-07-22 18:57:35 [INFO] ai_bulk_remix: [20/75] DONE  kiran.craft.and.creations_2026-04-02_DWnSmtODPcJ.mp4 (32.3s)
2026-07-22 18:57:35 [INFO] ai_bulk_remix: [25/75] START -> kiran.craft.and.creations_2026-04-04_DWrjcrvjqJd.mp4
2026-07-22 18:57:37 [INFO] ai_bulk_remix: [19/75] DONE  kiran.craft.and.creations_2026-04-02_DWmwN3rk7qr.mp4 (35.8s)
2026-07-22 18:57:38 [INFO] ai_bulk_remix: [26/75] START -> kiran.craft.and.creations_2026-04-04_DWs1vcRkSuh.mp4
2026-07-22 18:57:39 [INFO] ai_bulk_remix: [21/75] DONE  kiran.craft.and.creations_2026-04-02_DWngVaIDMt2.mp4 (33.7s)
2026-07-22 18:57:39 [INFO] ai_bulk_remix: [27/75] START -> kiran.craft.and.creations_2026-04-04_DWsaOIBjSeT.mp4
2026-07-22 18:57:48 [INFO] ai_bulk_remix: [22/75] DONE  kiran.craft.and.creations_2026-04-03_DWqr8z5DEjQ.mp4 (41.4s)
2026-07-22 18:57:48 [INFO] ai_bulk_remix: [28/75] START -> kiran.craft.and.creations_2026-04-04_DWtRKpPEjiA.mp4
2026-07-22 18:57:50 [INFO] ai_bulk_remix: [23/75] DONE  kiran.craft.and.creations_2026-04-03_DWrNsygDEel.mp4 (43.4s)
2026-07-22 18:57:55 [INFO] ai_bulk_remix: [29/75] START -> kiran.craft.and.creations_2026-04-04_DWtsyp-gYpj.mp4
2026-07-22 18:59:18 [INFO] ai_bulk_remix: [24/75] DONE  kiran.craft.and.creations_2026-04-04_DWr-xp7j4Sk.mp4 (128.0s)
2026-07-22 18:59:18 [INFO] ai_bulk_remix: [30/75] START -> kiran.craft.and.creations_2026-04-05_DWvbQVsjHRi.mp4
2026-07-22 18:59:36 [INFO] ai_bulk_remix: [25/75] DONE  kiran.craft.and.creations_2026-04-04_DWrjcrvjqJd.mp4 (117.9s)
2026-07-22 18:59:36 [INFO] ai_bulk_remix: [31/75] START -> kiran.craft.and.creations_2026-04-05_DWwEdwDET9b.mp4
2026-07-22 19:00:14 [INFO] ai_bulk_remix: [27/75] DONE  kiran.craft.and.creations_2026-04-04_DWsaOIBjSeT.mp4 (152.3s)
2026-07-22 19:00:14 [INFO] ai_bulk_remix: [32/75] START -> kiran.craft.and.creations_2026-04-06_DWwtpZfEYX6.mp4
2026-07-22 19:00:16 [INFO] ai_bulk_remix: [26/75] DONE  kiran.craft.and.creations_2026-04-04_DWs1vcRkSuh.mp4 (155.9s)
2026-07-22 19:00:16 [INFO] ai_bulk_remix: [33/75] START -> kiran.craft.and.creations_2026-04-06_DWyBd2DkQ0B.mp4
2026-07-22 19:00:22 [INFO] ai_bulk_remix: [28/75] DONE  kiran.craft.and.creations_2026-04-04_DWtRKpPEjiA.mp4 (152.6s)
2026-07-22 19:00:22 [INFO] ai_bulk_remix: [34/75] START -> kiran.craft.and.creations_2026-04-06_DWyoxKCDazi.mp4
2026-07-22 19:00:34 [INFO] ai_bulk_remix: [29/75] DONE  kiran.craft.and.creations_2026-04-04_DWtsyp-gYpj.mp4 (156.8s)
2026-07-22 19:00:34 [INFO] ai_bulk_remix: [35/75] START -> kiran.craft.and.creations_2026-04-06_DWzEHI6gRyJ.mp4
2026-07-22 19:01:24 [INFO] ai_bulk_remix: [30/75] DONE  kiran.craft.and.creations_2026-04-05_DWvbQVsjHRi.mp4 (122.9s)
2026-07-22 19:01:24 [INFO] ai_bulk_remix: [36/75] START -> kiran.craft.and.creations_2026-04-07_DW0xvaTDEmj.mp4
2026-07-22 19:01:38 [INFO] ai_bulk_remix: [31/75] DONE  kiran.craft.and.creations_2026-04-05_DWwEdwDET9b.mp4 (119.7s)
2026-07-22 19:01:38 [INFO] ai_bulk_remix: [37/75] START -> kiran.craft.and.creations_2026-04-07_DW1o4x_jTVn.mp4
2026-07-22 19:02:16 [INFO] ai_bulk_remix: [33/75] DONE  kiran.craft.and.creations_2026-04-06_DWyBd2DkQ0B.mp4 (118.4s)
2026-07-22 19:02:16 [INFO] ai_bulk_remix: [38/75] START -> kiran.craft.and.creations_2026-04-07_DWz62ZziZiN.mp4
2026-07-22 19:02:50 [INFO] ai_bulk_remix: [32/75] DONE  kiran.craft.and.creations_2026-04-06_DWwtpZfEYX6.mp4 (153.4s)
2026-07-22 19:02:50 [INFO] ai_bulk_remix: [39/75] START -> kiran.craft.and.creations_2026-04-07_DWzfbVUDVp5.mp4
2026-07-22 19:02:52 [INFO] ai_bulk_remix: [34/75] DONE  kiran.craft.and.creations_2026-04-06_DWyoxKCDazi.mp4 (147.9s)
2026-07-22 19:02:52 [INFO] ai_bulk_remix: [40/75] START -> kiran.craft.and.creations_2026-04-08_DW27K8cAX23.mp4
2026-07-22 19:03:03 [INFO] ai_bulk_remix: [35/75] DONE  kiran.craft.and.creations_2026-04-06_DWzEHI6gRyJ.mp4 (146.5s)
2026-07-22 19:03:03 [INFO] ai_bulk_remix: [41/75] START -> kiran.craft.and.creations_2026-04-08_DW3Wk7NCBMS.mp4
2026-07-22 19:04:07 [INFO] ai_bulk_remix: [36/75] DONE  kiran.craft.and.creations_2026-04-07_DW0xvaTDEmj.mp4 (159.1s)
2026-07-22 19:04:07 [INFO] ai_bulk_remix: [42/75] START -> kiran.craft.and.creations_2026-04-08_DW4Nx5oDeg0.mp4
2026-07-22 19:04:16 [INFO] ai_bulk_remix: [37/75] DONE  kiran.craft.and.creations_2026-04-07_DW1o4x_jTVn.mp4 (155.6s)
2026-07-22 19:04:16 [INFO] ai_bulk_remix: [43/75] START -> kiran.craft.and.creations_2026-04-09_DW4o-_KiHrC.mp4
2026-07-22 19:04:51 [INFO] ai_bulk_remix: [38/75] DONE  kiran.craft.and.creations_2026-04-07_DWz62ZziZiN.mp4 (152.5s)
2026-07-22 19:04:51 [INFO] ai_bulk_remix: [44/75] START -> kiran.craft.and.creations_2026-04-09_DW57cykjdO9.mp4
2026-07-22 19:05:14 [INFO] ai_bulk_remix: [39/75] DONE  kiran.craft.and.creations_2026-04-07_DWzfbVUDVp5.mp4 (141.8s)
2026-07-22 19:05:14 [INFO] ai_bulk_remix: [45/75] START -> kiran.craft.and.creations_2026-04-09_DW5Ee-5lW_3.mp4
2026-07-22 19:05:30 [INFO] ai_bulk_remix: [40/75] DONE  kiran.craft.and.creations_2026-04-08_DW27K8cAX23.mp4 (155.0s)
2026-07-22 19:05:30 [INFO] ai_bulk_remix: [46/75] START -> kiran.craft.and.creations_2026-04-09_DW5f64Pk7Oa.mp4
2026-07-22 19:05:35 [INFO] ai_bulk_remix: [41/75] DONE  kiran.craft.and.creations_2026-04-08_DW3Wk7NCBMS.mp4 (149.9s)
2026-07-22 19:05:35 [INFO] ai_bulk_remix: [47/75] START -> kiran.craft.and.creations_2026-04-12_DXCPbZLjRzh.mp4
2026-07-22 19:06:08 [INFO] ai_bulk_remix: [47/75] DONE  kiran.craft.and.creations_2026-04-12_DXCPbZLjRzh.mp4 (30.5s)
2026-07-22 19:06:08 [INFO] ai_bulk_remix: [48/75] START -> kiran.craft.and.creations_2026-04-12_DXCgrvcjwHc.mp4
2026-07-22 19:06:31 [INFO] ai_bulk_remix: [42/75] DONE  kiran.craft.and.creations_2026-04-08_DW4Nx5oDeg0.mp4 (140.9s)
2026-07-22 19:06:31 [INFO] ai_bulk_remix: [49/75] START -> kiran.craft.and.creations_2026-04-13_DXC8M1_jBHh.mp4
2026-07-22 19:06:35 [INFO] ai_bulk_remix: [48/75] DONE  kiran.craft.and.creations_2026-04-12_DXCgrvcjwHc.mp4 (25.6s)
2026-07-22 19:06:35 [INFO] ai_bulk_remix: [50/75] START -> kiran.craft.and.creations_2026-04-13_DXCucJQlAgZ.mp4
2026-07-22 19:06:37 [INFO] ai_bulk_remix: [43/75] DONE  kiran.craft.and.creations_2026-04-09_DW4o-_KiHrC.mp4 (138.6s)
2026-07-22 19:06:37 [INFO] ai_bulk_remix: [51/75] START -> kiran.craft.and.creations_2026-04-13_DXDJ8u8DmQL.mp4
2026-07-22 19:06:38 [INFO] ai_bulk_remix: [44/75] DONE  kiran.craft.and.creations_2026-04-09_DW57cykjdO9.mp4 (104.2s)
2026-07-22 19:06:38 [INFO] ai_bulk_remix: [52/75] START -> kiran.craft.and.creations_2026-04-13_DXDXnpcj-Wr.mp4
2026-07-22 19:07:03 [INFO] ai_bulk_remix: [49/75] DONE  kiran.craft.and.creations_2026-04-13_DXC8M1_jBHh.mp4 (30.2s)
2026-07-22 19:07:03 [INFO] ai_bulk_remix: [53/75] START -> kiran.craft.and.creations_2026-04-13_DXDlW69CSIS.mp4
2026-07-22 19:07:06 [INFO] ai_bulk_remix: [50/75] DONE  kiran.craft.and.creations_2026-04-13_DXCucJQlAgZ.mp4 (28.5s)
2026-07-22 19:07:06 [INFO] ai_bulk_remix: [54/75] START -> kiran.craft.and.creations_2026-04-13_DXDzD26EUvP.mp4
2026-07-22 19:07:08 [INFO] ai_bulk_remix: [51/75] DONE  kiran.craft.and.creations_2026-04-13_DXDJ8u8DmQL.mp4 (29.0s)
2026-07-22 19:07:08 [INFO] ai_bulk_remix: [55/75] START -> kiran.craft.and.creations_2026-04-13_DXE3419gV6l.mp4
2026-07-22 19:07:14 [INFO] ai_bulk_remix: [52/75] DONE  kiran.craft.and.creations_2026-04-13_DXDXnpcj-Wr.mp4 (33.7s)
2026-07-22 19:07:14 [INFO] ai_bulk_remix: [56/75] START -> kiran.craft.and.creations_2026-04-13_DXEA5JogdCX.mp4
2026-07-22 19:07:32 [INFO] ai_bulk_remix: [54/75] DONE  kiran.craft.and.creations_2026-04-13_DXDzD26EUvP.mp4 (24.2s)
2026-07-22 19:07:32 [INFO] ai_bulk_remix: [57/75] START -> kiran.craft.and.creations_2026-04-13_DXEMXSRjD0d.mp4
2026-07-22 19:07:32 [INFO] ai_bulk_remix: [53/75] DONE  kiran.craft.and.creations_2026-04-13_DXDlW69CSIS.mp4 (26.5s)
2026-07-22 19:07:32 [INFO] ai_bulk_remix: [58/75] START -> kiran.craft.and.creations_2026-04-13_DXEOkmJgc6u.mp4
2026-07-22 19:07:36 [INFO] ai_bulk_remix: [45/75] DONE  kiran.craft.and.creations_2026-04-09_DW5Ee-5lW_3.mp4 (139.0s)
2026-07-22 19:07:36 [INFO] ai_bulk_remix: [59/75] START -> kiran.craft.and.creations_2026-04-13_DXEcTQcj2Uc.mp4
2026-07-22 19:07:40 [INFO] ai_bulk_remix: [55/75] DONE  kiran.craft.and.creations_2026-04-13_DXE3419gV6l.mp4 (30.0s)
2026-07-22 19:07:41 [INFO] ai_bulk_remix: [60/75] START -> kiran.craft.and.creations_2026-04-13_DXEjMM0jFFV.mp4
2026-07-22 19:07:47 [INFO] ai_bulk_remix: [56/75] DONE  kiran.craft.and.creations_2026-04-13_DXEA5JogdCX.mp4 (31.0s)
2026-07-22 19:07:47 [INFO] ai_bulk_remix: [61/75] START -> kiran.craft.and.creations_2026-04-13_DXEqLU6AnH2.mp4
2026-07-22 19:07:49 [INFO] ai_bulk_remix: [46/75] DONE  kiran.craft.and.creations_2026-04-09_DW5f64Pk7Oa.mp4 (136.8s)
2026-07-22 19:07:49 [INFO] ai_bulk_remix: [62/75] START -> kiran.craft.and.creations_2026-04-13_DXFFn_mjS00.mp4
2026-07-22 19:08:06 [INFO] ai_bulk_remix: [58/75] DONE  kiran.craft.and.creations_2026-04-13_DXEOkmJgc6u.mp4 (31.5s)
2026-07-22 19:08:06 [INFO] ai_bulk_remix: [63/75] START -> kiran.craft.and.creations_2026-04-14_DXF8aBHjcAd.mp4
2026-07-22 19:08:08 [INFO] ai_bulk_remix: [59/75] DONE  kiran.craft.and.creations_2026-04-13_DXEcTQcj2Uc.mp4 (29.5s)
2026-07-22 19:08:08 [INFO] ai_bulk_remix: [64/75] START -> kiran.craft.and.creations_2026-04-14_DXFTNfljTwR.mp4
2026-07-22 19:08:22 [INFO] ai_bulk_remix: [61/75] DONE  kiran.craft.and.creations_2026-04-13_DXEqLU6AnH2.mp4 (32.5s)
2026-07-22 19:08:22 [INFO] ai_bulk_remix: [65/75] START -> kiran.craft.and.creations_2026-04-14_DXFg8mAj85W.mp4
2026-07-22 19:08:23 [INFO] ai_bulk_remix: [62/75] DONE  kiran.craft.and.creations_2026-04-13_DXFFn_mjS00.mp4 (32.3s)
2026-07-22 19:08:23 [INFO] ai_bulk_remix: [66/75] START -> kiran.craft.and.creations_2026-04-14_DXFunxXghEO.mp4
2026-07-22 19:08:36 [INFO] ai_bulk_remix: [63/75] DONE  kiran.craft.and.creations_2026-04-14_DXF8aBHjcAd.mp4 (27.8s)
2026-07-22 19:08:36 [INFO] ai_bulk_remix: [67/75] START -> kiran.craft.and.creations_2026-04-14_DXGKMxViGOH.mp4
2026-07-22 19:08:42 [INFO] ai_bulk_remix: [64/75] DONE  kiran.craft.and.creations_2026-04-14_DXFTNfljTwR.mp4 (31.6s)
2026-07-22 19:08:42 [INFO] ai_bulk_remix: [68/75] START -> kiran.craft.and.creations_2026-04-14_DXGYcYHAFkT.mp4
2026-07-22 19:08:52 [INFO] ai_bulk_remix: [66/75] DONE  kiran.craft.and.creations_2026-04-14_DXFunxXghEO.mp4 (26.9s)
2026-07-22 19:08:52 [INFO] ai_bulk_remix: [69/75] START -> kiran.craft.and.creations_2026-04-14_DXGl2nGFauK.mp4
2026-07-22 19:08:53 [INFO] ai_bulk_remix: [65/75] DONE  kiran.craft.and.creations_2026-04-14_DXFg8mAj85W.mp4 (28.7s)
2026-07-22 19:08:56 [INFO] ai_bulk_remix: [70/75] START -> kiran.craft.and.creations_2026-04-14_DXGzb_3jBgy.mp4
2026-07-22 19:09:07 [INFO] ai_bulk_remix: [67/75] DONE  kiran.craft.and.creations_2026-04-14_DXGKMxViGOH.mp4 (28.8s)
2026-07-22 19:09:07 [INFO] ai_bulk_remix: [71/75] START -> kiran.craft.and.creations_2026-04-14_DXHBMfklFRD.mp4
2026-07-22 19:09:14 [INFO] ai_bulk_remix: [68/75] DONE  kiran.craft.and.creations_2026-04-14_DXGYcYHAFkT.mp4 (29.3s)
2026-07-22 19:09:14 [INFO] ai_bulk_remix: [72/75] START -> kiran.craft.and.creations_2026-04-15_DXIYTxZAlM5.mp4
2026-07-22 19:09:21 [INFO] ai_bulk_remix: [69/75] DONE  kiran.craft.and.creations_2026-04-14_DXGl2nGFauK.mp4 (27.7s)
2026-07-22 19:09:21 [INFO] ai_bulk_remix: [73/75] START -> kiran.craft.and.creations_2026-04-15_DXJewjaChXA.mp4
2026-07-22 19:09:28 [INFO] ai_bulk_remix: [70/75] DONE  kiran.craft.and.creations_2026-04-14_DXGzb_3jBgy.mp4 (28.8s)
2026-07-22 19:09:28 [INFO] ai_bulk_remix: [74/75] START -> kiran.craft.and.creations_2026-04-16_DXLE0dcgJEm.mp4
2026-07-22 19:09:38 [INFO] ai_bulk_remix: [71/75] DONE  kiran.craft.and.creations_2026-04-14_DXHBMfklFRD.mp4 (28.4s)
2026-07-22 19:09:38 [INFO] ai_bulk_remix: [75/75] START -> kiran.craft.and.creations_2026-04-17_DXOjT04gpSs.mp4
2026-07-22 19:09:47 [INFO] ai_bulk_remix: [72/75] DONE  kiran.craft.and.creations_2026-04-15_DXIYTxZAlM5.mp4 (30.3s)
2026-07-22 19:09:52 [INFO] ai_bulk_remix: [73/75] DONE  kiran.craft.and.creations_2026-04-15_DXJewjaChXA.mp4 (28.3s)
2026-07-22 19:09:53 [INFO] ai_bulk_remix: [57/75] DONE  kiran.craft.and.creations_2026-04-13_DXEMXSRjD0d.mp4 (139.1s)
2026-07-22 19:09:55 [INFO] ai_bulk_remix: [74/75] DONE  kiran.craft.and.creations_2026-04-16_DXLE0dcgJEm.mp4 (25.6s)
2026-07-22 19:09:59 [INFO] ai_bulk_remix: [75/75] DONE  kiran.craft.and.creations_2026-04-17_DXOjT04gpSs.mp4 (18.0s)
2026-07-22 19:10:00 [INFO] ai_bulk_remix: [60/75] DONE  kiran.craft.and.creations_2026-04-13_DXEjMM0jFFV.mp4 (136.0s)
2026-07-22 19:10:00 [INFO] ai_bulk_remix: ==================================================
2026-07-22 19:10:00 [INFO] ai_bulk_remix: BATCH PROCESSING COMPLETED
2026-07-22 19:10:00 [INFO] ai_bulk_remix: Successful: 75
2026-07-22 19:10:00 [INFO] ai_bulk_remix: Failed: 0
2026-07-22 19:10:00 [INFO] ai_bulk_remix: Skipped: 0
2026-07-22 19:10:00 [INFO] ai_bulk_remix: Total time: 883.2s
2026-07-22 19:10:00 [INFO] ai_bulk_remix: ==================================================
2026-07-22 19:14:42 [INFO] ai_bulk_remix: Application exiting with code 0
2026-07-25 12:07:04 [INFO] ai_bulk_remix: ==================================================
2026-07-25 12:07:04 [INFO] ai_bulk_remix: AI Bulk Remix Studio v1.0.0 starting...
2026-07-25 12:07:04 [INFO] ai_bulk_remix: Base directory: C:\Users\h\ai-bulk-remix-studio
2026-07-25 12:07:04 [INFO] ai_bulk_remix: Python: 3.10.0 (tags/v3.10.0:b494f59, Oct  4 2021, 19:00:18) [MSC v.1929 64 bit (AMD64)]
2026-07-25 12:07:04 [INFO] ai_bulk_remix: Platform: win32
2026-07-25 12:07:04 [INFO] ai_bulk_remix: ==================================================
2026-07-25 12:07:27 [INFO] ai_bulk_remix: GPU encoders detected: h264_nvenc, hevc_nvenc, av1_nvenc, h264_qsv, hevc_qsv, h264_amf, hevc_amf
2026-07-25 12:07:27 [INFO] ai_bulk_remix: MainWindow initialized
2026-07-25 12:07:28 [INFO] ai_bulk_remix: MainWindow displayed successfully.
2026-07-25 12:07:28 [INFO] ai_bulk_remix: FFmpeg detected: version 8.1.2-full_build-www.gyan.dev
2026-07-25 12:10:29 [INFO] ai_bulk_remix: Scanned C:/Users/h/Videos/MassDownloader_satisfying2x_user_reels_2026-07-12: 0 video(s) found
2026-07-25 12:10:31 [INFO] ai_bulk_remix: Scanned C:/Users/h/Videos/MassDownloader_satisfying2x_user_reels_2026-07-12: 0 video(s) found
2026-07-25 12:11:21 [INFO] ai_bulk_remix: Scanned C:/Users/h/Videos/MassDownloader_satisfying2x_user_reels_2026-07-12: 0 video(s) found
2026-07-25 12:11:45 [INFO] ai_bulk_remix: Scanned C:/Users/h/Videos/MassDownloader_satisfying2x_user_reels_2026-07-12: 66 video(s) found
2026-07-25 12:14:15 [INFO] ai_bulk_remix: ==================================================
2026-07-25 12:14:15 [INFO] ai_bulk_remix: BATCH PROCESSING STARTED
2026-07-25 12:14:15 [INFO] ai_bulk_remix: Total files: 66
2026-07-25 12:14:15 [INFO] ai_bulk_remix: Output directory: C:/Users/h/Videos/MassDownloader_satisfying2x_user_reels_2026-07-12/satisfying2x/edit
2026-07-25 12:14:15 [INFO] ai_bulk_remix: Workers: 6
2026-07-25 12:14:15 [INFO] ai_bulk_remix: Encoder: h264_nvenc
2026-07-25 12:14:15 [INFO] ai_bulk_remix: ==================================================
2026-07-25 12:14:15 [INFO] ai_bulk_remix: [1/66] START -> 3555921922853716017_72267287837.mp4
2026-07-25 12:14:15 [INFO] ai_bulk_remix: [2/66] START -> 3556507939483827168_72267287837.mp4
2026-07-25 12:14:15 [INFO] ai_bulk_remix: [3/66] START -> 3573174637032907578_72267287837.mp4
2026-07-25 12:14:15 [INFO] ai_bulk_remix: [4/66] START -> 3573946252903402323_72267287837.mp4
2026-07-25 12:14:15 [INFO] ai_bulk_remix: [5/66] START -> 3574636233697571636_72267287837.mp4
2026-07-25 12:14:15 [INFO] ai_bulk_remix: [6/66] START -> 3575340636754783454_72267287837.mp4
2026-07-25 12:19:20 [INFO] ai_bulk_remix: [3/66] DONE  3573174637032907578_72267287837.mp4 (303.5s)
2026-07-25 12:19:20 [INFO] ai_bulk_remix: [7/66] START -> 3576099798528808297_72267287837.mp4
2026-07-25 12:19:26 [INFO] ai_bulk_remix: [5/66] DONE  3574636233697571636_72267287837.mp4 (309.5s)
2026-07-25 12:19:26 [INFO] ai_bulk_remix: [8/66] START -> 3576785536742498672_72267287837.mp4
2026-07-25 12:19:36 [INFO] ai_bulk_remix: [4/66] DONE  3573946252903402323_72267287837.mp4 (319.4s)
2026-07-25 12:19:37 [INFO] ai_bulk_remix: [9/66] START -> 3576816907863099610_72267287837.mp4
2026-07-25 12:19:56 [INFO] ai_bulk_remix: [1/66] DONE  3555921922853716017_72267287837.mp4 (339.2s)
2026-07-25 12:19:56 [INFO] ai_bulk_remix: [10/66] START -> 3577501833201478066_72267287837.mp4
2026-07-25 12:20:08 [INFO] ai_bulk_remix: [6/66] DONE  3575340636754783454_72267287837.mp4 (351.7s)
2026-07-25 12:20:08 [INFO] ai_bulk_remix: [11/66] START -> 3578311938245306538_72267287837.mp4
2026-07-25 12:20:19 [INFO] ai_bulk_remix: [2/66] DONE  3556507939483827168_72267287837.mp4 (362.6s)
2026-07-25 12:20:19 [INFO] ai_bulk_remix: [12/66] START -> 3578968502977476492_72267287837.mp4
2026-07-25 12:24:01 [INFO] ai_bulk_remix: [8/66] DONE  3576785536742498672_72267287837.mp4 (272.6s)
2026-07-25 12:24:01 [INFO] ai_bulk_remix: [13/66] START -> 3582569906973422361_72267287837.mp4
2026-07-25 12:24:09 [INFO] ai_bulk_remix: [10/66] DONE  3577501833201478066_72267287837.mp4 (250.7s)
2026-07-25 12:24:09 [INFO] ai_bulk_remix: [14/66] START -> 3582674241585475732_72267287837.mp4
2026-07-25 12:24:09 [INFO] ai_bulk_remix: [9/66] DONE  3576816907863099610_72267287837.mp4 (269.6s)
2026-07-25 12:24:09 [INFO] ai_bulk_remix: [15/66] START -> 3584764258296732651_72267287837.mp4
2026-07-25 12:24:15 [INFO] ai_bulk_remix: [7/66] DONE  3576099798528808297_72267287837.mp4 (292.2s)
2026-07-25 12:24:15 [INFO] ai_bulk_remix: [16/66] START -> 3584783634644858683_72267287837.mp4
2026-07-25 12:24:27 [INFO] ai_bulk_remix: [11/66] DONE  3578311938245306538_72267287837.mp4 (255.7s)
2026-07-25 12:24:27 [INFO] ai_bulk_remix: [17/66] START -> 3585437901922002845_72267287837.mp4
2026-07-25 12:24:39 [INFO] ai_bulk_remix: [12/66] DONE  3578968502977476492_72267287837.mp4 (257.4s)
2026-07-25 12:24:39 [INFO] ai_bulk_remix: [18/66] START -> 3586292154993402099_72267287837.mp4
2026-07-25 12:26:38 [INFO] ai_bulk_remix: [18/66] DONE  3586292154993402099_72267287837.mp4 (110.9s)
2026-07-25 12:26:38 [INFO] ai_bulk_remix: [19/66] START -> 3586306659064405059_72267287837.mp4
2026-07-25 12:26:39 [INFO] ai_bulk_remix: [14/66] DONE  3582674241585475732_72267287837.mp4 (144.6s)
2026-07-25 12:26:39 [INFO] ai_bulk_remix: [20/66] START -> 3586929484999692246_72267287837.mp4
2026-07-25 12:26:40 [INFO] ai_bulk_remix: [15/66] DONE  3584764258296732651_72267287837.mp4 (145.2s)
2026-07-25 12:26:40 [INFO] ai_bulk_remix: [21/66] START -> 3587702650128698591_72267287837.mp4
2026-07-25 12:29:16 [INFO] ai_bulk_remix: [20/66] DONE  3586929484999692246_72267287837.mp4 (154.4s)
2026-07-25 12:29:16 [INFO] ai_bulk_remix: [22/66] START -> 3587733464413451788_72267287837.mp4
2026-07-25 12:29:18 [INFO] ai_bulk_remix: [13/66] DONE  3582569906973422361_72267287837.mp4 (309.5s)
2026-07-25 12:29:18 [INFO] ai_bulk_remix: [23/66] START -> 3588336543448338427_72267287837.mp4
2026-07-25 12:29:33 [INFO] ai_bulk_remix: [19/66] DONE  3586306659064405059_72267287837.mp4 (172.3s)
2026-07-25 12:29:33 [INFO] ai_bulk_remix: [24/66] START -> 3588454659610035588_72267287837.mp4
2026-07-25 12:29:52 [INFO] ai_bulk_remix: [16/66] DONE  3584783634644858683_72267287837.mp4 (331.4s)
2026-07-25 12:29:52 [INFO] ai_bulk_remix: [25/66] START -> 3589146949821469772_72267287837.mp4
2026-07-25 12:30:07 [INFO] ai_bulk_remix: [17/66] DONE  3585437901922002845_72267287837.mp4 (332.0s)
2026-07-25 12:30:07 [INFO] ai_bulk_remix: [26/66] START -> 3589195734507262699_72267287837.mp4
2026-07-25 12:31:24 [INFO] ai_bulk_remix: [24/66] DONE  3588454659610035588_72267287837.mp4 (109.1s)
2026-07-25 12:31:24 [INFO] ai_bulk_remix: [27/66] START -> 3590640662898688647_72267287837.mp4
2026-07-25 12:31:31 [INFO] ai_bulk_remix: [26/66] DONE  3589195734507262699_72267287837.mp4 (81.8s)
2026-07-25 12:31:31 [INFO] ai_bulk_remix: [28/66] START -> 3591957692216288281_72267287837.mp4
2026-07-25 12:31:51 [INFO] ai_bulk_remix: [21/66] DONE  3587702650128698591_72267287837.mp4 (308.9s)
2026-07-25 12:31:51 [INFO] ai_bulk_remix: [29/66] START -> 3592710982059286179_72267287837.mp4
2026-07-25 12:32:57 [INFO] ai_bulk_remix: [27/66] DONE  3590640662898688647_72267287837.mp4 (92.1s)
2026-07-25 12:32:57 [INFO] ai_bulk_remix: [30/66] START -> 3593370147574024576_72267287837.mp4
2026-07-25 12:33:35 [INFO] ai_bulk_remix: [25/66] DONE  3589146949821469772_72267287837.mp4 (220.3s)
2026-07-25 12:33:35 [INFO] ai_bulk_remix: [31/66] START -> 3594286142111330148_72267287837.mp4
2026-07-25 12:33:37 [INFO] ai_bulk_remix: [29/66] DONE  3592710982059286179_72267287837.mp4 (103.6s)
2026-07-25 12:33:37 [INFO] ai_bulk_remix: [32/66] START -> 3600738413039028052_72267287837.mp4
2026-07-25 12:33:41 [INFO] ai_bulk_remix: [22/66] DONE  3587733464413451788_72267287837.mp4 (263.3s)
2026-07-25 12:33:41 [INFO] ai_bulk_remix: [33/66] START -> 3606562892409142308_72267287837.mp4
2026-07-25 12:34:00 [INFO] ai_bulk_remix: [23/66] DONE  3588336543448338427_72267287837.mp4 (280.5s)
2026-07-25 12:34:00 [INFO] ai_bulk_remix: [34/66] START -> 3606566438240118807_72267287837.mp4
2026-07-25 12:35:42 [INFO] ai_bulk_remix: [30/66] DONE  3593370147574024576_72267287837.mp4 (162.7s)
2026-07-25 12:35:42 [INFO] ai_bulk_remix: [35/66] START -> 3607165585752338652_72267287837.mp4
2026-07-25 12:35:42 [INFO] ai_bulk_remix: [28/66] DONE  3591957692216288281_72267287837.mp4 (249.9s)
2026-07-25 12:35:42 [INFO] ai_bulk_remix: [36/66] START -> 3607206410725287483_72267287837.mp4
2026-07-25 12:35:45 [INFO] ai_bulk_remix: [31/66] DONE  3594286142111330148_72267287837.mp4 (129.0s)
2026-07-25 12:35:46 [INFO] ai_bulk_remix: [37/66] START -> 3607740570925436924_72267287837.mp4
2026-07-25 12:36:15 [INFO] ai_bulk_remix: [34/66] DONE  3606566438240118807_72267287837.mp4 (133.0s)
2026-07-25 12:36:15 [INFO] ai_bulk_remix: [38/66] START -> 3607783149872297325_72267287837.mp4
2026-07-25 12:38:08 [INFO] ai_bulk_remix: [33/66] DONE  3606562892409142308_72267287837.mp4 (264.1s)
2026-07-25 12:38:08 [INFO] ai_bulk_remix: [39/66] START -> 3607875337687990191_72267287837.mp4
2026-07-25 12:38:25 [INFO] ai_bulk_remix: [32/66] DONE  3600738413039028052_72267287837.mp4 (285.4s)
2026-07-25 12:38:25 [INFO] ai_bulk_remix: [40/66] START -> 3608593276047195811_72267287837.mp4
2026-07-25 12:39:53 [INFO] ai_bulk_remix: [39/66] DONE  3607875337687990191_72267287837.mp4 (103.3s)
2026-07-25 12:39:53 [INFO] ai_bulk_remix: [41/66] START -> 3608620653412564516_72267287837.mp4
2026-07-25 12:40:18 [INFO] ai_bulk_remix: [37/66] DONE  3607740570925436924_72267287837.mp4 (270.2s)
2026-07-25 12:40:18 [INFO] ai_bulk_remix: [42/66] START -> 3608756316906329204_72267287837.mp4
2026-07-25 12:40:18 [INFO] ai_bulk_remix: [36/66] DONE  3607206410725287483_72267287837.mp4 (274.3s)
2026-07-25 12:40:18 [INFO] ai_bulk_remix: [43/66] START -> 3608796868832073465_72267287837.mp4
2026-07-25 12:40:38 [INFO] ai_bulk_remix: [35/66] DONE  3607165585752338652_72267287837.mp4 (294.5s)
2026-07-25 12:40:38 [INFO] ai_bulk_remix: [44/66] START -> 3609330822983284589_72267287837.mp4
2026-07-25 12:40:39 [INFO] ai_bulk_remix: [38/66] DONE  3607783149872297325_72267287837.mp4 (261.6s)
2026-07-25 12:40:39 [INFO] ai_bulk_remix: [45/66] START -> 3609396780670294020_72267287837.mp4
2026-07-25 12:42:29 [INFO] ai_bulk_remix: [43/66] DONE  3608796868832073465_72267287837.mp4 (129.3s)
2026-07-25 12:42:29 [INFO] ai_bulk_remix: [46/66] START -> 3610059785913259184_72267287837.mp4
2026-07-25 12:42:49 [INFO] ai_bulk_remix: [45/66] DONE  3609396780670294020_72267287837.mp4 (128.3s)
2026-07-25 12:42:49 [INFO] ai_bulk_remix: [47/66] START -> 3610074950948072043_72267287837.mp4
2026-07-25 12:43:25 [INFO] ai_bulk_remix: [40/66] DONE  3608593276047195811_72267287837.mp4 (298.1s)
2026-07-25 12:43:25 [INFO] ai_bulk_remix: [48/66] START -> 3610206335228202592_72267287837.mp4
2026-07-25 12:44:08 [INFO] ai_bulk_remix: [47/66] DONE  3610074950948072043_72267287837.mp4 (77.9s)
2026-07-25 12:44:08 [INFO] ai_bulk_remix: [49/66] START -> 3610785775694263534_72267287837.mp4
2026-07-25 12:44:17 [INFO] ai_bulk_remix: [46/66] DONE  3610059785913259184_72267287837.mp4 (106.5s)
2026-07-25 12:44:17 [INFO] ai_bulk_remix: [50/66] START -> 3610841218768040047_72267287837.mp4
2026-07-25 12:44:53 [INFO] ai_bulk_remix: [44/66] DONE  3609330822983284589_72267287837.mp4 (252.8s)
2026-07-25 12:44:53 [INFO] ai_bulk_remix: [51/66] START -> 3610954741808478736_72267287837.mp4
2026-07-25 12:44:58 [INFO] ai_bulk_remix: [41/66] DONE  3608620653412564516_72267287837.mp4 (302.6s)
2026-07-25 12:44:58 [INFO] ai_bulk_remix: [52/66] START -> 3612255828092788234_72267287837.mp4
2026-07-25 12:45:00 [INFO] ai_bulk_remix: [42/66] DONE  3608756316906329204_72267287837.mp4 (280.1s)
2026-07-25 12:45:00 [INFO] ai_bulk_remix: [53/66] START -> 3612429368292718662_72267287837.mp4
2026-07-25 12:46:04 [INFO] ai_bulk_remix: [50/66] DONE  3610841218768040047_72267287837.mp4 (105.0s)
2026-07-25 12:46:04 [INFO] ai_bulk_remix: [54/66] START -> 3612933468920802523_72267287837.mp4
2026-07-25 12:46:46 [INFO] ai_bulk_remix: [53/66] DONE  3612429368292718662_72267287837.mp4 (103.9s)
2026-07-25 12:46:46 [INFO] ai_bulk_remix: [55/66] START -> 3613113554919813195_72267287837.mp4
2026-07-25 12:47:41 [INFO] ai_bulk_remix: [48/66] DONE  3610206335228202592_72267287837.mp4 (254.1s)
2026-07-25 12:47:41 [INFO] ai_bulk_remix: [56/66] START -> 3613604982628297663_72267287837.mp4
2026-07-25 12:48:27 [INFO] ai_bulk_remix: [55/66] DONE  3613113554919813195_72267287837.mp4 (99.0s)
2026-07-25 12:48:27 [INFO] ai_bulk_remix: [57/66] START -> 3613833863616640989_72267287837.mp4
2026-07-25 12:48:55 [INFO] ai_bulk_remix: [49/66] DONE  3610785775694263534_72267287837.mp4 (284.7s)
2026-07-25 12:48:55 [INFO] ai_bulk_remix: [58/66] START -> 3614336896628848674_72267287837.mp4
2026-07-25 12:49:18 [INFO] ai_bulk_remix: [52/66] DONE  3612255828092788234_72267287837.mp4 (259.3s)
2026-07-25 12:49:18 [INFO] ai_bulk_remix: [59/66] START -> 3614561074351130204_72267287837.mp4
2026-07-25 12:49:35 [INFO] ai_bulk_remix: [51/66] DONE  3610954741808478736_72267287837.mp4 (276.2s)
2026-07-25 12:49:35 [INFO] ai_bulk_remix: [60/66] START -> 3615227444258917223_72267287837.mp4
2026-07-25 12:51:38 [INFO] ai_bulk_remix: [54/66] DONE  3612933468920802523_72267287837.mp4 (331.9s)
2026-07-25 12:51:38 [INFO] ai_bulk_remix: [61/66] START -> 3615828557267687597_72267287837.mp4
2026-07-25 12:52:10 [INFO] ai_bulk_remix: [56/66] DONE  3613604982628297663_72267287837.mp4 (267.4s)
2026-07-25 12:52:10 [INFO] ai_bulk_remix: [62/66] START -> 3615856050563519359_72267287837.mp4
2026-07-25 12:52:46 [INFO] ai_bulk_remix: [57/66] DONE  3613833863616640989_72267287837.mp4 (257.3s)
2026-07-25 12:52:46 [INFO] ai_bulk_remix: [63/66] START -> 3616554910132551039_72267287837.mp4
2026-07-25 12:54:07 [INFO] ai_bulk_remix: [60/66] DONE  3615227444258917223_72267287837.mp4 (270.6s)
2026-07-25 12:54:07 [INFO] ai_bulk_remix: [64/66] START -> 3616613543803750813_72267287837.mp4
2026-07-25 12:54:34 [INFO] ai_bulk_remix: [59/66] DONE  3614561074351130204_72267287837.mp4 (314.5s)
2026-07-25 12:54:34 [INFO] ai_bulk_remix: [65/66] START -> 3616680124277596268_72267287837.mp4
2026-07-25 12:55:28 [INFO] ai_bulk_remix: [62/66] DONE  3615856050563519359_72267287837.mp4 (195.9s)
2026-07-25 12:55:28 [INFO] ai_bulk_remix: [66/66] START -> 3616741555142172074_72267287837.mp4
2026-07-25 12:56:15 [INFO] ai_bulk_remix: [61/66] DONE  3615828557267687597_72267287837.mp4 (275.5s)
2026-07-25 12:56:22 [INFO] ai_bulk_remix: [65/66] DONE  3616680124277596268_72267287837.mp4 (106.1s)
2026-07-25 12:56:54 [INFO] ai_bulk_remix: [66/66] DONE  3616741555142172074_72267287837.mp4 (84.4s)
2026-07-25 12:56:57 [INFO] ai_bulk_remix: [63/66] DONE  3616554910132551039_72267287837.mp4 (248.6s)
2026-07-25 12:57:17 [INFO] ai_bulk_remix: [64/66] DONE  3616613543803750813_72267287837.mp4 (187.9s)
2026-07-25 12:57:39 [INFO] ai_bulk_remix: [58/66] DONE  3614336896628848674_72267287837.mp4 (522.2s)
2026-07-25 12:57:39 [INFO] ai_bulk_remix: ==================================================
2026-07-25 12:57:39 [INFO] ai_bulk_remix: BATCH PROCESSING COMPLETED
2026-07-25 12:57:39 [INFO] ai_bulk_remix: Successful: 66
2026-07-25 12:57:39 [INFO] ai_bulk_remix: Failed: 0
2026-07-25 12:57:39 [INFO] ai_bulk_remix: Skipped: 0
2026-07-25 12:57:39 [INFO] ai_bulk_remix: Total time: 2603.6s
2026-07-25 12:57:39 [INFO] ai_bulk_remix: ==================================================
2026-07-25 13:28:37 [INFO] ai_bulk_remix: ==================================================
2026-07-25 13:28:37 [INFO] ai_bulk_remix: AI Bulk Remix Studio v1.0.0 starting...
2026-07-25 13:28:37 [INFO] ai_bulk_remix: Base directory: C:\Users\h\ai-bulk-remix-studio
2026-07-25 13:28:37 [INFO] ai_bulk_remix: Python: 3.10.0 (tags/v3.10.0:b494f59, Oct  4 2021, 19:00:18) [MSC v.1929 64 bit (AMD64)]
2026-07-25 13:28:37 [INFO] ai_bulk_remix: Platform: win32
2026-07-25 13:28:37 [INFO] ai_bulk_remix: ==================================================
2026-07-25 13:28:43 [INFO] ai_bulk_remix: GPU encoders detected: h264_nvenc, hevc_nvenc, av1_nvenc, h264_qsv, hevc_qsv, h264_amf, hevc_amf
2026-07-25 13:28:43 [INFO] ai_bulk_remix: MainWindow initialized
2026-07-25 13:28:43 [INFO] ai_bulk_remix: MainWindow displayed successfully.
2026-07-25 13:28:44 [INFO] ai_bulk_remix: FFmpeg detected: version 8.1.2-full_build-www.gyan.dev
2026-07-25 13:29:27 [INFO] ai_bulk_remix: Scanned C:/Users/h/Videos/MassDownloader_satisfying2x_user_reels_2026-07-12/satisfying2x: 66 video(s) found
2026-07-25 13:29:27 [INFO] ai_bulk_remix: Scanned C:/Users/h/Videos/MassDownloader_satisfying2x_user_reels_2026-07-12/satisfying2x: 66 video(s) found
2026-07-25 13:29:27 [INFO] ai_bulk_remix: Scanned C:/Users/h/Videos/MassDownloader_satisfying2x_user_reels_2026-07-12/satisfying2x: 66 video(s) found
2026-07-25 13:29:56 [INFO] ai_bulk_remix: ==================================================
2026-07-25 13:29:56 [INFO] ai_bulk_remix: BATCH PROCESSING STARTED
2026-07-25 13:29:56 [INFO] ai_bulk_remix: Total files: 66
2026-07-25 13:29:56 [INFO] ai_bulk_remix: Output directory: C:/Users/h/Videos/MassDownloader_satisfying2x_user_reels_2026-07-12/satisfying2x/edit
2026-07-25 13:29:56 [INFO] ai_bulk_remix: Workers: 6
2026-07-25 13:29:56 [INFO] ai_bulk_remix: Encoder: h264_nvenc
2026-07-25 13:29:56 [INFO] ai_bulk_remix: ==================================================
2026-07-25 13:29:56 [INFO] ai_bulk_remix: [1/66] START -> 3555921922853716017_72267287837.mp4
2026-07-25 13:29:56 [INFO] ai_bulk_remix: [2/66] START -> 3556507939483827168_72267287837.mp4
2026-07-25 13:29:56 [INFO] ai_bulk_remix: [3/66] START -> 3573174637032907578_72267287837.mp4
2026-07-25 13:29:56 [INFO] ai_bulk_remix: [4/66] START -> 3573946252903402323_72267287837.mp4
2026-07-25 13:29:56 [INFO] ai_bulk_remix: [5/66] START -> 3574636233697571636_72267287837.mp4
2026-07-25 13:29:56 [INFO] ai_bulk_remix: [6/66] START -> 3575340636754783454_72267287837.mp4
2026-07-25 13:33:16 [INFO] ai_bulk_remix: [5/66] DONE  3574636233697571636_72267287837.mp4 (199.3s)
2026-07-25 13:33:16 [INFO] ai_bulk_remix: [7/66] START -> 3576099798528808297_72267287837.mp4
2026-07-25 13:33:17 [INFO] ai_bulk_remix: [3/66] DONE  3573174637032907578_72267287837.mp4 (200.2s)
2026-07-25 13:33:17 [INFO] ai_bulk_remix: [8/66] START -> 3576785536742498672_72267287837.mp4
2026-07-25 13:33:19 [INFO] ai_bulk_remix: [4/66] DONE  3573946252903402323_72267287837.mp4 (202.9s)
2026-07-25 13:33:19 [INFO] ai_bulk_remix: [9/66] START -> 3576816907863099610_72267287837.mp4
2026-07-25 13:33:43 [INFO] ai_bulk_remix: [1/66] DONE  3555921922853716017_72267287837.mp4 (227.0s)
2026-07-25 13:33:43 [INFO] ai_bulk_remix: [10/66] START -> 3577501833201478066_72267287837.mp4
2026-07-25 13:33:48 [INFO] ai_bulk_remix: [6/66] DONE  3575340636754783454_72267287837.mp4 (231.7s)
2026-07-25 13:33:48 [INFO] ai_bulk_remix: [11/66] START -> 3578311938245306538_72267287837.mp4
2026-07-25 13:33:51 [INFO] ai_bulk_remix: [2/66] DONE  3556507939483827168_72267287837.mp4 (234.9s)
2026-07-25 13:33:51 [INFO] ai_bulk_remix: [12/66] START -> 3578968502977476492_72267287837.mp4
2026-07-25 13:36:19 [INFO] ai_bulk_remix: [10/66] DONE  3577501833201478066_72267287837.mp4 (154.0s)
2026-07-25 13:36:19 [INFO] ai_bulk_remix: [13/66] START -> 3582569906973422361_72267287837.mp4
2026-07-25 13:36:57 [INFO] ai_bulk_remix: [8/66] DONE  3576785536742498672_72267287837.mp4 (219.0s)
2026-07-25 13:36:57 [INFO] ai_bulk_remix: [14/66] START -> 3582674241585475732_72267287837.mp4
2026-07-25 13:36:59 [INFO] ai_bulk_remix: [9/66] DONE  3576816907863099610_72267287837.mp4 (217.3s)
2026-07-25 13:36:59 [INFO] ai_bulk_remix: [15/66] START -> 3584764258296732651_72267287837.mp4
2026-07-25 13:37:10 [INFO] ai_bulk_remix: [7/66] DONE  3576099798528808297_72267287837.mp4 (232.3s)
2026-07-25 13:37:10 [INFO] ai_bulk_remix: [11/66] DONE  3578311938245306538_72267287837.mp4 (199.6s)
2026-07-25 13:37:10 [INFO] ai_bulk_remix: [16/66] START -> 3584783634644858683_72267287837.mp4
2026-07-25 13:37:11 [INFO] ai_bulk_remix: [17/66] START -> 3585437901922002845_72267287837.mp4
2026-07-25 13:37:34 [INFO] ai_bulk_remix: [12/66] DONE  3578968502977476492_72267287837.mp4 (220.2s)
2026-07-25 13:37:34 [INFO] ai_bulk_remix: [18/66] START -> 3586292154993402099_72267287837.mp4
2026-07-25 13:38:47 [INFO] ai_bulk_remix: [18/66] DONE  3586292154993402099_72267287837.mp4 (71.4s)
2026-07-25 13:38:47 [INFO] ai_bulk_remix: [19/66] START -> 3586306659064405059_72267287837.mp4
2026-07-25 13:39:32 [INFO] ai_bulk_remix: [13/66] DONE  3582569906973422361_72267287837.mp4 (190.9s)
2026-07-25 13:39:32 [INFO] ai_bulk_remix: [20/66] START -> 3586929484999692246_72267287837.mp4
2026-07-25 13:40:05 [INFO] ai_bulk_remix: [15/66] DONE  3584764258296732651_72267287837.mp4 (184.6s)
2026-07-25 13:40:05 [INFO] ai_bulk_remix: [21/66] START -> 3587702650128698591_72267287837.mp4
2026-07-25 13:40:15 [INFO] ai_bulk_remix: [16/66] DONE  3584783634644858683_72267287837.mp4 (184.0s)
2026-07-25 13:40:15 [INFO] ai_bulk_remix: [22/66] START -> 3587733464413451788_72267287837.mp4
2026-07-25 13:40:20 [INFO] ai_bulk_remix: [14/66] DONE  3582674241585475732_72267287837.mp4 (200.3s)
2026-07-25 13:40:20 [INFO] ai_bulk_remix: [23/66] START -> 3588336543448338427_72267287837.mp4
2026-07-25 13:40:28 [INFO] ai_bulk_remix: [17/66] DONE  3585437901922002845_72267287837.mp4 (194.7s)
2026-07-25 13:40:28 [INFO] ai_bulk_remix: [24/66] START -> 3588454659610035588_72267287837.mp4
2026-07-25 13:41:38 [INFO] ai_bulk_remix: [24/66] DONE  3588454659610035588_72267287837.mp4 (68.8s)
2026-07-25 13:41:38 [INFO] ai_bulk_remix: [25/66] START -> 3589146949821469772_72267287837.mp4
2026-07-25 13:42:20 [INFO] ai_bulk_remix: [19/66] DONE  3586306659064405059_72267287837.mp4 (211.3s)
2026-07-25 13:42:20 [INFO] ai_bulk_remix: [26/66] START -> 3589195734507262699_72267287837.mp4
2026-07-25 13:42:48 [INFO] ai_bulk_remix: [20/66] DONE  3586929484999692246_72267287837.mp4 (194.4s)
2026-07-25 13:42:48 [INFO] ai_bulk_remix: [27/66] START -> 3590640662898688647_72267287837.mp4
2026-07-25 13:43:20 [INFO] ai_bulk_remix: [21/66] DONE  3587702650128698591_72267287837.mp4 (193.6s)
2026-07-25 13:43:20 [INFO] ai_bulk_remix: [28/66] START -> 3591957692216288281_72267287837.mp4
2026-07-25 13:43:23 [INFO] ai_bulk_remix: [26/66] DONE  3589195734507262699_72267287837.mp4 (60.4s)
2026-07-25 13:43:23 [INFO] ai_bulk_remix: [29/66] START -> 3592710982059286179_72267287837.mp4
2026-07-25 13:43:33 [INFO] ai_bulk_remix: [22/66] DONE  3587733464413451788_72267287837.mp4 (195.3s)
2026-07-25 13:43:33 [INFO] ai_bulk_remix: [30/66] START -> 3593370147574024576_72267287837.mp4
2026-07-25 13:43:52 [INFO] ai_bulk_remix: [23/66] DONE  3588336543448338427_72267287837.mp4 (210.4s)
2026-07-25 13:43:52 [INFO] ai_bulk_remix: [31/66] START -> 3594286142111330148_72267287837.mp4
2026-07-25 13:44:07 [INFO] ai_bulk_remix: [27/66] DONE  3590640662898688647_72267287837.mp4 (77.4s)
2026-07-25 13:44:07 [INFO] ai_bulk_remix: [32/66] START -> 3600738413039028052_72267287837.mp4
2026-07-25 13:44:39 [INFO] ai_bulk_remix: [29/66] DONE  3592710982059286179_72267287837.mp4 (74.2s)
2026-07-25 13:44:39 [INFO] ai_bulk_remix: [33/66] START -> 3606562892409142308_72267287837.mp4
2026-07-25 13:45:03 [INFO] ai_bulk_remix: [25/66] DONE  3589146949821469772_72267287837.mp4 (202.4s)
2026-07-25 13:45:03 [INFO] ai_bulk_remix: [34/66] START -> 3606566438240118807_72267287837.mp4
2026-07-25 13:45:19 [INFO] ai_bulk_remix: [31/66] DONE  3594286142111330148_72267287837.mp4 (85.8s)
2026-07-25 13:45:19 [INFO] ai_bulk_remix: [35/66] START -> 3607165585752338652_72267287837.mp4
2026-07-25 13:46:19 [INFO] ai_bulk_remix: [30/66] DONE  3593370147574024576_72267287837.mp4 (165.2s)
2026-07-25 13:46:19 [INFO] ai_bulk_remix: [36/66] START -> 3607206410725287483_72267287837.mp4
2026-07-25 13:46:29 [INFO] ai_bulk_remix: [34/66] DONE  3606566438240118807_72267287837.mp4 (84.9s)
2026-07-25 13:46:29 [INFO] ai_bulk_remix: [37/66] START -> 3607740570925436924_72267287837.mp4
2026-07-25 13:46:40 [INFO] ai_bulk_remix: [28/66] DONE  3591957692216288281_72267287837.mp4 (198.5s)
2026-07-25 13:46:40 [INFO] ai_bulk_remix: [38/66] START -> 3607783149872297325_72267287837.mp4
2026-07-25 13:47:42 [INFO] ai_bulk_remix: [32/66] DONE  3600738413039028052_72267287837.mp4 (213.6s)
2026-07-25 13:47:42 [INFO] ai_bulk_remix: [39/66] START -> 3607875337687990191_72267287837.mp4
2026-07-25 13:48:18 [INFO] ai_bulk_remix: [33/66] DONE  3606562892409142308_72267287837.mp4 (216.3s)
2026-07-25 13:48:18 [INFO] ai_bulk_remix: [40/66] START -> 3608593276047195811_72267287837.mp4
2026-07-25 13:48:57 [INFO] ai_bulk_remix: [39/66] DONE  3607875337687990191_72267287837.mp4 (73.2s)
2026-07-25 13:48:59 [INFO] ai_bulk_remix: [41/66] START -> 3608620653412564516_72267287837.mp4
2026-07-25 13:49:02 [INFO] ai_bulk_remix: [35/66] DONE  3607165585752338652_72267287837.mp4 (220.7s)
2026-07-25 13:49:02 [INFO] ai_bulk_remix: [42/66] START -> 3608756316906329204_72267287837.mp4
2026-07-25 13:49:48 [INFO] ai_bulk_remix: [36/66] DONE  3607206410725287483_72267287837.mp4 (206.7s)
2026-07-25 13:49:48 [INFO] ai_bulk_remix: [43/66] START -> 3608796868832073465_72267287837.mp4
2026-07-25 13:50:08 [INFO] ai_bulk_remix: [37/66] DONE  3607740570925436924_72267287837.mp4 (217.2s)
2026-07-25 13:50:08 [INFO] ai_bulk_remix: [44/66] START -> 3609330822983284589_72267287837.mp4
2026-07-25 13:50:09 [INFO] ai_bulk_remix: [38/66] DONE  3607783149872297325_72267287837.mp4 (206.9s)
2026-07-25 13:50:09 [INFO] ai_bulk_remix: [45/66] START -> 3609396780670294020_72267287837.mp4
2026-07-25 13:51:21 [INFO] ai_bulk_remix: [43/66] DONE  3608796868832073465_72267287837.mp4 (91.3s)
2026-07-25 13:51:21 [INFO] ai_bulk_remix: [46/66] START -> 3610059785913259184_72267287837.mp4
2026-07-25 13:51:45 [INFO] ai_bulk_remix: [42/66] DONE  3608756316906329204_72267287837.mp4 (161.5s)
2026-07-25 13:51:45 [INFO] ai_bulk_remix: [47/66] START -> 3610074950948072043_72267287837.mp4
2026-07-25 13:51:53 [INFO] ai_bulk_remix: [45/66] DONE  3609396780670294020_72267287837.mp4 (102.7s)
2026-07-25 13:51:53 [INFO] ai_bulk_remix: [48/66] START -> 3610206335228202592_72267287837.mp4
2026-07-25 13:52:15 [INFO] ai_bulk_remix: [40/66] DONE  3608593276047195811_72267287837.mp4 (236.0s)
2026-07-25 13:52:15 [INFO] ai_bulk_remix: [49/66] START -> 3610785775694263534_72267287837.mp4
2026-07-25 13:52:39 [INFO] ai_bulk_remix: [46/66] DONE  3610059785913259184_72267287837.mp4 (75.3s)
2026-07-25 13:52:39 [INFO] ai_bulk_remix: [50/66] START -> 3610841218768040047_72267287837.mp4
2026-07-25 13:52:52 [INFO] ai_bulk_remix: [41/66] DONE  3608620653412564516_72267287837.mp4 (231.3s)
2026-07-25 13:52:52 [INFO] ai_bulk_remix: [51/66] START -> 3610954741808478736_72267287837.mp4
2026-07-25 13:53:09 [INFO] ai_bulk_remix: [47/66] DONE  3610074950948072043_72267287837.mp4 (81.8s)
2026-07-25 13:53:09 [INFO] ai_bulk_remix: [52/66] START -> 3612255828092788234_72267287837.mp4
2026-07-25 13:53:40 [INFO] ai_bulk_remix: [44/66] DONE  3609330822983284589_72267287837.mp4 (210.8s)
2026-07-25 13:53:40 [INFO] ai_bulk_remix: [53/66] START -> 3612429368292718662_72267287837.mp4
2026-07-25 13:54:06 [INFO] ai_bulk_remix: [50/66] DONE  3610841218768040047_72267287837.mp4 (85.4s)
2026-07-25 13:54:06 [INFO] ai_bulk_remix: [54/66] START -> 3612933468920802523_72267287837.mp4
2026-07-25 13:55:03 [INFO] ai_bulk_remix: [48/66] DONE  3610206335228202592_72267287837.mp4 (188.4s)
2026-07-25 13:55:03 [INFO] ai_bulk_remix: [55/66] START -> 3613113554919813195_72267287837.mp4
2026-07-25 13:55:10 [INFO] ai_bulk_remix: [53/66] DONE  3612429368292718662_72267287837.mp4 (87.8s)
2026-07-25 13:55:10 [INFO] ai_bulk_remix: [56/66] START -> 3613604982628297663_72267287837.mp4
2026-07-25 13:55:50 [INFO] ai_bulk_remix: [49/66] DONE  3610785775694263534_72267287837.mp4 (213.4s)
2026-07-25 13:55:50 [INFO] ai_bulk_remix: [57/66] START -> 3613833863616640989_72267287837.mp4
2026-07-25 13:56:16 [INFO] ai_bulk_remix: [55/66] DONE  3613113554919813195_72267287837.mp4 (70.9s)
2026-07-25 13:56:16 [INFO] ai_bulk_remix: [58/66] START -> 3614336896628848674_72267287837.mp4
2026-07-25 13:56:43 [INFO] ai_bulk_remix: [51/66] DONE  3610954741808478736_72267287837.mp4 (228.9s)
2026-07-25 13:56:43 [INFO] ai_bulk_remix: [59/66] START -> 3614561074351130204_72267287837.mp4
2026-07-25 13:56:50 [INFO] ai_bulk_remix: [52/66] DONE  3612255828092788234_72267287837.mp4 (220.0s)
2026-07-25 13:56:50 [INFO] ai_bulk_remix: [60/66] START -> 3615227444258917223_72267287837.mp4
2026-07-25 13:58:04 [INFO] ai_bulk_remix: [54/66] DONE  3612933468920802523_72267287837.mp4 (236.6s)
2026-07-25 13:58:04 [INFO] ai_bulk_remix: [61/66] START -> 3615828557267687597_72267287837.mp4
2026-07-25 13:59:06 [INFO] ai_bulk_remix: [56/66] DONE  3613604982628297663_72267287837.mp4 (234.7s)
2026-07-25 13:59:06 [INFO] ai_bulk_remix: [62/66] START -> 3615856050563519359_72267287837.mp4
2026-07-25 13:59:49 [INFO] ai_bulk_remix: [57/66] DONE  3613833863616640989_72267287837.mp4 (236.7s)
2026-07-25 13:59:49 [INFO] ai_bulk_remix: [63/66] START -> 3616554910132551039_72267287837.mp4
2026-07-25 14:01:14 [INFO] ai_bulk_remix: [60/66] DONE  3615227444258917223_72267287837.mp4 (261.3s)
2026-07-25 14:01:14 [INFO] ai_bulk_remix: [64/66] START -> 3616613543803750813_72267287837.mp4
2026-07-25 14:01:27 [INFO] ai_bulk_remix: [59/66] DONE  3614561074351130204_72267287837.mp4 (282.5s)
2026-07-25 14:01:27 [INFO] ai_bulk_remix: [65/66] START -> 3616680124277596268_72267287837.mp4
2026-07-25 14:02:33 [INFO] ai_bulk_remix: [61/66] DONE  3615828557267687597_72267287837.mp4 (266.6s)
2026-07-25 14:02:33 [INFO] ai_bulk_remix: [66/66] START -> 3616741555142172074_72267287837.mp4
2026-07-25 14:03:03 [INFO] ai_bulk_remix: [65/66] DONE  3616680124277596268_72267287837.mp4 (94.1s)
2026-07-25 14:03:16 [INFO] ai_bulk_remix: [62/66] DONE  3615856050563519359_72267287837.mp4 (247.7s)
2026-07-25 14:03:47 [INFO] ai_bulk_remix: [63/66] DONE  3616554910132551039_72267287837.mp4 (236.2s)
2026-07-25 14:03:48 [INFO] ai_bulk_remix: [66/66] DONE  3616741555142172074_72267287837.mp4 (72.9s)
2026-07-25 14:04:03 [INFO] ai_bulk_remix: [64/66] DONE  3616613543803750813_72267287837.mp4 (167.3s)
2026-07-25 14:04:25 [INFO] ai_bulk_remix: [58/66] DONE  3614336896628848674_72267287837.mp4 (487.0s)
2026-07-25 14:04:25 [INFO] ai_bulk_remix: ==================================================
2026-07-25 14:04:25 [INFO] ai_bulk_remix: BATCH PROCESSING COMPLETED
2026-07-25 14:04:25 [INFO] ai_bulk_remix: Successful: 66
2026-07-25 14:04:25 [INFO] ai_bulk_remix: Failed: 0
2026-07-25 14:04:25 [INFO] ai_bulk_remix: Skipped: 0
2026-07-25 14:04:25 [INFO] ai_bulk_remix: Total time: 2068.7s
2026-07-25 14:04:25 [INFO] ai_bulk_remix: ==================================================
2026-07-25 14:06:56 [INFO] ai_bulk_remix: Application exiting with code 0
2026-08-01 09:21:07 [INFO] ai_bulk_remix: ==================================================
2026-08-01 09:21:07 [INFO] ai_bulk_remix: AI Bulk Remix Studio v1.0.0 starting...
2026-08-01 09:21:07 [INFO] ai_bulk_remix: Base directory: C:\Users\h\ai-bulk-remix-studio
2026-08-01 09:21:07 [INFO] ai_bulk_remix: Python: 3.10.0 (tags/v3.10.0:b494f59, Oct  4 2021, 19:00:18) [MSC v.1929 64 bit (AMD64)]
2026-08-01 09:21:07 [INFO] ai_bulk_remix: Platform: win32
2026-08-01 09:21:07 [INFO] ai_bulk_remix: ==================================================
2026-08-01 09:21:30 [INFO] ai_bulk_remix: GPU encoders detected: h264_nvenc, hevc_nvenc, av1_nvenc, h264_qsv, hevc_qsv, h264_amf, hevc_amf
2026-08-01 09:21:30 [INFO] ai_bulk_remix: MainWindow initialized
2026-08-01 09:21:30 [INFO] ai_bulk_remix: MainWindow displayed successfully.
2026-08-01 09:21:30 [INFO] ai_bulk_remix: FFmpeg detected: version 8.1.2-full_build-www.gyan.dev
2026-08-01 09:30:33 [INFO] ai_bulk_remix: Application exiting with code 0
2026-08-01 09:41:40 [INFO] ai_bulk_remix: ==================================================
2026-08-01 09:41:40 [INFO] ai_bulk_remix: AI Bulk Remix Studio v1.0.0 starting...
2026-08-01 09:41:40 [INFO] ai_bulk_remix: Base directory: C:\Users\h\ai-bulk-remix-studio
2026-08-01 09:41:40 [INFO] ai_bulk_remix: Python: 3.10.0 (tags/v3.10.0:b494f59, Oct  4 2021, 19:00:18) [MSC v.1929 64 bit (AMD64)]
2026-08-01 09:41:40 [INFO] ai_bulk_remix: Platform: win32
2026-08-01 09:41:40 [INFO] ai_bulk_remix: ==================================================
2026-08-01 09:41:46 [INFO] ai_bulk_remix: GPU encoders detected: h264_nvenc, hevc_nvenc, av1_nvenc, h264_qsv, hevc_qsv, h264_amf, hevc_amf
2026-08-01 09:41:46 [INFO] ai_bulk_remix: MainWindow initialized
2026-08-01 09:41:46 [INFO] ai_bulk_remix: MainWindow displayed successfully.
2026-08-01 09:41:46 [INFO] ai_bulk_remix: FFmpeg detected: version 8.1.2-full_build-www.gyan.dev
2026-08-01 09:43:51 [INFO] ai_bulk_remix: Application exiting with code 0
2026-08-01 13:18:57 [INFO] ai_bulk_remix: ==================================================
2026-08-01 13:18:57 [INFO] ai_bulk_remix: AI Bulk Remix Studio v1.0.0 starting...
2026-08-01 13:18:57 [INFO] ai_bulk_remix: Base directory: C:\Users\h\ai-bulk-remix-studio
2026-08-01 13:18:57 [INFO] ai_bulk_remix: Python: 3.10.0 (tags/v3.10.0:b494f59, Oct  4 2021, 19:00:18) [MSC v.1929 64 bit (AMD64)]
2026-08-01 13:18:57 [INFO] ai_bulk_remix: Platform: win32
2026-08-01 13:18:57 [INFO] ai_bulk_remix: ==================================================
2026-08-01 13:19:08 [INFO] ai_bulk_remix: GPU encoders detected: h264_nvenc, hevc_nvenc, av1_nvenc, h264_qsv, hevc_qsv, h264_amf, hevc_amf
2026-08-01 13:19:08 [INFO] ai_bulk_remix: MainWindow initialized
2026-08-01 13:19:08 [INFO] ai_bulk_remix: MainWindow displayed successfully.
2026-08-01 13:19:08 [INFO] ai_bulk_remix: FFmpeg detected: version 8.1.2-full_build-www.gyan.dev
2026-08-01 13:19:40 [INFO] ai_bulk_remix: Scanned C:/Users/h/Videos/tiktok + fb/pates trans: 66 video(s) found
2026-08-01 13:20:21 [INFO] ai_bulk_remix: Imported 1 individual video file(s)
2026-08-01 13:21:49 [INFO] ai_bulk_remix: ==================================================
2026-08-01 13:21:49 [INFO] ai_bulk_remix: BATCH PROCESSING STARTED
2026-08-01 13:21:49 [INFO] ai_bulk_remix: Total files: 1
2026-08-01 13:21:49 [INFO] ai_bulk_remix: Output directory: C:/Users/h/Videos/tiktok + fb/pates trans/edit paste
2026-08-01 13:21:49 [INFO] ai_bulk_remix: Workers: 1
2026-08-01 13:21:49 [INFO] ai_bulk_remix: Encoder: h264_nvenc
2026-08-01 13:21:49 [INFO] ai_bulk_remix: ==================================================
2026-08-01 13:21:49 [INFO] ai_bulk_remix: [1/1] START -> aiworldbyraj_1783350046_3935346648254007399_58085486179.mp4
2026-08-01 13:22:03 [INFO] ai_bulk_remix: [1/1] DONE  aiworldbyraj_1783350046_3935346648254007399_58085486179.mp4 (13.8s)
2026-08-01 13:22:03 [INFO] ai_bulk_remix: ==================================================
2026-08-01 13:22:03 [INFO] ai_bulk_remix: BATCH PROCESSING COMPLETED
2026-08-01 13:22:03 [INFO] ai_bulk_remix: Successful: 1
2026-08-01 13:22:03 [INFO] ai_bulk_remix: Failed: 0
2026-08-01 13:22:03 [INFO] ai_bulk_remix: Skipped: 0
2026-08-01 13:22:03 [INFO] ai_bulk_remix: Total time: 14.0s
2026-08-01 13:22:03 [INFO] ai_bulk_remix: ==================================================
2026-08-01 14:26:54 [INFO] ai_bulk_remix: ==================================================
2026-08-01 14:26:54 [INFO] ai_bulk_remix: BATCH PROCESSING STARTED
2026-08-01 14:26:54 [INFO] ai_bulk_remix: Total files: 1
2026-08-01 14:26:54 [INFO] ai_bulk_remix: Output directory: C:/Users/h/Videos/tiktok + fb/pates trans/edit paste
2026-08-01 14:26:54 [INFO] ai_bulk_remix: Workers: 1
2026-08-01 14:26:54 [INFO] ai_bulk_remix: Encoder: h264_nvenc
2026-08-01 14:26:54 [INFO] ai_bulk_remix: ==================================================
2026-08-01 14:26:54 [INFO] ai_bulk_remix: [1/1] START -> aiworldbyraj_1783350046_3935346648254007399_58085486179.mp4
2026-08-01 14:27:18 [INFO] ai_bulk_remix: [1/1] DONE  aiworldbyraj_1783350046_3935346648254007399_58085486179.mp4 (23.7s)
2026-08-01 14:27:18 [INFO] ai_bulk_remix: ==================================================
2026-08-01 14:27:18 [INFO] ai_bulk_remix: BATCH PROCESSING COMPLETED
2026-08-01 14:27:18 [INFO] ai_bulk_remix: Successful: 1
2026-08-01 14:27:18 [INFO] ai_bulk_remix: Failed: 0
2026-08-01 14:27:18 [INFO] ai_bulk_remix: Skipped: 0
2026-08-01 14:27:18 [INFO] ai_bulk_remix: Total time: 23.8s
2026-08-01 14:27:18 [INFO] ai_bulk_remix: ==================================================
2026-08-01 14:28:21 [INFO] ai_bulk_remix: ==================================================
2026-08-01 14:28:21 [INFO] ai_bulk_remix: BATCH PROCESSING STARTED
2026-08-01 14:28:21 [INFO] ai_bulk_remix: Total files: 1
2026-08-01 14:28:21 [INFO] ai_bulk_remix: Output directory: C:/Users/h/Videos/tiktok + fb/pates trans/edit paste
2026-08-01 14:28:21 [INFO] ai_bulk_remix: Workers: 1
2026-08-01 14:28:21 [INFO] ai_bulk_remix: Encoder: h264_nvenc
2026-08-01 14:28:21 [INFO] ai_bulk_remix: ==================================================
2026-08-01 14:28:21 [INFO] ai_bulk_remix: [1/1] START -> aiworldbyraj_1783350046_3935346648254007399_58085486179.mp4
2026-08-01 14:28:35 [INFO] ai_bulk_remix: [1/1] DONE  aiworldbyraj_1783350046_3935346648254007399_58085486179.mp4 (14.3s)
2026-08-01 14:28:35 [INFO] ai_bulk_remix: ==================================================
2026-08-01 14:28:35 [INFO] ai_bulk_remix: BATCH PROCESSING COMPLETED
2026-08-01 14:28:35 [INFO] ai_bulk_remix: Successful: 1
2026-08-01 14:28:35 [INFO] ai_bulk_remix: Failed: 0
2026-08-01 14:28:35 [INFO] ai_bulk_remix: Skipped: 0
2026-08-01 14:28:35 [INFO] ai_bulk_remix: Total time: 14.4s
2026-08-01 14:28:35 [INFO] ai_bulk_remix: ==================================================
2026-08-01 14:29:25 [INFO] ai_bulk_remix: ==================================================
2026-08-01 14:29:25 [INFO] ai_bulk_remix: BATCH PROCESSING STARTED
2026-08-01 14:29:25 [INFO] ai_bulk_remix: Total files: 1
2026-08-01 14:29:25 [INFO] ai_bulk_remix: Output directory: C:/Users/h/Videos/tiktok + fb/pates trans/edit paste
2026-08-01 14:29:25 [INFO] ai_bulk_remix: Workers: 1
2026-08-01 14:29:25 [INFO] ai_bulk_remix: Encoder: h264_nvenc
2026-08-01 14:29:25 [INFO] ai_bulk_remix: ==================================================
2026-08-01 14:29:25 [INFO] ai_bulk_remix: [1/1] START -> aiworldbyraj_1783350046_3935346648254007399_58085486179.mp4
2026-08-01 14:29:55 [INFO] ai_bulk_remix: [1/1] DONE  aiworldbyraj_1783350046_3935346648254007399_58085486179.mp4 (29.4s)
2026-08-01 14:29:55 [INFO] ai_bulk_remix: ==================================================
2026-08-01 14:29:55 [INFO] ai_bulk_remix: BATCH PROCESSING COMPLETED
2026-08-01 14:29:55 [INFO] ai_bulk_remix: Successful: 1
2026-08-01 14:29:55 [INFO] ai_bulk_remix: Failed: 0
2026-08-01 14:29:55 [INFO] ai_bulk_remix: Skipped: 0
2026-08-01 14:29:55 [INFO] ai_bulk_remix: Total time: 29.5s
2026-08-01 14:29:55 [INFO] ai_bulk_remix: ==================================================
2026-08-01 14:30:51 [INFO] ai_bulk_remix: ==================================================
2026-08-01 14:30:51 [INFO] ai_bulk_remix: BATCH PROCESSING STARTED
2026-08-01 14:30:51 [INFO] ai_bulk_remix: Total files: 1
2026-08-01 14:30:51 [INFO] ai_bulk_remix: Output directory: C:/Users/h/Videos/tiktok + fb/pates trans/edit paste
2026-08-01 14:30:51 [INFO] ai_bulk_remix: Workers: 1
2026-08-01 14:30:51 [INFO] ai_bulk_remix: Encoder: h264_nvenc
2026-08-01 14:30:51 [INFO] ai_bulk_remix: ==================================================
2026-08-01 14:30:51 [INFO] ai_bulk_remix: [1/1] START -> aiworldbyraj_1783350046_3935346648254007399_58085486179.mp4
2026-08-01 14:31:17 [INFO] ai_bulk_remix: [1/1] DONE  aiworldbyraj_1783350046_3935346648254007399_58085486179.mp4 (25.4s)
2026-08-01 14:31:17 [INFO] ai_bulk_remix: ==================================================
2026-08-01 14:31:17 [INFO] ai_bulk_remix: BATCH PROCESSING COMPLETED
2026-08-01 14:31:17 [INFO] ai_bulk_remix: Successful: 1
2026-08-01 14:31:17 [INFO] ai_bulk_remix: Failed: 0
2026-08-01 14:31:17 [INFO] ai_bulk_remix: Skipped: 0
2026-08-01 14:31:17 [INFO] ai_bulk_remix: Total time: 25.5s
2026-08-01 14:31:17 [INFO] ai_bulk_remix: ==================================================
2026-08-01 14:31:20 [INFO] ai_bulk_remix: ==================================================
2026-08-01 14:31:20 [INFO] ai_bulk_remix: BATCH PROCESSING STARTED
2026-08-01 14:31:20 [INFO] ai_bulk_remix: Total files: 1
2026-08-01 14:31:20 [INFO] ai_bulk_remix: Output directory: C:/Users/h/Videos/tiktok + fb/pates trans/edit paste
2026-08-01 14:31:20 [INFO] ai_bulk_remix: Workers: 1
2026-08-01 14:31:20 [INFO] ai_bulk_remix: Encoder: h264_nvenc
2026-08-01 14:31:20 [INFO] ai_bulk_remix: ==================================================
2026-08-01 14:31:20 [INFO] ai_bulk_remix: [1/1] START -> aiworldbyraj_1783350046_3935346648254007399_58085486179.mp4
2026-08-01 14:31:48 [INFO] ai_bulk_remix: [1/1] DONE  aiworldbyraj_1783350046_3935346648254007399_58085486179.mp4 (28.1s)
2026-08-01 14:31:48 [INFO] ai_bulk_remix: ==================================================
2026-08-01 14:31:48 [INFO] ai_bulk_remix: BATCH PROCESSING COMPLETED
2026-08-01 14:31:48 [INFO] ai_bulk_remix: Successful: 1
2026-08-01 14:31:48 [INFO] ai_bulk_remix: Failed: 0
2026-08-01 14:31:48 [INFO] ai_bulk_remix: Skipped: 0
2026-08-01 14:31:48 [INFO] ai_bulk_remix: Total time: 28.3s
2026-08-01 14:31:48 [INFO] ai_bulk_remix: ==================================================
2026-08-01 14:38:05 [INFO] ai_bulk_remix: Application exiting with code 0
2026-08-01 14:54:44 [INFO] ai_bulk_remix: ==================================================
2026-08-01 14:54:44 [INFO] ai_bulk_remix: AI Bulk Remix Studio v1.0.0 starting...
2026-08-01 14:54:44 [INFO] ai_bulk_remix: Base directory: C:\Users\h\ai-bulk-remix-studio
2026-08-01 14:54:44 [INFO] ai_bulk_remix: Python: 3.10.0 (tags/v3.10.0:b494f59, Oct  4 2021, 19:00:18) [MSC v.1929 64 bit (AMD64)]
2026-08-01 14:54:44 [INFO] ai_bulk_remix: Platform: win32
2026-08-01 14:54:44 [INFO] ai_bulk_remix: ==================================================
2026-08-01 14:54:53 [INFO] ai_bulk_remix: GPU encoders detected: h264_nvenc, hevc_nvenc, av1_nvenc, h264_qsv, hevc_qsv, h264_amf, hevc_amf
2026-08-01 14:54:53 [INFO] ai_bulk_remix: MainWindow initialized
2026-08-01 14:54:53 [INFO] ai_bulk_remix: MainWindow displayed successfully.
2026-08-01 14:54:53 [INFO] ai_bulk_remix: FFmpeg detected: version 8.1.2-full_build-www.gyan.dev
2026-08-01 14:58:01 [INFO] ai_bulk_remix: Imported 1 individual video file(s)
2026-08-01 15:00:07 [INFO] ai_bulk_remix: ==================================================
2026-08-01 15:00:07 [INFO] ai_bulk_remix: BATCH PROCESSING STARTED
2026-08-01 15:00:07 [INFO] ai_bulk_remix: Total files: 1
2026-08-01 15:00:07 [INFO] ai_bulk_remix: Output directory: C:/Users/h/Videos/tiktok + fb/pates trans/edit paste
2026-08-01 15:00:07 [INFO] ai_bulk_remix: Workers: 8
2026-08-01 15:00:07 [INFO] ai_bulk_remix: Encoder: h264_nvenc
2026-08-01 15:00:07 [INFO] ai_bulk_remix: ==================================================
2026-08-01 15:00:07 [INFO] ai_bulk_remix: [1/1] START -> aiworldbyraj_1783350046_3935346648254007399_58085486179.mp4
2026-08-01 15:00:36 [INFO] ai_bulk_remix: [1/1] DONE  aiworldbyraj_1783350046_3935346648254007399_58085486179.mp4 (27.6s)
2026-08-01 15:00:36 [INFO] ai_bulk_remix: ==================================================
2026-08-01 15:00:36 [INFO] ai_bulk_remix: BATCH PROCESSING COMPLETED
2026-08-01 15:00:36 [INFO] ai_bulk_remix: Successful: 1
2026-08-01 15:00:36 [INFO] ai_bulk_remix: Failed: 0
2026-08-01 15:00:36 [INFO] ai_bulk_remix: Skipped: 0
2026-08-01 15:00:36 [INFO] ai_bulk_remix: Total time: 28.4s
2026-08-01 15:00:36 [INFO] ai_bulk_remix: ==================================================
2026-08-01 15:04:13 [INFO] ai_bulk_remix: GPU encoders detected: h264_nvenc, hevc_nvenc, av1_nvenc, h264_qsv, hevc_qsv, h264_amf, hevc_amf
2026-08-01 15:04:13 [INFO] ai_bulk_remix: MainWindow initialized
2026-08-01 15:04:47 [INFO] ai_bulk_remix: Application exiting with code 0
2026-08-01 15:04:55 [INFO] ai_bulk_remix: GPU encoders detected: h264_nvenc, hevc_nvenc, av1_nvenc, h264_qsv, hevc_qsv, h264_amf, hevc_amf
2026-08-01 15:04:55 [INFO] ai_bulk_remix: MainWindow initialized
2026-08-01 15:06:26 [INFO] ai_bulk_remix: GPU encoders detected: h264_nvenc, hevc_nvenc, av1_nvenc, h264_qsv, hevc_qsv, h264_amf, hevc_amf
2026-08-01 15:06:26 [INFO] ai_bulk_remix: MainWindow initialized
2026-08-01 15:09:19 [INFO] ai_bulk_remix: ==================================================
2026-08-01 15:09:19 [INFO] ai_bulk_remix: AI Bulk Remix Studio v1.0.0 starting...
2026-08-01 15:09:19 [INFO] ai_bulk_remix: Base directory: C:\Users\h\ai-bulk-remix-studio
2026-08-01 15:09:19 [INFO] ai_bulk_remix: Python: 3.10.0 (tags/v3.10.0:b494f59, Oct  4 2021, 19:00:18) [MSC v.1929 64 bit (AMD64)]
2026-08-01 15:09:19 [INFO] ai_bulk_remix: Platform: win32
2026-08-01 15:09:19 [INFO] ai_bulk_remix: ==================================================
2026-08-01 15:09:25 [INFO] ai_bulk_remix: GPU encoders detected: h264_nvenc, hevc_nvenc, av1_nvenc, h264_qsv, hevc_qsv, h264_amf, hevc_amf
2026-08-01 15:09:25 [INFO] ai_bulk_remix: MainWindow initialized
2026-08-01 15:09:25 [INFO] ai_bulk_remix: MainWindow displayed successfully.
2026-08-01 15:09:25 [INFO] ai_bulk_remix: FFmpeg detected: version 8.1.2-full_build-www.gyan.dev
2026-08-01 15:09:40 [INFO] ai_bulk_remix: Scanned C:/Users/h/Videos/tiktok + fb/pates trans: 66 video(s) found
2026-08-01 15:10:07 [INFO] ai_bulk_remix: Imported 1 individual video file(s)
2026-08-01 15:10:13 [INFO] ai_bulk_remix: ==================================================
2026-08-01 15:10:13 [INFO] ai_bulk_remix: BATCH PROCESSING STARTED
2026-08-01 15:10:13 [INFO] ai_bulk_remix: Total files: 1
2026-08-01 15:10:13 [INFO] ai_bulk_remix: Output directory: C:/Users/h/Videos/tiktok + fb/pates trans/edit paste
2026-08-01 15:10:13 [INFO] ai_bulk_remix: Workers: 8
2026-08-01 15:10:13 [INFO] ai_bulk_remix: Encoder: h264_nvenc
2026-08-01 15:10:13 [INFO] ai_bulk_remix: ==================================================
2026-08-01 15:10:13 [INFO] ai_bulk_remix: [1/1] START -> aiworldbyraj_1783350046_3935346648254007399_58085486179.mp4
2026-08-01 15:10:28 [INFO] ai_bulk_remix: [1/1] DONE  aiworldbyraj_1783350046_3935346648254007399_58085486179.mp4 (15.7s)
2026-08-01 15:10:28 [INFO] ai_bulk_remix: ==================================================
2026-08-01 15:10:28 [INFO] ai_bulk_remix: BATCH PROCESSING COMPLETED
2026-08-01 15:10:28 [INFO] ai_bulk_remix: Successful: 1
2026-08-01 15:10:28 [INFO] ai_bulk_remix: Failed: 0
2026-08-01 15:10:28 [INFO] ai_bulk_remix: Skipped: 0
2026-08-01 15:10:28 [INFO] ai_bulk_remix: Total time: 15.8s
2026-08-01 15:10:28 [INFO] ai_bulk_remix: ==================================================
2026-08-01 15:11:57 [INFO] ai_bulk_remix: Scanned C:/Users/h/Videos/tiktok + fb/pates trans: 66 video(s) found
2026-08-01 15:18:37 [INFO] ai_bulk_remix: Application exiting with code 0
2026-08-01 15:21:38 [INFO] ai_bulk_remix: GPU encoders detected: h264_nvenc, hevc_nvenc, av1_nvenc, h264_qsv, hevc_qsv, h264_amf, hevc_amf
2026-08-01 15:21:38 [INFO] ai_bulk_remix: MainWindow initialized
2026-08-01 15:25:49 [INFO] ai_bulk_remix: GPU encoders detected: h264_nvenc, hevc_nvenc, av1_nvenc, h264_qsv, hevc_qsv, h264_amf, hevc_amf
2026-08-01 15:25:49 [INFO] ai_bulk_remix: MainWindow initialized
2026-08-01 15:26:54 [INFO] ai_bulk_remix: GPU encoders detected: h264_nvenc, hevc_nvenc, av1_nvenc, h264_qsv, hevc_qsv, h264_amf, hevc_amf
2026-08-01 15:26:54 [INFO] ai_bulk_remix: MainWindow initialized
2026-08-01 15:28:28 [INFO] ai_bulk_remix: ==================================================
2026-08-01 15:28:28 [INFO] ai_bulk_remix: AI Bulk Remix Studio v1.0.0 starting...
2026-08-01 15:28:28 [INFO] ai_bulk_remix: Base directory: C:\Users\h\ai-bulk-remix-studio
2026-08-01 15:28:28 [INFO] ai_bulk_remix: Python: 3.10.0 (tags/v3.10.0:b494f59, Oct  4 2021, 19:00:18) [MSC v.1929 64 bit (AMD64)]
2026-08-01 15:28:28 [INFO] ai_bulk_remix: Platform: win32
2026-08-01 15:28:28 [INFO] ai_bulk_remix: ==================================================
2026-08-01 15:28:33 [INFO] ai_bulk_remix: GPU encoders detected: h264_nvenc, hevc_nvenc, av1_nvenc, h264_qsv, hevc_qsv, h264_amf, hevc_amf
2026-08-01 15:28:33 [INFO] ai_bulk_remix: MainWindow initialized
2026-08-01 15:28:33 [INFO] ai_bulk_remix: MainWindow displayed successfully.
2026-08-01 15:28:33 [INFO] ai_bulk_remix: FFmpeg detected: version 8.1.2-full_build-www.gyan.dev
2026-08-01 15:29:34 [INFO] ai_bulk_remix: Application exiting with code 0
2026-08-01 15:32:26 [INFO] ai_bulk_remix: GPU encoders detected: h264_nvenc, hevc_nvenc, av1_nvenc, h264_qsv, hevc_qsv, h264_amf, hevc_amf
2026-08-01 15:32:26 [INFO] ai_bulk_remix: MainWindow initialized
2026-08-01 15:32:28 [INFO] ai_bulk_remix: GPU encoders detected: h264_nvenc, hevc_nvenc, av1_nvenc, h264_qsv, hevc_qsv, h264_amf, hevc_amf
2026-08-01 15:32:28 [INFO] ai_bulk_remix: MainWindow initialized
2026-08-01 15:33:05 [INFO] ai_bulk_remix: GPU encoders detected: h264_nvenc, hevc_nvenc, av1_nvenc, h264_qsv, hevc_qsv, h264_amf, hevc_amf
2026-08-01 15:33:05 [INFO] ai_bulk_remix: MainWindow initialized
2026-08-01 15:33:07 [INFO] ai_bulk_remix: GPU encoders detected: h264_nvenc, hevc_nvenc, av1_nvenc, h264_qsv, hevc_qsv, h264_amf, hevc_amf
2026-08-01 15:33:07 [INFO] ai_bulk_remix: MainWindow initialized
2026-08-01 15:33:46 [INFO] ai_bulk_remix: GPU encoders detected: h264_nvenc, hevc_nvenc, av1_nvenc, h264_qsv, hevc_qsv, h264_amf, hevc_amf
2026-08-01 15:33:46 [INFO] ai_bulk_remix: MainWindow initialized
2026-08-01 15:33:48 [INFO] ai_bulk_remix: GPU encoders detected: h264_nvenc, hevc_nvenc, av1_nvenc, h264_qsv, hevc_qsv, h264_amf, hevc_amf
2026-08-01 15:33:48 [INFO] ai_bulk_remix: MainWindow initialized
2026-08-01 15:34:42 [INFO] ai_bulk_remix: GPU encoders detected: h264_nvenc, hevc_nvenc, av1_nvenc, h264_qsv, hevc_qsv, h264_amf, hevc_amf
2026-08-01 15:34:42 [INFO] ai_bulk_remix: MainWindow initialized
2026-08-01 15:34:43 [INFO] ai_bulk_remix: GPU encoders detected: h264_nvenc, hevc_nvenc, av1_nvenc, h264_qsv, hevc_qsv, h264_amf, hevc_amf
2026-08-01 15:34:43 [INFO] ai_bulk_remix: MainWindow initialized
2026-08-01 15:35:14 [INFO] ai_bulk_remix: GPU encoders detected: h264_nvenc, hevc_nvenc, av1_nvenc, h264_qsv, hevc_qsv, h264_amf, hevc_amf
2026-08-01 15:35:14 [INFO] ai_bulk_remix: MainWindow initialized
2026-08-01 15:35:15 [INFO] ai_bulk_remix: GPU encoders detected: h264_nvenc, hevc_nvenc, av1_nvenc, h264_qsv, hevc_qsv, h264_amf, hevc_amf
2026-08-01 15:35:15 [INFO] ai_bulk_remix: MainWindow initialized
2026-08-01 15:35:49 [INFO] ai_bulk_remix: GPU encoders detected: h264_nvenc, hevc_nvenc, av1_nvenc, h264_qsv, hevc_qsv, h264_amf, hevc_amf
2026-08-01 15:35:49 [INFO] ai_bulk_remix: MainWindow initialized
2026-08-01 15:35:50 [INFO] ai_bulk_remix: GPU encoders detected: h264_nvenc, hevc_nvenc, av1_nvenc, h264_qsv, hevc_qsv, h264_amf, hevc_amf
2026-08-01 15:35:50 [INFO] ai_bulk_remix: MainWindow initialized
2026-08-01 15:38:09 [INFO] ai_bulk_remix: ==================================================
2026-08-01 15:38:09 [INFO] ai_bulk_remix: AI Bulk Remix Studio v1.0.0 starting...
2026-08-01 15:38:09 [INFO] ai_bulk_remix: Base directory: C:\Users\h\ai-bulk-remix-studio
2026-08-01 15:38:09 [INFO] ai_bulk_remix: Python: 3.10.0 (tags/v3.10.0:b494f59, Oct  4 2021, 19:00:18) [MSC v.1929 64 bit (AMD64)]
2026-08-01 15:38:09 [INFO] ai_bulk_remix: Platform: win32
2026-08-01 15:38:09 [INFO] ai_bulk_remix: ==================================================
2026-08-01 15:38:14 [INFO] ai_bulk_remix: GPU encoders detected: h264_nvenc, hevc_nvenc, av1_nvenc, h264_qsv, hevc_qsv, h264_amf, hevc_amf
2026-08-01 15:38:14 [INFO] ai_bulk_remix: MainWindow initialized
2026-08-01 15:38:14 [INFO] ai_bulk_remix: MainWindow displayed successfully.
2026-08-01 15:38:15 [INFO] ai_bulk_remix: FFmpeg detected: version 8.1.2-full_build-www.gyan.dev
2026-08-01 15:40:26 [INFO] ai_bulk_remix: Application exiting with code 0
2026-08-01 15:41:14 [INFO] ai_bulk_remix: GPU encoders detected: h264_nvenc, hevc_nvenc, av1_nvenc, h264_qsv, hevc_qsv, h264_amf, hevc_amf
2026-08-01 15:41:14 [INFO] ai_bulk_remix: MainWindow initialized
2026-08-01 15:41:15 [INFO] ai_bulk_remix: GPU encoders detected: h264_nvenc, hevc_nvenc, av1_nvenc, h264_qsv, hevc_qsv, h264_amf, hevc_amf
2026-08-01 15:41:15 [INFO] ai_bulk_remix: MainWindow initialized
2026-08-01 15:41:17 [INFO] ai_bulk_remix: GPU encoders detected: h264_nvenc, hevc_nvenc, av1_nvenc, h264_qsv, hevc_qsv, h264_amf, hevc_amf
2026-08-01 15:41:17 [INFO] ai_bulk_remix: MainWindow initialized
2026-08-01 15:45:47 [INFO] ai_bulk_remix: GPU encoders detected: h264_nvenc, hevc_nvenc, av1_nvenc, h264_qsv, hevc_qsv, h264_amf, hevc_amf
2026-08-01 15:45:47 [INFO] ai_bulk_remix: MainWindow initialized
2026-08-01 15:45:49 [INFO] ai_bulk_remix: GPU encoders detected: h264_nvenc, hevc_nvenc, av1_nvenc, h264_qsv, hevc_qsv, h264_amf, hevc_amf
2026-08-01 15:45:49 [INFO] ai_bulk_remix: MainWindow initialized
2026-08-01 15:45:51 [INFO] ai_bulk_remix: GPU encoders detected: h264_nvenc, hevc_nvenc, av1_nvenc, h264_qsv, hevc_qsv, h264_amf, hevc_amf
2026-08-01 15:45:51 [INFO] ai_bulk_remix: MainWindow initialized
2026-08-01 15:47:30 [INFO] ai_bulk_remix: GPU encoders detected: h264_nvenc, hevc_nvenc, av1_nvenc, h264_qsv, hevc_qsv, h264_amf, hevc_amf
2026-08-01 15:47:30 [INFO] ai_bulk_remix: MainWindow initialized
2026-08-01 15:47:31 [INFO] ai_bulk_remix: GPU encoders detected: h264_nvenc, hevc_nvenc, av1_nvenc, h264_qsv, hevc_qsv, h264_amf, hevc_amf
2026-08-01 15:47:31 [INFO] ai_bulk_remix: MainWindow initialized
2026-08-01 15:47:32 [INFO] ai_bulk_remix: GPU encoders detected: h264_nvenc, hevc_nvenc, av1_nvenc, h264_qsv, hevc_qsv, h264_amf, hevc_amf
2026-08-01 15:47:32 [INFO] ai_bulk_remix: MainWindow initialized
2026-08-01 15:47:32 [INFO] ai_bulk_remix: FFmpeg detected: version 8.1.2-full_build-www.gyan.dev
2026-08-01 15:47:33 [INFO] ai_bulk_remix: FFmpeg detected: version 8.1.2-full_build-www.gyan.dev
2026-08-01 15:57:08 [INFO] ai_bulk_remix: GPU encoders detected: h264_nvenc, hevc_nvenc, av1_nvenc, h264_qsv, hevc_qsv, h264_amf, hevc_amf
2026-08-01 15:57:08 [INFO] ai_bulk_remix: MainWindow initialized
2026-08-01 15:57:08 [INFO] ai_bulk_remix: FFmpeg detected: version 8.1.2-full_build-www.gyan.dev
2026-08-01 16:03:17 [INFO] ai_bulk_remix: GPU encoders detected: h264_nvenc, hevc_nvenc, av1_nvenc, h264_qsv, hevc_qsv, h264_amf, hevc_amf
2026-08-01 16:03:17 [INFO] ai_bulk_remix: MainWindow initialized
2026-08-01 16:03:19 [INFO] ai_bulk_remix: GPU encoders detected: h264_nvenc, hevc_nvenc, av1_nvenc, h264_qsv, hevc_qsv, h264_amf, hevc_amf
2026-08-01 16:03:19 [INFO] ai_bulk_remix: MainWindow initialized
2026-08-01 16:03:20 [INFO] ai_bulk_remix: GPU encoders detected: h264_nvenc, hevc_nvenc, av1_nvenc, h264_qsv, hevc_qsv, h264_amf, hevc_amf
2026-08-01 16:03:20 [INFO] ai_bulk_remix: MainWindow initialized
2026-08-01 16:03:20 [INFO] ai_bulk_remix: FFmpeg detected: version 8.1.2-full_build-www.gyan.dev
2026-08-01 16:03:20 [INFO] ai_bulk_remix: FFmpeg detected: version 8.1.2-full_build-www.gyan.dev
2026-08-01 16:14:00 [INFO] ai_bulk_remix: GPU encoders detected: h264_nvenc, hevc_nvenc, av1_nvenc, h264_qsv, hevc_qsv, h264_amf, hevc_amf
2026-08-01 16:14:00 [INFO] ai_bulk_remix: MainWindow initialized
2026-08-01 16:14:39 [INFO] ai_bulk_remix: GPU encoders detected: h264_nvenc, hevc_nvenc, av1_nvenc, h264_qsv, hevc_qsv, h264_amf, hevc_amf
2026-08-01 16:14:39 [INFO] ai_bulk_remix: MainWindow initialized
2026-08-01 16:17:29 [INFO] ai_bulk_remix: GPU encoders detected: h264_nvenc, hevc_nvenc, av1_nvenc, h264_qsv, hevc_qsv, h264_amf, hevc_amf
2026-08-01 16:17:29 [INFO] ai_bulk_remix: MainWindow initialized
2026-08-01 16:18:37 [INFO] ai_bulk_remix: GPU encoders detected: h264_nvenc, hevc_nvenc, av1_nvenc, h264_qsv, hevc_qsv, h264_amf, hevc_amf
2026-08-01 16:18:37 [INFO] ai_bulk_remix: MainWindow initialized
2026-08-01 18:35:23 [INFO] ai_bulk_remix: ==================================================
2026-08-01 18:35:23 [INFO] ai_bulk_remix: AI Bulk Remix Studio v1.0.0 starting...
2026-08-01 18:35:23 [INFO] ai_bulk_remix: Base directory: C:\Users\h\ai-bulk-remix-studio
2026-08-01 18:35:23 [INFO] ai_bulk_remix: Python: 3.10.0 (tags/v3.10.0:b494f59, Oct  4 2021, 19:00:18) [MSC v.1929 64 bit (AMD64)]
2026-08-01 18:35:23 [INFO] ai_bulk_remix: Platform: win32
2026-08-01 18:35:23 [INFO] ai_bulk_remix: ==================================================
2026-08-01 18:35:35 [INFO] ai_bulk_remix: GPU encoders detected: h264_nvenc, hevc_nvenc, av1_nvenc, h264_qsv, hevc_qsv, h264_amf, hevc_amf
2026-08-01 18:35:35 [INFO] ai_bulk_remix: MainWindow initialized
2026-08-01 18:35:35 [INFO] ai_bulk_remix: MainWindow displayed successfully.
2026-08-01 18:35:35 [INFO] ai_bulk_remix: FFmpeg detected: version 8.1.2-full_build-www.gyan.dev
2026-08-01 18:35:46 [INFO] ai_bulk_remix: Application exiting with code 0
2026-08-01 18:39:13 [INFO] ai_bulk_remix: GPU encoders detected: h264_nvenc, hevc_nvenc, av1_nvenc, h264_qsv, hevc_qsv, h264_amf, hevc_amf
2026-08-01 18:39:13 [INFO] ai_bulk_remix: MainWindow initialized
2026-08-01 18:39:14 [INFO] ai_bulk_remix: GPU encoders detected: h264_nvenc, hevc_nvenc, av1_nvenc, h264_qsv, hevc_qsv, h264_amf, hevc_amf
2026-08-01 18:39:14 [INFO] ai_bulk_remix: MainWindow initialized
2026-08-01 18:39:16 [INFO] ai_bulk_remix: GPU encoders detected: h264_nvenc, hevc_nvenc, av1_nvenc, h264_qsv, hevc_qsv, h264_amf, hevc_amf
2026-08-01 18:39:16 [INFO] ai_bulk_remix: MainWindow initialized
2026-08-01 18:39:16 [INFO] ai_bulk_remix: FFmpeg detected: version 8.1.2-full_build-www.gyan.dev
2026-08-01 18:39:16 [INFO] ai_bulk_remix: FFmpeg detected: version 8.1.2-full_build-www.gyan.dev
2026-08-01 18:41:04 [INFO] ai_bulk_remix: GPU encoders detected: h264_nvenc, hevc_nvenc, av1_nvenc, h264_qsv, hevc_qsv, h264_amf, hevc_amf
2026-08-01 18:41:04 [INFO] ai_bulk_remix: MainWindow initialized
2026-08-01 18:41:06 [INFO] ai_bulk_remix: GPU encoders detected: h264_nvenc, hevc_nvenc, av1_nvenc, h264_qsv, hevc_qsv, h264_amf, hevc_amf
2026-08-01 18:41:06 [INFO] ai_bulk_remix: MainWindow initialized
2026-08-01 18:41:07 [INFO] ai_bulk_remix: GPU encoders detected: h264_nvenc, hevc_nvenc, av1_nvenc, h264_qsv, hevc_qsv, h264_amf, hevc_amf
2026-08-01 18:41:07 [INFO] ai_bulk_remix: MainWindow initialized
2026-08-01 18:41:07 [INFO] ai_bulk_remix: FFmpeg detected: version 8.1.2-full_build-www.gyan.dev
2026-08-01 18:41:07 [INFO] ai_bulk_remix: FFmpeg detected: version 8.1.2-full_build-www.gyan.dev
2026-08-01 18:41:38 [INFO] ai_bulk_remix: GPU encoders detected: h264_nvenc, hevc_nvenc, av1_nvenc, h264_qsv, hevc_qsv, h264_amf, hevc_amf
2026-08-01 18:41:38 [INFO] ai_bulk_remix: MainWindow initialized
2026-08-01 18:41:39 [INFO] ai_bulk_remix: GPU encoders detected: h264_nvenc, hevc_nvenc, av1_nvenc, h264_qsv, hevc_qsv, h264_amf, hevc_amf
2026-08-01 18:41:39 [INFO] ai_bulk_remix: MainWindow initialized
2026-08-01 18:41:41 [INFO] ai_bulk_remix: GPU encoders detected: h264_nvenc, hevc_nvenc, av1_nvenc, h264_qsv, hevc_qsv, h264_amf, hevc_amf
2026-08-01 18:41:41 [INFO] ai_bulk_remix: MainWindow initialized
2026-08-01 18:41:41 [INFO] ai_bulk_remix: FFmpeg detected: version 8.1.2-full_build-www.gyan.dev
2026-08-01 18:41:41 [INFO] ai_bulk_remix: FFmpeg detected: version 8.1.2-full_build-www.gyan.dev
2026-08-01 18:42:03 [INFO] ai_bulk_remix: GPU encoders detected: h264_nvenc, hevc_nvenc, av1_nvenc, h264_qsv, hevc_qsv, h264_amf, hevc_amf
2026-08-01 18:42:03 [INFO] ai_bulk_remix: MainWindow initialized
2026-08-01 18:42:04 [INFO] ai_bulk_remix: GPU encoders detected: h264_nvenc, hevc_nvenc, av1_nvenc, h264_qsv, hevc_qsv, h264_amf, hevc_amf
2026-08-01 18:42:04 [INFO] ai_bulk_remix: MainWindow initialized
2026-08-01 18:42:05 [INFO] ai_bulk_remix: GPU encoders detected: h264_nvenc, hevc_nvenc, av1_nvenc, h264_qsv, hevc_qsv, h264_amf, hevc_amf
2026-08-01 18:42:05 [INFO] ai_bulk_remix: MainWindow initialized
2026-08-01 18:42:05 [INFO] ai_bulk_remix: FFmpeg detected: version 8.1.2-full_build-www.gyan.dev
2026-08-01 18:42:05 [INFO] ai_bulk_remix: FFmpeg detected: version 8.1.2-full_build-www.gyan.dev
2026-08-01 18:42:45 [INFO] ai_bulk_remix: ==================================================
2026-08-01 18:42:45 [INFO] ai_bulk_remix: AI Bulk Remix Studio v1.0.0 starting...
2026-08-01 18:42:45 [INFO] ai_bulk_remix: Base directory: C:\Users\h\ai-bulk-remix-studio
2026-08-01 18:42:45 [INFO] ai_bulk_remix: Python: 3.10.0 (tags/v3.10.0:b494f59, Oct  4 2021, 19:00:18) [MSC v.1929 64 bit (AMD64)]
2026-08-01 18:42:45 [INFO] ai_bulk_remix: Platform: win32
2026-08-01 18:42:45 [INFO] ai_bulk_remix: ==================================================
2026-08-01 18:42:51 [INFO] ai_bulk_remix: GPU encoders detected: h264_nvenc, hevc_nvenc, av1_nvenc, h264_qsv, hevc_qsv, h264_amf, hevc_amf
2026-08-01 18:42:51 [INFO] ai_bulk_remix: MainWindow initialized
2026-08-01 18:42:51 [INFO] ai_bulk_remix: MainWindow displayed successfully.
2026-08-01 18:42:51 [INFO] ai_bulk_remix: FFmpeg detected: version 8.1.2-full_build-www.gyan.dev
2026-08-01 19:29:06 [INFO] ai_bulk_remix: Scanned C:/Users/h/Videos/tiktok + fb/pates trans: 66 video(s) found
2026-08-01 19:29:28 [INFO] ai_bulk_remix: ==================================================
2026-08-01 19:29:28 [INFO] ai_bulk_remix: BATCH PROCESSING STARTED
2026-08-01 19:29:28 [INFO] ai_bulk_remix: Total files: 66
2026-08-01 19:29:28 [INFO] ai_bulk_remix: Output directory: C:/Users/h/Videos/tiktok + fb/pates trans/edit paste
2026-08-01 19:29:28 [INFO] ai_bulk_remix: Workers: 6
2026-08-01 19:29:28 [INFO] ai_bulk_remix: Encoder: h264_nvenc
2026-08-01 19:29:28 [INFO] ai_bulk_remix: ==================================================
2026-08-01 19:29:28 [INFO] ai_bulk_remix: [1/66] START -> AQM4g9jPFxjs4x0BzWakQnkycvaIUXfLQ8cMM-fIyP_vaOgIKu5ECLq6dC2PnZgdOJDs1LLnKckT25IVFoYDUdhZWdsVOpAv6NjCPLQ.mp4
2026-08-01 19:29:28 [INFO] ai_bulk_remix: [2/66] START -> AQMH2DTysBN98WfRiN4mfE6Pb-svDR7vDUvefmm40xmDO1LaPbJK7HEJvAuDQxMrOib0C4u6rZzKrRpHKg3cpFWyh2jpvskCSL5Xdhg.mp4
2026-08-01 19:29:28 [INFO] ai_bulk_remix: [3/66] START -> AQMKLGRKAp2oRQvn3xFzjQJYR0vCiaBr-KzdNkoLg0QqJZpkuo8cIE5VMOYMjm6Ag7ck9uAiq1rT894f73UcfjlEWRJhMVv8x9uIo8I.mp4
2026-08-01 19:29:28 [INFO] ai_bulk_remix: [4/66] START -> AQMPCoEP-_MOVybU3l3epyVDqxOBFflGatup2iwXPNOzl5mzh6TbJ5_2FSe0dnshjD_N1g7FZ5JwgvYNUJ0wkd5lqLar65aSoHrBy_0.mp4
2026-08-01 19:29:28 [INFO] ai_bulk_remix: [5/66] START -> AQMV66zJ1vMS4E-npz2YZuDjZ32s0cc-sGXD2GYEaXydoIZ-PIZPZL-OBGnH6sfqUwc6of7MNwx_3cidgY3MbdKqzTnVePgJxfSHGuc.mp4
2026-08-01 19:29:28 [INFO] ai_bulk_remix: [6/66] START -> AQMdMOOj5TI6-iqm9JGfnjAM2gIpHK31pMLO3oh6-yO8JRaDPzf4OhbVpHeDKdo834tajIy9U4V-V8r4w6UGwnnYziOpalGJna16U4k.mp4
2026-08-01 19:31:15 [INFO] ai_bulk_remix: [2/66] DONE  AQMH2DTysBN98WfRiN4mfE6Pb-svDR7vDUvefmm40xmDO1LaPbJK7HEJvAuDQxMrOib0C4u6rZzKrRpHKg3cpFWyh2jpvskCSL5Xdhg.mp4 (106.5s)
2026-08-01 19:31:15 [INFO] ai_bulk_remix: [7/66] START -> AQMeoztCXOMjFRpBAwIqfz1CS3KeRe1_8Uu6RI1lu0upIOhLVB-wp6KQy_1-ilg_jFNB0-t_ebIVWbmcD649jRDjv5Ys4Z80ZJGIN1s.mp4
2026-08-01 19:31:21 [INFO] ai_bulk_remix: [5/66] DONE  AQMV66zJ1vMS4E-npz2YZuDjZ32s0cc-sGXD2GYEaXydoIZ-PIZPZL-OBGnH6sfqUwc6of7MNwx_3cidgY3MbdKqzTnVePgJxfSHGuc.mp4 (112.2s)
2026-08-01 19:31:21 [INFO] ai_bulk_remix: [8/66] START -> AQMgrBPIeO0n0D8UO_PLSIPv8lRmrfMiFXiCLNEuQuHMg1fA-P9OtZ3T-uwdEvFiu7mIny9_zaKjZ4w9bTRkef5N2uxQFgAuqIClyc8.mp4
2026-08-01 19:31:22 [INFO] ai_bulk_remix: [6/66] DONE  AQMdMOOj5TI6-iqm9JGfnjAM2gIpHK31pMLO3oh6-yO8JRaDPzf4OhbVpHeDKdo834tajIy9U4V-V8r4w6UGwnnYziOpalGJna16U4k.mp4 (113.9s)
2026-08-01 19:31:22 [INFO] ai_bulk_remix: [9/66] START -> AQMpozy4KROiLpS-lrHQI3drnwtb440fO4ciuvdu1dA85ch_hERaPGNVq1gWt56i-fQpuF4eUOM9lbWlUabdUcgDzqLFjIWo0ZOmq10.mp4
2026-08-01 19:31:42 [INFO] ai_bulk_remix: [3/66] DONE  AQMKLGRKAp2oRQvn3xFzjQJYR0vCiaBr-KzdNkoLg0QqJZpkuo8cIE5VMOYMjm6Ag7ck9uAiq1rT894f73UcfjlEWRJhMVv8x9uIo8I.mp4 (133.1s)
2026-08-01 19:31:42 [INFO] ai_bulk_remix: [10/66] START -> AQMwyEbYr4YanGb4IcfXSguIxGT7JEI2Vn-50TsVTNlRxHPUi8hfpyYjoy3VeN3pf66OZKKqXmy3Tbm2oulz5tTv0v_h1GI1qLBq_Lk.mp4
2026-08-01 19:31:49 [INFO] ai_bulk_remix: [1/66] DONE  AQM4g9jPFxjs4x0BzWakQnkycvaIUXfLQ8cMM-fIyP_vaOgIKu5ECLq6dC2PnZgdOJDs1LLnKckT25IVFoYDUdhZWdsVOpAv6NjCPLQ.mp4 (140.4s)
2026-08-01 19:31:49 [INFO] ai_bulk_remix: [11/66] START -> AQN2-wmft5JeDxwdszhSfhXae_Ys4BAk-JeUQWvWYPTRKdo7NIqHc81MXwR2bSeIXCOsCdy-S0GIZI-8cfxZYcJ3v7G41u_bWJcKV3Q.mp4
2026-08-01 19:31:55 [INFO] ai_bulk_remix: [4/66] DONE  AQMPCoEP-_MOVybU3l3epyVDqxOBFflGatup2iwXPNOzl5mzh6TbJ5_2FSe0dnshjD_N1g7FZ5JwgvYNUJ0wkd5lqLar65aSoHrBy_0.mp4 (146.3s)
2026-08-01 19:31:55 [INFO] ai_bulk_remix: [12/66] START -> AQN49pBBmxgrh4t_yBpLcpkKDSvkLcu84kHHoukpr17G4fMlv--8fFyJvM-RRlQI3gNd6GTemp2m8pd9Ua1aZNyAP6Cy1V1PJYnxIlY.mp4
2026-08-01 19:32:34 [INFO] ai_bulk_remix: [11/66] DONE  AQN2-wmft5JeDxwdszhSfhXae_Ys4BAk-JeUQWvWYPTRKdo7NIqHc81MXwR2bSeIXCOsCdy-S0GIZI-8cfxZYcJ3v7G41u_bWJcKV3Q.mp4 (43.8s)
2026-08-01 19:32:34 [INFO] ai_bulk_remix: [13/66] START -> AQN5ApeKUvkd2UrfludXnFzWr7NhetOGTIGu4yK6Z6vpByVJeLRSxFIKs2vQXWfMz-VerD9FZjX9zd3o1V9_o0v5dGE6d-gaX-L5Rz8.mp4
2026-08-01 19:33:58 [INFO] ai_bulk_remix: [7/66] DONE  AQMeoztCXOMjFRpBAwIqfz1CS3KeRe1_8Uu6RI1lu0upIOhLVB-wp6KQy_1-ilg_jFNB0-t_ebIVWbmcD649jRDjv5Ys4Z80ZJGIN1s.mp4 (160.1s)
2026-08-01 19:33:58 [INFO] ai_bulk_remix: [14/66] START -> AQNBti8nfsM_kBWIIMabdyZSs5wvAewpipiYxv5UVYZGv5hmKu_8-9ZjBYdI8ifC3YIPsgxE2_L77E27w-aWT5qf9SsMprGkool5jC8.mp4
2026-08-01 19:34:07 [INFO] ai_bulk_remix: [8/66] DONE  AQMgrBPIeO0n0D8UO_PLSIPv8lRmrfMiFXiCLNEuQuHMg1fA-P9OtZ3T-uwdEvFiu7mIny9_zaKjZ4w9bTRkef5N2uxQFgAuqIClyc8.mp4 (164.3s)
2026-08-01 19:34:07 [INFO] ai_bulk_remix: [15/66] START -> AQNDja6ifxRL7BtYC2clKEYzNEwL-uU8JIv02Jz4_l6AxalsmQfnejscsIYQxoiysLd2vgJmKF4sUvUTx9Kr53QFrq2xa696o_1lyLw.mp4
2026-08-01 19:34:20 [INFO] ai_bulk_remix: [12/66] DONE  AQN49pBBmxgrh4t_yBpLcpkKDSvkLcu84kHHoukpr17G4fMlv--8fFyJvM-RRlQI3gNd6GTemp2m8pd9Ua1aZNyAP6Cy1V1PJYnxIlY.mp4 (142.7s)
2026-08-01 19:34:20 [INFO] ai_bulk_remix: [16/66] START -> AQNDpfWlDNYtgZ6QQ2QwQMzsJcantBmeZqPPlcUJBztZWEyMIB37YB6YtuGsEqXaeI0jiB8DFRWDDySW1Fc3Pwxz3mcIHcC8NZw1X8c.mp4
2026-08-01 19:34:23 [INFO] ai_bulk_remix: [9/66] DONE  AQMpozy4KROiLpS-lrHQI3drnwtb440fO4ciuvdu1dA85ch_hERaPGNVq1gWt56i-fQpuF4eUOM9lbWlUabdUcgDzqLFjIWo0ZOmq10.mp4 (178.8s)
2026-08-01 19:34:23 [INFO] ai_bulk_remix: [17/66] START -> AQNHMM5P2UhARG9AA8PMJn5inLMC4QFpIYwRx_qFuskFjr4H87p5oamK5c9fJgEDtBJv2fs697tN49aqvjiITs8tf_mqq8rkKWMgbm4.mp4
2026-08-01 19:34:47 [INFO] ai_bulk_remix: [13/66] DONE  AQN5ApeKUvkd2UrfludXnFzWr7NhetOGTIGu4yK6Z6vpByVJeLRSxFIKs2vQXWfMz-VerD9FZjX9zd3o1V9_o0v5dGE6d-gaX-L5Rz8.mp4 (131.2s)
2026-08-01 19:34:47 [INFO] ai_bulk_remix: [18/66] START -> AQNUfTwe-skxcnO67b_kUe3TLLwmxMWWTmDCyqE-fxjPDQnhZSLkvitLnSWMAv-O11e3jL5eyR8m4BX_UZoQ_fj06pShpvCwcaYmifU.mp4
2026-08-01 19:34:56 [INFO] ai_bulk_remix: [10/66] DONE  AQMwyEbYr4YanGb4IcfXSguIxGT7JEI2Vn-50TsVTNlRxHPUi8hfpyYjoy3VeN3pf66OZKKqXmy3Tbm2oulz5tTv0v_h1GI1qLBq_Lk.mp4 (190.6s)
2026-08-01 19:34:56 [INFO] ai_bulk_remix: [19/66] START -> AQNXQRJLjInGDBoU-TwLQuc75Qa2x2bcDxIY7LpFKT8qKUGNcYv2QMKLJ7PwIloRCldtuivC2t_f6x3BuRmqN1n7zF-p7rLzLNwPIbY.mp4
2026-08-01 19:36:27 [INFO] ai_bulk_remix: [15/66] DONE  AQNDja6ifxRL7BtYC2clKEYzNEwL-uU8JIv02Jz4_l6AxalsmQfnejscsIYQxoiysLd2vgJmKF4sUvUTx9Kr53QFrq2xa696o_1lyLw.mp4 (138.4s)
2026-08-01 19:36:27 [INFO] ai_bulk_remix: [20/66] START -> AQNXwWHLnPUNBv3si-3oqyJTKj7EUQ7C84qPRjs4Sdc_xIBLfkw5LNO1a0d8tsyXNcHkLHEg4d73OpJGMuTIwimP2x21qPRyDPcA_mU.mp4
2026-08-01 19:36:41 [INFO] ai_bulk_remix: [14/66] DONE  AQNBti8nfsM_kBWIIMabdyZSs5wvAewpipiYxv5UVYZGv5hmKu_8-9ZjBYdI8ifC3YIPsgxE2_L77E27w-aWT5qf9SsMprGkool5jC8.mp4 (161.5s)
2026-08-01 19:36:41 [INFO] ai_bulk_remix: [21/66] START -> AQNhMKhbjzDmcCox_JoDhLjF5jqUpHVA4MQRqYRsYzikhb39ugNVx58vYoe6HRDktnGV0ZPcC7mSKcBee5tV7YKXUucfXK7gkN0Yz10.mp4
2026-08-01 19:36:50 [INFO] ai_bulk_remix: [19/66] DONE  AQNXQRJLjInGDBoU-TwLQuc75Qa2x2bcDxIY7LpFKT8qKUGNcYv2QMKLJ7PwIloRCldtuivC2t_f6x3BuRmqN1n7zF-p7rLzLNwPIbY.mp4 (111.5s)
2026-08-01 19:36:50 [INFO] ai_bulk_remix: [22/66] START -> AQNkCCLlCeeOr7R36sqMtiI4wG0V97TcJRNQMH0fd1OjehIHsiVqAW2Vc2zzk9tuozhEybeDH3HQtiNrr_DGgUNJ_rgriBJqlHczjKY.mp4
2026-08-01 19:36:52 [INFO] ai_bulk_remix: [16/66] DONE  AQNDpfWlDNYtgZ6QQ2QwQMzsJcantBmeZqPPlcUJBztZWEyMIB37YB6YtuGsEqXaeI0jiB8DFRWDDySW1Fc3Pwxz3mcIHcC8NZw1X8c.mp4 (149.7s)
2026-08-01 19:36:52 [INFO] ai_bulk_remix: [23/66] START -> AQNoq9RZtzfrjDtv9BpSn3yn6_T8c16n7tv-iRvkUejn2DeqQhpz4aWuGoY_KGGbq9JrBxCT4do_v28oYRC0DVoFdi6NfAX5C6CPti4.mp4
2026-08-01 19:37:04 [INFO] ai_bulk_remix: [17/66] DONE  AQNHMM5P2UhARG9AA8PMJn5inLMC4QFpIYwRx_qFuskFjr4H87p5oamK5c9fJgEDtBJv2fs697tN49aqvjiITs8tf_mqq8rkKWMgbm4.mp4 (159.0s)
2026-08-01 19:37:04 [INFO] ai_bulk_remix: [24/66] START -> AQNrBKLP-vfGaV2C_PKzbkGBAASr4XCN5J5voB6ex2HggaMyzVBstX7wFmfX6GEhrjz7h2aUXtD5WyFs4EkEw2sOycqXmnvop_lthgE.mp4
2026-08-01 19:37:51 [INFO] ai_bulk_remix: [23/66] DONE  AQNoq9RZtzfrjDtv9BpSn3yn6_T8c16n7tv-iRvkUejn2DeqQhpz4aWuGoY_KGGbq9JrBxCT4do_v28oYRC0DVoFdi6NfAX5C6CPti4.mp4 (56.5s)
2026-08-01 19:37:51 [INFO] ai_bulk_remix: [25/66] START -> AQNrc1eQdyU0ZIZmnimkRtg1uhqG_4_HxMZMIdsutFmMkBUYCk8VCMCfe8EVgVFE21EmOxQyLTSU7KKpc8sqz5-Tm0zsYEeyC68shXU.mp4
2026-08-01 19:38:40 [INFO] ai_bulk_remix: [18/66] DONE  AQNUfTwe-skxcnO67b_kUe3TLLwmxMWWTmDCyqE-fxjPDQnhZSLkvitLnSWMAv-O11e3jL5eyR8m4BX_UZoQ_fj06pShpvCwcaYmifU.mp4 (230.7s)
2026-08-01 19:38:40 [INFO] ai_bulk_remix: [26/66] START -> AQO7jnHSpuq07kjfwz95YfExlaDsF0HnRfqsFgEq2uusOhCt7Dp5nMMOb5biPdDdoEITJe4d0RB1bLddgL6zDuO2IMeq6AbpDs-eIJc.mp4
2026-08-01 19:39:19 [INFO] ai_bulk_remix: [21/66] DONE  AQNhMKhbjzDmcCox_JoDhLjF5jqUpHVA4MQRqYRsYzikhb39ugNVx58vYoe6HRDktnGV0ZPcC7mSKcBee5tV7YKXUucfXK7gkN0Yz10.mp4 (156.2s)
2026-08-01 19:39:19 [INFO] ai_bulk_remix: [27/66] START -> AQO9Iohv47F0JYRqGC6m0itkDUiPKFkdrL68uh5p1lxYwFaqujelFJfARu6EQY-U8QJcIPemCec1As7MHRT8KS0_8a9G0aS8XgYY0Xk.mp4
2026-08-01 19:39:27 [INFO] ai_bulk_remix: [20/66] DONE  AQNXwWHLnPUNBv3si-3oqyJTKj7EUQ7C84qPRjs4Sdc_xIBLfkw5LNO1a0d8tsyXNcHkLHEg4d73OpJGMuTIwimP2x21qPRyDPcA_mU.mp4 (178.3s)
2026-08-01 19:39:27 [INFO] ai_bulk_remix: [28/66] START -> AQOMwjmLtr51jtPk-jjc-WPJ4rC_LQWUFJJEM8oknBqsNL1PtM9bYv0P6KFiYoBuLWpqcskWYNzFG3nC1_bficHz3ds8Y0eJF8OpZOg.mp4
2026-08-01 19:39:36 [INFO] ai_bulk_remix: [24/66] DONE  AQNrBKLP-vfGaV2C_PKzbkGBAASr4XCN5J5voB6ex2HggaMyzVBstX7wFmfX6GEhrjz7h2aUXtD5WyFs4EkEw2sOycqXmnvop_lthgE.mp4 (149.4s)
2026-08-01 19:39:36 [INFO] ai_bulk_remix: [29/66] START -> AQOPqhK0MCorwQ5mb2d_FORwIiT-qpYivvSARd9yWsF0Vlir7o4dAov98qtDMQw7cy4shxGPEtwttZhNVm0eObKiBn2LefbDFDAVIW8.mp4
2026-08-01 19:39:36 [INFO] ai_bulk_remix: [22/66] DONE  AQNkCCLlCeeOr7R36sqMtiI4wG0V97TcJRNQMH0fd1OjehIHsiVqAW2Vc2zzk9tuozhEybeDH3HQtiNrr_DGgUNJ_rgriBJqlHczjKY.mp4 (165.1s)
2026-08-01 19:39:36 [INFO] ai_bulk_remix: [30/66] START -> AQORmH6Zoqf1Yg1qOI86ydBi7CNhDitQ2cvYGUqkMIjy3EUmkFcAQXAXJlY0sqfwMfYXArf6ikvrpMAfx2iqn1P8ymnWFgmfa2tVPKA.mp4
2026-08-01 19:39:38 [INFO] ai_bulk_remix: [26/66] DONE  AQO7jnHSpuq07kjfwz95YfExlaDsF0HnRfqsFgEq2uusOhCt7Dp5nMMOb5biPdDdoEITJe4d0RB1bLddgL6zDuO2IMeq6AbpDs-eIJc.mp4 (55.3s)
2026-08-01 19:39:38 [INFO] ai_bulk_remix: [31/66] START -> AQOaAyO_b7S2R6tBoAzpIQWHoR6-IuzR-afhPhkS6__6CJhRiN24010IXT0UnKL-7Vr8ytxtYK9lSlZODcjcwzGDcdRHunGHaUIrcDE.mp4
2026-08-01 19:40:30 [INFO] ai_bulk_remix: [25/66] DONE  AQNrc1eQdyU0ZIZmnimkRtg1uhqG_4_HxMZMIdsutFmMkBUYCk8VCMCfe8EVgVFE21EmOxQyLTSU7KKpc8sqz5-Tm0zsYEeyC68shXU.mp4 (156.0s)
2026-08-01 19:40:30 [INFO] ai_bulk_remix: [32/66] START -> AQOusLR-A20bX4Rae0ck6eQUOO9O9tPKfIXhgseJz7cL3C3nx5KP98299F7F9MghBOLZECITHL4zEFAaDCgDnCSB2Fu2QAnN_MTv-PQ.mp4
2026-08-01 19:42:04 [INFO] ai_bulk_remix: [28/66] DONE  AQOMwjmLtr51jtPk-jjc-WPJ4rC_LQWUFJJEM8oknBqsNL1PtM9bYv0P6KFiYoBuLWpqcskWYNzFG3nC1_bficHz3ds8Y0eJF8OpZOg.mp4 (154.1s)
2026-08-01 19:42:04 [INFO] ai_bulk_remix: [33/66] START -> AQP5-NQIyBzps-UNReM7HTLCHcZh1lmZ5HFF8Nplh6lXW_Gz1IU3bVjQxTMOjo3Hykdr4uoP3S60QaGaAa0hZRXMc5Nkc3QDy8JZ8zM.mp4
2026-08-01 19:42:08 [INFO] ai_bulk_remix: [30/66] DONE  AQORmH6Zoqf1Yg1qOI86ydBi7CNhDitQ2cvYGUqkMIjy3EUmkFcAQXAXJlY0sqfwMfYXArf6ikvrpMAfx2iqn1P8ymnWFgmfa2tVPKA.mp4 (149.7s)
2026-08-01 19:42:08 [INFO] ai_bulk_remix: [34/66] START -> AQP5NxDCrUrw4FUFmK4KSkENzk-Ai57aeGQLopUCivlZAuQIknxQQg3fhfCQfnMdyCb4JWDpHJAM-anhofWPO_xPqBPHt98ZP4qWgSw.mp4
2026-08-01 19:42:10 [INFO] ai_bulk_remix: [27/66] DONE  AQO9Iohv47F0JYRqGC6m0itkDUiPKFkdrL68uh5p1lxYwFaqujelFJfARu6EQY-U8QJcIPemCec1As7MHRT8KS0_8a9G0aS8XgYY0Xk.mp4 (167.1s)
2026-08-01 19:42:16 [INFO] ai_bulk_remix: [35/66] START -> AQP6vNXWnhzsjKan-4XwMieRs5OB_8oeucoQ24qBqwrYGbiwCVWD4_TtIMbK7S4POqCcxUXtho1dVvGMNdigsUYT_xynm931TOySU-4.mp4
2026-08-01 19:42:31 [INFO] ai_bulk_remix: [32/66] DONE  AQOusLR-A20bX4Rae0ck6eQUOO9O9tPKfIXhgseJz7cL3C3nx5KP98299F7F9MghBOLZECITHL4zEFAaDCgDnCSB2Fu2QAnN_MTv-PQ.mp4 (118.1s)
2026-08-01 19:42:31 [INFO] ai_bulk_remix: [36/66] START -> AQPDZ0Wxz58e7HLG66tdFDsqLcTlLOsUvyQHzPG3xFZhav-jo7-hMr_zv4Z_U_DNuIMezZ7Gn0lKuwxq-afkdRdZfmNWWYz6FSOBKBA.mp4
2026-08-01 19:42:55 [INFO] ai_bulk_remix: [29/66] DONE  AQOPqhK0MCorwQ5mb2d_FORwIiT-qpYivvSARd9yWsF0Vlir7o4dAov98qtDMQw7cy4shxGPEtwttZhNVm0eObKiBn2LefbDFDAVIW8.mp4 (196.5s)
2026-08-01 19:42:55 [INFO] ai_bulk_remix: [37/66] START -> AQPTN6cxpXQCUNL8A4QHf3sya9kVJ4YPtVL6o6xGKVwogTwufJUDvK1LLuMJx1of0VOYSFGUl6jLtPDzKPWe8EHP-CSRsZ1E8EweYmw.mp4
2026-08-01 19:42:57 [INFO] ai_bulk_remix: [31/66] DONE  AQOaAyO_b7S2R6tBoAzpIQWHoR6-IuzR-afhPhkS6__6CJhRiN24010IXT0UnKL-7Vr8ytxtYK9lSlZODcjcwzGDcdRHunGHaUIrcDE.mp4 (197.8s)
2026-08-01 19:42:57 [INFO] ai_bulk_remix: [38/66] START -> AQPTO8mWHW48utmtZ7G5zMsYigalFim3fOkXgttMGgal4Ej0hz8e2gpFaWeDIVBCK6fzqIILgprlSk2Xeahv7OlTRUx5Au47wtMapXk.mp4
2026-08-01 19:44:23 [INFO] ai_bulk_remix: [33/66] DONE  AQP5-NQIyBzps-UNReM7HTLCHcZh1lmZ5HFF8Nplh6lXW_Gz1IU3bVjQxTMOjo3Hykdr4uoP3S60QaGaAa0hZRXMc5Nkc3QDy8JZ8zM.mp4 (136.1s)
2026-08-01 19:44:23 [INFO] ai_bulk_remix: [39/66] START -> AQPUBjAmk-ZMiof9PbeTTcJ87EhYuiFtZPV8eHX2jHwBMlqfWAigqVZeH9pxVb_Wn8_JJGyJpmJI-J71hMOoFXPij-voVjwzytH7Xrw.mp4
2026-08-01 19:44:36 [INFO] ai_bulk_remix: [36/66] DONE  AQPDZ0Wxz58e7HLG66tdFDsqLcTlLOsUvyQHzPG3xFZhav-jo7-hMr_zv4Z_U_DNuIMezZ7Gn0lKuwxq-afkdRdZfmNWWYz6FSOBKBA.mp4 (123.1s)
2026-08-01 19:44:42 [INFO] ai_bulk_remix: [40/66] START -> AQPUM1BpvjmZE31BkeHg68etRwcshIW5Z9p8Jw8vdgwFwtmqq8t0Zx80T5LbP0oNj8M-Fb0-_aqNrWIBgmPOy5_AO1bo8dGdpOqYR64.mp4
2026-08-01 19:44:56 [INFO] ai_bulk_remix: [34/66] DONE  AQP5NxDCrUrw4FUFmK4KSkENzk-Ai57aeGQLopUCivlZAuQIknxQQg3fhfCQfnMdyCb4JWDpHJAM-anhofWPO_xPqBPHt98ZP4qWgSw.mp4 (165.2s)
2026-08-01 19:44:56 [INFO] ai_bulk_remix: [41/66] START -> AQPVZ-7LsPl3rJPZ-HnwEsfO61erEFmyW3Ppy2y6KFAYFB7niS4gLEMsG3SIGkgyqM333oOtP_2Mng0fSAnB3s16Onw2tKytUZ3qlfY.mp4
2026-08-01 19:45:00 [INFO] ai_bulk_remix: [35/66] DONE  AQP6vNXWnhzsjKan-4XwMieRs5OB_8oeucoQ24qBqwrYGbiwCVWD4_TtIMbK7S4POqCcxUXtho1dVvGMNdigsUYT_xynm931TOySU-4.mp4 (160.7s)
2026-08-01 19:45:00 [INFO] ai_bulk_remix: [42/66] START -> AQPX-znwIRUixoU4I_V4btVeFH-ZqimCWngTp3zGlqq9LAxzmaElKomDO6tJlxnJyXFball6eUapir6IDxkXq0Xu4FmqMmKLskD2aDg.mp4
2026-08-01 19:45:32 [INFO] ai_bulk_remix: [38/66] DONE  AQPTO8mWHW48utmtZ7G5zMsYigalFim3fOkXgttMGgal4Ej0hz8e2gpFaWeDIVBCK6fzqIILgprlSk2Xeahv7OlTRUx5Au47wtMapXk.mp4 (152.8s)
2026-08-01 19:45:32 [INFO] ai_bulk_remix: [43/66] START -> AQPeQTS80kFfGR_mVqZNv8fB3dgouCpfwY64PvfmYPZA3eFTYmcXTCEsQ4D7bGyO-RNdLh7Vx4nVrP_AArqg8LOtlTi3KZGXOCAKra4.mp4
2026-08-01 19:45:33 [INFO] ai_bulk_remix: [37/66] DONE  AQPTN6cxpXQCUNL8A4QHf3sya9kVJ4YPtVL6o6xGKVwogTwufJUDvK1LLuMJx1of0VOYSFGUl6jLtPDzKPWe8EHP-CSRsZ1E8EweYmw.mp4 (156.3s)
2026-08-01 19:45:33 [INFO] ai_bulk_remix: [44/66] START -> AQPg5bONSMXwS_Gt_fbwql_lzcSecRxwxM5Z8R8oi1wdAYIIL2squF6Wh6gto7YmgOkL8wohffHtIoXG5UCYgk5YRX83IYa9NICzom4.mp4
2026-08-01 19:46:51 [INFO] ai_bulk_remix: [39/66] DONE  AQPUBjAmk-ZMiof9PbeTTcJ87EhYuiFtZPV8eHX2jHwBMlqfWAigqVZeH9pxVb_Wn8_JJGyJpmJI-J71hMOoFXPij-voVjwzytH7Xrw.mp4 (145.7s)
2026-08-01 19:46:54 [INFO] ai_bulk_remix: [45/66] START -> AQPheRJw8GvhkC8QMTV5obj3DuCiTMW5Quab6T0oTxXQbFbxuVoXj93baOW17WzkzrQVdv9_tRXLWinbRU89ozDb0-uRjM7acfcIMfQ.mp4
2026-08-01 19:47:23 [INFO] ai_bulk_remix: [42/66] DONE  AQPX-znwIRUixoU4I_V4btVeFH-ZqimCWngTp3zGlqq9LAxzmaElKomDO6tJlxnJyXFball6eUapir6IDxkXq0Xu4FmqMmKLskD2aDg.mp4 (141.0s)
2026-08-01 19:47:23 [INFO] ai_bulk_remix: [46/66] START -> AQPnFwIAzyBTTukkF9ltIhUHIwBq7iuKuuBGYdS5nhCMzTSPbe3nDA8UHpNGziGxIZBqMRmW8tyg8EEYPrkc8FPi0Y6yIT_U-NwYHBM.mp4
2026-08-01 19:47:26 [INFO] ai_bulk_remix: [40/66] DONE  AQPUM1BpvjmZE31BkeHg68etRwcshIW5Z9p8Jw8vdgwFwtmqq8t0Zx80T5LbP0oNj8M-Fb0-_aqNrWIBgmPOy5_AO1bo8dGdpOqYR64.mp4 (162.2s)
2026-08-01 19:47:26 [INFO] ai_bulk_remix: [47/66] START -> AQPoSPsIPhaPCgsdlFaZ5w5-vVNqZze73TxYYZ9Fr61Yx5NIJLIgpPSw69YwTJlz7leY2oJpgAEpf_BPxJNYp4sRg5ipATB5UAHezOM.mp4
2026-08-01 19:47:56 [INFO] ai_bulk_remix: [41/66] DONE  AQPVZ-7LsPl3rJPZ-HnwEsfO61erEFmyW3Ppy2y6KFAYFB7niS4gLEMsG3SIGkgyqM333oOtP_2Mng0fSAnB3s16Onw2tKytUZ3qlfY.mp4 (177.8s)
2026-08-01 19:47:56 [INFO] ai_bulk_remix: [48/66] START -> AQPpYNduT-PjetsXQfGcuXn9Piq8iTfISM9qgpMN8XUbbc4tCbrO8c38vvGkXYu-GD_e0oZY3IYG3x_lccm0hLRGj-ezQnu2GVhXt4c.mp4
2026-08-01 19:48:12 [INFO] ai_bulk_remix: [44/66] DONE  AQPg5bONSMXwS_Gt_fbwql_lzcSecRxwxM5Z8R8oi1wdAYIIL2squF6Wh6gto7YmgOkL8wohffHtIoXG5UCYgk5YRX83IYa9NICzom4.mp4 (156.4s)
2026-08-01 19:48:12 [INFO] ai_bulk_remix: [49/66] START -> AQPqq_Lm2bIOl29N0_Da69FtHzzPFjKVbfXb1dZtad-yN8jLKqNBhaYVQa_v3iLxfCQx3OM5BiaHtsSGYfOPD7rctpRbel8gWTo14ws.mp4
2026-08-01 19:48:27 [INFO] ai_bulk_remix: [43/66] DONE  AQPeQTS80kFfGR_mVqZNv8fB3dgouCpfwY64PvfmYPZA3eFTYmcXTCEsQ4D7bGyO-RNdLh7Vx4nVrP_AArqg8LOtlTi3KZGXOCAKra4.mp4 (172.9s)
2026-08-01 19:48:27 [INFO] ai_bulk_remix: [50/66] START -> AQPwNk2mjC_mKGad-gufxj2J4qQFS-BdaLh1U8YZ8d96XTmr70JM13CUnrm1k9K_srZcuSGWd7MxdjKjKO0FuRC2Plr9B4QtQdY3X6M.mp4
2026-08-01 19:49:30 [INFO] ai_bulk_remix: [47/66] DONE  AQPoSPsIPhaPCgsdlFaZ5w5-vVNqZze73TxYYZ9Fr61Yx5NIJLIgpPSw69YwTJlz7leY2oJpgAEpf_BPxJNYp4sRg5ipATB5UAHezOM.mp4 (122.4s)
2026-08-01 19:49:31 [INFO] ai_bulk_remix: [51/66] START -> AQPwUbNALo6nEf9LaPiWZEX9c3LbqJhMvCZD_cpzYzCeaG7nDN5R1X0P68ZuiBiv104jJ3geKbNlyqxnX5V2QccJEDdaA0ORGR2TJkI.mp4
2026-08-01 19:49:47 [INFO] ai_bulk_remix: [45/66] DONE  AQPheRJw8GvhkC8QMTV5obj3DuCiTMW5Quab6T0oTxXQbFbxuVoXj93baOW17WzkzrQVdv9_tRXLWinbRU89ozDb0-uRjM7acfcIMfQ.mp4 (171.2s)
2026-08-01 19:49:47 [INFO] ai_bulk_remix: [52/66] START -> aiworldbyraj_1783350046_3935346648254007399_58085486179.mp4
2026-08-01 19:49:52 [INFO] ai_bulk_remix: [48/66] DONE  AQPpYNduT-PjetsXQfGcuXn9Piq8iTfISM9qgpMN8XUbbc4tCbrO8c38vvGkXYu-GD_e0oZY3IYG3x_lccm0hLRGj-ezQnu2GVhXt4c.mp4 (114.8s)
2026-08-01 19:49:52 [INFO] ai_bulk_remix: [53/66] START -> aiworldbyraj_1783359512_3935426927241093481_58085486179.mp4
2026-08-01 19:50:03 [INFO] ai_bulk_remix: [46/66] DONE  AQPnFwIAzyBTTukkF9ltIhUHIwBq7iuKuuBGYdS5nhCMzTSPbe3nDA8UHpNGziGxIZBqMRmW8tyg8EEYPrkc8FPi0Y6yIT_U-NwYHBM.mp4 (158.0s)
2026-08-01 19:50:03 [INFO] ai_bulk_remix: [54/66] START -> aiworldbyraj_1783365091_3935473699611091172_58085486179.mp4
2026-08-01 19:50:48 [INFO] ai_bulk_remix: [50/66] DONE  AQPwNk2mjC_mKGad-gufxj2J4qQFS-BdaLh1U8YZ8d96XTmr70JM13CUnrm1k9K_srZcuSGWd7MxdjKjKO0FuRC2Plr9B4QtQdY3X6M.mp4 (138.3s)
2026-08-01 19:50:48 [INFO] ai_bulk_remix: [55/66] START -> aiworldbyraj_1783422638_3935956370845959183_58085486179.mp4
2026-08-01 19:50:55 [INFO] ai_bulk_remix: [49/66] DONE  AQPqq_Lm2bIOl29N0_Da69FtHzzPFjKVbfXb1dZtad-yN8jLKqNBhaYVQa_v3iLxfCQx3OM5BiaHtsSGYfOPD7rctpRbel8gWTo14ws.mp4 (161.5s)
2026-08-01 19:50:55 [INFO] ai_bulk_remix: [56/66] START -> aiworldbyraj_1783511725_3936703457816640305_58085486179.mp4
2026-08-01 19:51:38 [INFO] ai_bulk_remix: [51/66] DONE  AQPwUbNALo6nEf9LaPiWZEX9c3LbqJhMvCZD_cpzYzCeaG7nDN5R1X0P68ZuiBiv104jJ3geKbNlyqxnX5V2QccJEDdaA0ORGR2TJkI.mp4 (125.2s)
2026-08-01 19:51:38 [INFO] ai_bulk_remix: [57/66] START -> aiworldbyraj_1783522869_3936797254248454241_58085486179.mp4
2026-08-01 19:52:22 [INFO] ai_bulk_remix: [52/66] DONE  aiworldbyraj_1783350046_3935346648254007399_58085486179.mp4 (152.9s)
2026-08-01 19:52:22 [INFO] ai_bulk_remix: [58/66] START -> aiworldbyraj_1783539189_3936933334574510259_58085486179.mp4
2026-08-01 19:52:43 [INFO] ai_bulk_remix: [54/66] DONE  aiworldbyraj_1783365091_3935473699611091172_58085486179.mp4 (157.6s)
2026-08-01 19:52:43 [INFO] ai_bulk_remix: [59/66] START -> aiworldbyraj_1783568183_3937177326388976618_58085486179.mp4
2026-08-01 19:52:52 [INFO] ai_bulk_remix: [53/66] DONE  aiworldbyraj_1783359512_3935426927241093481_58085486179.mp4 (177.7s)
2026-08-01 19:52:52 [INFO] ai_bulk_remix: [60/66] START -> aiworldbyraj_1783614640_3937567002103976295_58085486179.mp4
2026-08-01 19:53:48 [INFO] ai_bulk_remix: [55/66] DONE  aiworldbyraj_1783422638_3935956370845959183_58085486179.mp4 (177.9s)
2026-08-01 19:53:48 [INFO] ai_bulk_remix: [61/66] START -> aiworldbyraj_1783621803_3937627120313053486_58085486179.mp4
2026-08-01 19:53:58 [INFO] ai_bulk_remix: [57/66] DONE  aiworldbyraj_1783522869_3936797254248454241_58085486179.mp4 (137.7s)
2026-08-01 19:53:58 [INFO] ai_bulk_remix: [62/66] START -> aiworldbyraj_1783678329_3938101394425743595_58085486179.mp4
2026-08-01 19:54:01 [INFO] ai_bulk_remix: [56/66] DONE  aiworldbyraj_1783511725_3936703457816640305_58085486179.mp4 (182.6s)
2026-08-01 19:54:01 [INFO] ai_bulk_remix: [63/66] START -> aiworldbyraj_1783679357_3938109887304060880_58085486179.mp4
2026-08-01 19:54:26 [INFO] ai_bulk_remix: [58/66] DONE  aiworldbyraj_1783539189_3936933334574510259_58085486179.mp4 (120.9s)
2026-08-01 19:54:26 [INFO] ai_bulk_remix: [64/66] START -> aiworldbyraj_1783785901_3939003662700218674_58085486179.mp4
2026-08-01 19:55:36 [INFO] ai_bulk_remix: [59/66] DONE  aiworldbyraj_1783568183_3937177326388976618_58085486179.mp4 (170.4s)
2026-08-01 19:55:36 [INFO] ai_bulk_remix: [65/66] START -> aiworldbyraj_1785162501_3950551489217772818_58085486179.mp4
2026-08-01 19:55:59 [INFO] ai_bulk_remix: [60/66] DONE  aiworldbyraj_1783614640_3937567002103976295_58085486179.mp4 (183.9s)
2026-08-01 19:55:59 [INFO] ai_bulk_remix: [66/66] START -> aiworldbyraj_1785247109_3951261220483666426_58085486179.mp4
2026-08-01 19:56:33 [INFO] ai_bulk_remix: [63/66] DONE  aiworldbyraj_1783679357_3938109887304060880_58085486179.mp4 (149.2s)
2026-08-01 19:56:41 [INFO] ai_bulk_remix: [61/66] DONE  aiworldbyraj_1783621803_3937627120313053486_58085486179.mp4 (170.7s)
2026-08-01 19:56:42 [INFO] ai_bulk_remix: [62/66] DONE  aiworldbyraj_1783678329_3938101394425743595_58085486179.mp4 (161.7s)
2026-08-01 19:57:04 [INFO] ai_bulk_remix: [64/66] DONE  aiworldbyraj_1783785901_3939003662700218674_58085486179.mp4 (156.0s)
2026-08-01 19:57:05 [INFO] ai_bulk_remix: [65/66] DONE  aiworldbyraj_1785162501_3950551489217772818_58085486179.mp4 (86.5s)
2026-08-01 19:57:16 [INFO] ai_bulk_remix: [66/66] DONE  aiworldbyraj_1785247109_3951261220483666426_58085486179.mp4 (74.6s)
2026-08-01 19:57:16 [INFO] ai_bulk_remix: ==================================================
2026-08-01 19:57:16 [INFO] ai_bulk_remix: BATCH PROCESSING COMPLETED
2026-08-01 19:57:16 [INFO] ai_bulk_remix: Successful: 66
2026-08-01 19:57:16 [INFO] ai_bulk_remix: Failed: 0
2026-08-01 19:57:16 [INFO] ai_bulk_remix: Skipped: 0
2026-08-01 19:57:16 [INFO] ai_bulk_remix: Total time: 1667.9s
2026-08-01 19:57:16 [INFO] ai_bulk_remix: ==================================================
2026-08-01 20:15:25 [INFO] ai_bulk_remix: Scanned C:/Users/h/Videos/ai housing: 23 video(s) found
2026-08-01 20:21:02 [INFO] ai_bulk_remix: ==================================================
2026-08-01 20:21:02 [INFO] ai_bulk_remix: BATCH PROCESSING STARTED
2026-08-01 20:21:02 [INFO] ai_bulk_remix: Total files: 23
2026-08-01 20:21:02 [INFO] ai_bulk_remix: Output directory: C:/Users/h/Videos/ai housing/edit
2026-08-01 20:21:02 [INFO] ai_bulk_remix: Workers: 6
2026-08-01 20:21:02 [INFO] ai_bulk_remix: Encoder: h264_nvenc
2026-08-01 20:21:02 [INFO] ai_bulk_remix: ==================================================
2026-08-01 20:21:02 [INFO] ai_bulk_remix: [1/23] START -> Michael Smith michael.smith4657 TikTok (1).mp4
2026-08-01 20:21:02 [INFO] ai_bulk_remix: [2/23] START -> Michael Smith michael.smith4657 TikTok (12).mp4
2026-08-01 20:21:02 [INFO] ai_bulk_remix: [3/23] START -> Michael Smith michael.smith4657 TikTok (13).mp4
2026-08-01 20:21:02 [INFO] ai_bulk_remix: [4/23] START -> Michael Smith michael.smith4657 TikTok (14).mp4
2026-08-01 20:21:02 [INFO] ai_bulk_remix: [5/23] START -> Michael Smith michael.smith4657 TikTok (16).mp4
2026-08-01 20:21:02 [INFO] ai_bulk_remix: [6/23] START -> Michael Smith michael.smith4657 TikTok (17).mp4
2026-08-01 20:21:20 [INFO] ai_bulk_remix: Processing cancelled by user
2026-08-01 20:22:31 [INFO] ai_bulk_remix: Scanned C:/Users/h/Videos/ai housing: 29 video(s) found
2026-08-01 20:22:40 [INFO] ai_bulk_remix: Processing cancelled by user
2026-08-01 20:22:40 [INFO] ai_bulk_remix: Application exiting with code 0
2026-08-01 21:00:52 [INFO] ai_bulk_remix: ==================================================
2026-08-01 21:00:52 [INFO] ai_bulk_remix: AI Bulk Remix Studio v1.0.0 starting...
2026-08-01 21:00:52 [INFO] ai_bulk_remix: Base directory: C:\Users\h\ai-bulk-remix-studio
2026-08-01 21:00:52 [INFO] ai_bulk_remix: Python: 3.10.0 (tags/v3.10.0:b494f59, Oct  4 2021, 19:00:18) [MSC v.1929 64 bit (AMD64)]
2026-08-01 21:00:52 [INFO] ai_bulk_remix: Platform: win32
2026-08-01 21:00:52 [INFO] ai_bulk_remix: ==================================================
2026-08-01 21:01:03 [INFO] ai_bulk_remix: GPU encoders detected: h264_nvenc, hevc_nvenc, av1_nvenc, h264_qsv, hevc_qsv, h264_amf, hevc_amf
2026-08-01 21:01:03 [INFO] ai_bulk_remix: MainWindow initialized
2026-08-01 21:01:04 [INFO] ai_bulk_remix: MainWindow displayed successfully.
2026-08-01 21:01:04 [INFO] ai_bulk_remix: FFmpeg detected: version 8.1.2-full_build-www.gyan.dev
2026-08-01 21:03:22 [INFO] ai_bulk_remix: Scanned C:/Users/h/Videos/ai housing: 23 video(s) found
2026-08-01 21:05:32 [INFO] ai_bulk_remix: ==================================================
2026-08-01 21:05:32 [INFO] ai_bulk_remix: BATCH PROCESSING STARTED
2026-08-01 21:05:32 [INFO] ai_bulk_remix: Total files: 23
2026-08-01 21:05:32 [INFO] ai_bulk_remix: Output directory: C:/Users/h/Videos/ai housing/edit
2026-08-01 21:05:32 [INFO] ai_bulk_remix: Workers: 6
2026-08-01 21:05:32 [INFO] ai_bulk_remix: Encoder: h264_nvenc
2026-08-01 21:05:32 [INFO] ai_bulk_remix: ==================================================
2026-08-01 21:05:32 [INFO] ai_bulk_remix: [1/23] START -> Michael Smith michael.smith4657 TikTok (1).mp4
2026-08-01 21:05:32 [INFO] ai_bulk_remix: [2/23] START -> Michael Smith michael.smith4657 TikTok (12).mp4
2026-08-01 21:05:32 [INFO] ai_bulk_remix: [3/23] START -> Michael Smith michael.smith4657 TikTok (13).mp4
2026-08-01 21:05:32 [INFO] ai_bulk_remix: [4/23] START -> Michael Smith michael.smith4657 TikTok (14).mp4
2026-08-01 21:05:32 [INFO] ai_bulk_remix: [5/23] START -> Michael Smith michael.smith4657 TikTok (16).mp4
2026-08-01 21:05:32 [INFO] ai_bulk_remix: [6/23] START -> Michael Smith michael.smith4657 TikTok (17).mp4
2026-08-01 21:08:30 [INFO] ai_bulk_remix: [4/23] DONE  Michael Smith michael.smith4657 TikTok (14).mp4 (177.1s)
2026-08-01 21:08:30 [INFO] ai_bulk_remix: [7/23] START -> Michael Smith michael.smith4657 TikTok (18).mp4
2026-08-01 21:08:33 [INFO] ai_bulk_remix: [5/23] DONE  Michael Smith michael.smith4657 TikTok (16).mp4 (179.5s)
2026-08-01 21:08:33 [INFO] ai_bulk_remix: [8/23] START -> Michael Smith michael.smith4657 TikTok (19).mp4
2026-08-01 21:08:33 [INFO] ai_bulk_remix: [3/23] DONE  Michael Smith michael.smith4657 TikTok (13).mp4 (179.8s)
2026-08-01 21:08:33 [INFO] ai_bulk_remix: [9/23] START -> Michael Smith michael.smith4657 TikTok (20).mp4
2026-08-01 21:08:38 [INFO] ai_bulk_remix: [1/23] DONE  Michael Smith michael.smith4657 TikTok (1).mp4 (184.7s)
2026-08-01 21:08:38 [INFO] ai_bulk_remix: [10/23] START -> Michael Smith michael.smith4657 TikTok (21).mp4
2026-08-01 21:09:32 [INFO] ai_bulk_remix: [6/23] DONE  Michael Smith michael.smith4657 TikTok (17).mp4 (239.2s)
2026-08-01 21:09:32 [INFO] ai_bulk_remix: [11/23] START -> Michael Smith michael.smith4657 TikTok (23).mp4
2026-08-01 21:09:43 [INFO] ai_bulk_remix: [2/23] DONE  Michael Smith michael.smith4657 TikTok (12).mp4 (250.1s)
2026-08-01 21:09:43 [INFO] ai_bulk_remix: [12/23] START -> Michael Smith michael.smith4657 TikTok (25).mp4
2026-08-01 21:11:24 [INFO] ai_bulk_remix: [7/23] DONE  Michael Smith michael.smith4657 TikTok (18).mp4 (171.9s)
2026-08-01 21:11:24 [INFO] ai_bulk_remix: [13/23] START -> Michael Smith michael.smith4657 TikTok (26).mp4
2026-08-01 21:11:34 [INFO] ai_bulk_remix: [10/23] DONE  Michael Smith michael.smith4657 TikTok (21).mp4 (173.8s)
2026-08-01 21:11:34 [INFO] ai_bulk_remix: [14/23] START -> Michael Smith michael.smith4657 TikTok (27).mp4
2026-08-01 21:12:04 [INFO] ai_bulk_remix: [9/23] DONE  Michael Smith michael.smith4657 TikTok (20).mp4 (208.1s)
2026-08-01 21:12:04 [INFO] ai_bulk_remix: [15/23] START -> Michael Smith michael.smith4657 TikTok (28).mp4
2026-08-01 21:12:09 [INFO] ai_bulk_remix: [8/23] DONE  Michael Smith michael.smith4657 TikTok (19).mp4 (213.7s)
2026-08-01 21:12:09 [INFO] ai_bulk_remix: [16/23] START -> Michael Smith michael.smith4657 TikTok (29).mp4
2026-08-01 21:12:38 [INFO] ai_bulk_remix: [11/23] DONE  Michael Smith michael.smith4657 TikTok (23).mp4 (182.9s)
2026-08-01 21:12:38 [INFO] ai_bulk_remix: [17/23] START -> Michael Smith michael.smith4657 TikTok (3).mp4
2026-08-01 21:13:40 [INFO] ai_bulk_remix: [12/23] DONE  Michael Smith michael.smith4657 TikTok (25).mp4 (233.8s)
2026-08-01 21:13:40 [INFO] ai_bulk_remix: [18/23] START -> Michael Smith michael.smith4657 TikTok (33).mp4
2026-08-01 21:14:08 [INFO] ai_bulk_remix: [13/23] DONE  Michael Smith michael.smith4657 TikTok (26).mp4 (161.3s)
2026-08-01 21:14:08 [INFO] ai_bulk_remix: [19/23] START -> Michael Smith michael.smith4657 TikTok (34).mp4
2026-08-01 21:14:17 [INFO] ai_bulk_remix: [14/23] DONE  Michael Smith michael.smith4657 TikTok (27).mp4 (160.6s)
2026-08-01 21:14:17 [INFO] ai_bulk_remix: [20/23] START -> Michael Smith michael.smith4657 TikTok (5).mp4
2026-08-01 21:14:42 [INFO] ai_bulk_remix: [15/23] DONE  Michael Smith michael.smith4657 TikTok (28).mp4 (154.7s)
2026-08-01 21:14:42 [INFO] ai_bulk_remix: [21/23] START -> Michael Smith michael.smith4657 TikTok (6).mp4
2026-08-01 21:15:03 [INFO] ai_bulk_remix: [16/23] DONE  Michael Smith michael.smith4657 TikTok (29).mp4 (172.5s)
2026-08-01 21:15:03 [INFO] ai_bulk_remix: [22/23] START -> Michael Smith michael.smith4657 TikTok (7).mp4
2026-08-01 21:15:11 [INFO] ai_bulk_remix: [17/23] DONE  Michael Smith michael.smith4657 TikTok (3).mp4 (150.7s)
2026-08-01 21:15:11 [INFO] ai_bulk_remix: [23/23] START -> Michael Smith michael.smith4657 TikTok.mp4
2026-08-01 21:16:31 [INFO] ai_bulk_remix: [18/23] DONE  Michael Smith michael.smith4657 TikTok (33).mp4 (169.5s)
2026-08-01 21:16:58 [INFO] ai_bulk_remix: [23/23] DONE  Michael Smith michael.smith4657 TikTok.mp4 (105.5s)
2026-08-01 21:17:09 [INFO] ai_bulk_remix: [19/23] DONE  Michael Smith michael.smith4657 TikTok (34).mp4 (178.8s)
2026-08-01 21:17:37 [INFO] ai_bulk_remix: [20/23] DONE  Michael Smith michael.smith4657 TikTok (5).mp4 (198.3s)
2026-08-01 21:17:49 [INFO] ai_bulk_remix: [21/23] DONE  Michael Smith michael.smith4657 TikTok (6).mp4 (184.5s)
2026-08-01 21:17:53 [INFO] ai_bulk_remix: [22/23] DONE  Michael Smith michael.smith4657 TikTok (7).mp4 (167.6s)
2026-08-01 21:17:53 [INFO] ai_bulk_remix: ==================================================
2026-08-01 21:17:53 [INFO] ai_bulk_remix: BATCH PROCESSING COMPLETED
2026-08-01 21:17:53 [INFO] ai_bulk_remix: Successful: 23
2026-08-01 21:17:53 [INFO] ai_bulk_remix: Failed: 0
2026-08-01 21:17:53 [INFO] ai_bulk_remix: Skipped: 0
2026-08-01 21:17:53 [INFO] ai_bulk_remix: Total time: 741.2s
2026-08-01 21:17:53 [INFO] ai_bulk_remix: ==================================================
2026-08-01 21:46:38 [INFO] ai_bulk_remix: Application exiting with code 0
2026-08-02 08:34:55 [INFO] ai_bulk_remix: ==================================================
2026-08-02 08:34:55 [INFO] ai_bulk_remix: AI Bulk Remix Studio v1.0.0 starting...
2026-08-02 08:34:55 [INFO] ai_bulk_remix: Base directory: C:\Users\h\ai-bulk-remix-studio
2026-08-02 08:34:55 [INFO] ai_bulk_remix: Python: 3.10.0 (tags/v3.10.0:b494f59, Oct  4 2021, 19:00:18) [MSC v.1929 64 bit (AMD64)]
2026-08-02 08:34:55 [INFO] ai_bulk_remix: Platform: win32
2026-08-02 08:34:55 [INFO] ai_bulk_remix: ==================================================
2026-08-02 08:35:08 [INFO] ai_bulk_remix: GPU encoders detected: h264_nvenc, hevc_nvenc, av1_nvenc, h264_qsv, hevc_qsv, h264_amf, hevc_amf
2026-08-02 08:35:08 [INFO] ai_bulk_remix: MainWindow initialized
2026-08-02 08:35:09 [INFO] ai_bulk_remix: MainWindow displayed successfully.
2026-08-02 08:35:09 [INFO] ai_bulk_remix: FFmpeg detected: version 8.1.2-full_build-www.gyan.dev
2026-08-02 08:35:52 [INFO] ai_bulk_remix: Scanned C:/Users/h/Videos/cat ai/molly cat: 14 video(s) found
2026-08-02 08:37:15 [INFO] ai_bulk_remix: ==================================================
2026-08-02 08:37:15 [INFO] ai_bulk_remix: BATCH PROCESSING STARTED
2026-08-02 08:37:15 [INFO] ai_bulk_remix: Total files: 14
2026-08-02 08:37:15 [INFO] ai_bulk_remix: Output directory: C:/Users/h/Videos/cat ai/molly cat/edit
2026-08-02 08:37:15 [INFO] ai_bulk_remix: Workers: 7
2026-08-02 08:37:15 [INFO] ai_bulk_remix: Encoder: h264_nvenc
2026-08-02 08:37:15 [INFO] ai_bulk_remix: ==================================================
2026-08-02 08:37:15 [INFO] ai_bulk_remix: [1/14] START -> DaCbAx5ihag.mp4
2026-08-02 08:37:15 [INFO] ai_bulk_remix: [2/14] START -> DaEdey2lXAd.mp4
2026-08-02 08:37:15 [INFO] ai_bulk_remix: [3/14] START -> DaG9eAtjL49.mp4
2026-08-02 08:37:15 [INFO] ai_bulk_remix: [4/14] START -> DaJ2eoBikWc.mp4
2026-08-02 08:37:15 [INFO] ai_bulk_remix: [5/14] START -> DaMHAdgDIIh.mp4
2026-08-02 08:37:15 [INFO] ai_bulk_remix: [6/14] START -> DaT42VNjZw7.mp4
2026-08-02 08:37:15 [INFO] ai_bulk_remix: [7/14] START -> DaWfupZD4E0.mp4
2026-08-02 08:38:52 [INFO] ai_bulk_remix: [3/14] DONE  DaG9eAtjL49.mp4 (96.3s)
2026-08-02 08:38:52 [INFO] ai_bulk_remix: [8/14] START -> DaYRXSliNX1.mp4
2026-08-02 08:38:52 [INFO] ai_bulk_remix: [1/14] DONE  DaCbAx5ihag.mp4 (96.8s)
2026-08-02 08:38:52 [INFO] ai_bulk_remix: [9/14] START -> Daa4FBxDGmv.mp4
2026-08-02 08:38:58 [INFO] ai_bulk_remix: [5/14] DONE  DaMHAdgDIIh.mp4 (102.3s)
2026-08-02 08:38:58 [INFO] ai_bulk_remix: [10/14] START -> DaeN3eZmQMT.mp4
2026-08-02 08:39:31 [INFO] ai_bulk_remix: [4/14] DONE  DaJ2eoBikWc.mp4 (135.6s)
2026-08-02 08:39:31 [INFO] ai_bulk_remix: [11/14] START -> Dagz6RtjvmS.mp4
2026-08-02 08:39:41 [INFO] ai_bulk_remix: [6/14] DONE  DaT42VNjZw7.mp4 (145.7s)
2026-08-02 08:39:41 [INFO] ai_bulk_remix: [12/14] START -> Dal7waXFZSq.mp4
2026-08-02 08:39:51 [INFO] ai_bulk_remix: [2/14] DONE  DaEdey2lXAd.mp4 (155.0s)
2026-08-02 08:39:51 [INFO] ai_bulk_remix: [13/14] START -> DaqKb5TDAGv.mp4
2026-08-02 08:41:05 [INFO] ai_bulk_remix: [9/14] DONE  Daa4FBxDGmv.mp4 (128.8s)
2026-08-02 08:41:05 [INFO] ai_bulk_remix: [14/14] START -> Das4bRYCqCI.mp4
2026-08-02 08:41:15 [INFO] ai_bulk_remix: [7/14] DONE  DaWfupZD4E0.mp4 (238.9s)
2026-08-02 08:41:24 [INFO] ai_bulk_remix: [12/14] DONE  Dal7waXFZSq.mp4 (99.0s)
2026-08-02 08:41:24 [INFO] ai_bulk_remix: [10/14] DONE  DaeN3eZmQMT.mp4 (142.2s)
2026-08-02 08:41:27 [INFO] ai_bulk_remix: [8/14] DONE  DaYRXSliNX1.mp4 (151.2s)
2026-08-02 08:41:29 [INFO] ai_bulk_remix: [11/14] DONE  Dagz6RtjvmS.mp4 (112.9s)
2026-08-02 08:41:45 [INFO] ai_bulk_remix: [13/14] DONE  DaqKb5TDAGv.mp4 (111.0s)
2026-08-02 08:41:53 [INFO] ai_bulk_remix: [14/14] DONE  Das4bRYCqCI.mp4 (43.6s)
2026-08-02 08:41:53 [INFO] ai_bulk_remix: ==================================================
2026-08-02 08:41:53 [INFO] ai_bulk_remix: BATCH PROCESSING COMPLETED
2026-08-02 08:41:53 [INFO] ai_bulk_remix: Successful: 14
2026-08-02 08:41:53 [INFO] ai_bulk_remix: Failed: 0
2026-08-02 08:41:53 [INFO] ai_bulk_remix: Skipped: 0
2026-08-02 08:41:53 [INFO] ai_bulk_remix: Total time: 277.5s
2026-08-02 08:41:53 [INFO] ai_bulk_remix: ==================================================
2026-08-02 09:33:43 [INFO] ai_bulk_remix: Application exiting with code 0
2026-08-02 10:55:13 [INFO] ai_bulk_remix: ==================================================
2026-08-02 10:55:13 [INFO] ai_bulk_remix: AI Bulk Remix Studio v1.0.0 starting...
2026-08-02 10:55:13 [INFO] ai_bulk_remix: Base directory: C:\Users\h\ai-bulk-remix-studio
2026-08-02 10:55:13 [INFO] ai_bulk_remix: Python: 3.10.0 (tags/v3.10.0:b494f59, Oct  4 2021, 19:00:18) [MSC v.1929 64 bit (AMD64)]
2026-08-02 10:55:13 [INFO] ai_bulk_remix: Platform: win32
2026-08-02 10:55:13 [INFO] ai_bulk_remix: ==================================================
2026-08-02 10:55:33 [INFO] ai_bulk_remix: GPU encoders detected: h264_nvenc, hevc_nvenc, av1_nvenc, h264_qsv, hevc_qsv, h264_amf, hevc_amf
2026-08-02 10:55:33 [INFO] ai_bulk_remix: MainWindow initialized
2026-08-02 10:55:33 [INFO] ai_bulk_remix: MainWindow displayed successfully.
2026-08-02 10:55:33 [INFO] ai_bulk_remix: FFmpeg detected: version 8.1.2-full_build-www.gyan.dev
2026-08-02 10:57:02 [INFO] ai_bulk_remix: Scanned C:/Users/h/Videos/printsculptors_reels_2025_12_31-2026_05_12: 44 video(s) found
2026-08-02 10:59:27 [INFO] ai_bulk_remix: ==================================================
2026-08-02 10:59:27 [INFO] ai_bulk_remix: BATCH PROCESSING STARTED
2026-08-02 10:59:27 [INFO] ai_bulk_remix: Total files: 44
2026-08-02 10:59:27 [INFO] ai_bulk_remix: Output directory: C:/Users/h/Videos/printsculptors_reels_2025_12_31-2026_05_12/edit
2026-08-02 10:59:27 [INFO] ai_bulk_remix: Workers: 6
2026-08-02 10:59:27 [INFO] ai_bulk_remix: Encoder: h264_nvenc
2026-08-02 10:59:27 [INFO] ai_bulk_remix: ==================================================
2026-08-02 10:59:27 [INFO] ai_bulk_remix: [1/44] START -> 1c58430f-e435-4bbb-8899-0e46a0abdac1.mp4
2026-08-02 10:59:27 [INFO] ai_bulk_remix: [2/44] START -> 26f1e76d-c547-4c33-bef4-4125ced3ebbe.mp4
2026-08-02 10:59:27 [INFO] ai_bulk_remix: [3/44] START -> 3f7575ba-75d0-4fcf-b349-2c99ec0be320.mp4
2026-08-02 10:59:27 [INFO] ai_bulk_remix: [4/44] START -> 63d96027-5ace-40ad-97b7-3fd72b2d8e44.mp4
2026-08-02 10:59:27 [INFO] ai_bulk_remix: [5/44] START -> 647c727a-51e4-49e8-8161-77e584282e6f.mp4
2026-08-02 10:59:27 [INFO] ai_bulk_remix: [6/44] START -> 74c1bbb1-357f-45a5-ba58-51ed4d92927e.mp4
2026-08-02 11:00:07 [INFO] ai_bulk_remix: [4/44] DONE  63d96027-5ace-40ad-97b7-3fd72b2d8e44.mp4 (39.2s)
2026-08-02 11:00:07 [INFO] ai_bulk_remix: [7/44] START -> 7ed1d516-8beb-4c4c-823e-774ca0b55383.mp4
2026-08-02 11:00:14 [INFO] ai_bulk_remix: [6/44] DONE  74c1bbb1-357f-45a5-ba58-51ed4d92927e.mp4 (45.7s)
2026-08-02 11:00:14 [INFO] ai_bulk_remix: [8/44] START -> 8035926c-da67-4e28-b908-c5b0ab7fcb34.mp4
2026-08-02 11:00:19 [INFO] ai_bulk_remix: [5/44] DONE  647c727a-51e4-49e8-8161-77e584282e6f.mp4 (51.1s)
2026-08-02 11:00:19 [INFO] ai_bulk_remix: [9/44] START -> 81e01c40-ae8b-4f9e-af8c-025c04ad0eef.mp4
2026-08-02 11:00:22 [INFO] ai_bulk_remix: [3/44] DONE  3f7575ba-75d0-4fcf-b349-2c99ec0be320.mp4 (54.1s)
2026-08-02 11:00:22 [INFO] ai_bulk_remix: [10/44] START -> 94d32029-66b8-4939-9419-c6539fb8b055.mp4
2026-08-02 11:00:23 [INFO] ai_bulk_remix: [2/44] DONE  26f1e76d-c547-4c33-bef4-4125ced3ebbe.mp4 (54.4s)
2026-08-02 11:00:23 [INFO] ai_bulk_remix: [11/44] START -> 98669bd2-a0ce-49c0-95d2-3feb112b556a.mp4
2026-08-02 11:00:48 [INFO] ai_bulk_remix: [8/44] DONE  8035926c-da67-4e28-b908-c5b0ab7fcb34.mp4 (29.2s)
2026-08-02 11:00:49 [INFO] ai_bulk_remix: [12/44] START -> ae52febf-52a1-4e73-9147-96634b823a1b.mp4
2026-08-02 11:00:56 [INFO] ai_bulk_remix: [10/44] DONE  94d32029-66b8-4939-9419-c6539fb8b055.mp4 (29.5s)
2026-08-02 11:00:56 [INFO] ai_bulk_remix: [13/44] START -> b07d1a0d-beab-4107-be21-1308c2296c87.mp4
2026-08-02 11:00:57 [INFO] ai_bulk_remix: [9/44] DONE  81e01c40-ae8b-4f9e-af8c-025c04ad0eef.mp4 (32.6s)
2026-08-02 11:00:57 [INFO] ai_bulk_remix: [14/44] START -> b37de54a-3d98-46bc-9968-0b843df26825.mp4
2026-08-02 11:00:58 [INFO] ai_bulk_remix: [7/44] DONE  7ed1d516-8beb-4c4c-823e-774ca0b55383.mp4 (42.1s)
2026-08-02 11:00:58 [INFO] ai_bulk_remix: [15/44] START -> c046feb2-1767-4644-8abc-b4d81191e308.mp4
2026-08-02 11:01:05 [INFO] ai_bulk_remix: [11/44] DONE  98669bd2-a0ce-49c0-95d2-3feb112b556a.mp4 (37.9s)
2026-08-02 11:01:05 [INFO] ai_bulk_remix: [16/44] START -> d273aa5e-ef2a-44c2-acdc-a2c50bb2ff60.mp4
2026-08-02 11:01:29 [INFO] ai_bulk_remix: [13/44] DONE  b07d1a0d-beab-4107-be21-1308c2296c87.mp4 (29.0s)
2026-08-02 11:01:29 [INFO] ai_bulk_remix: [17/44] START -> d3ab5530-a230-46f2-ba52-86ab030c9aaf.mp4
2026-08-02 11:01:37 [INFO] ai_bulk_remix: [1/44] DONE  1c58430f-e435-4bbb-8899-0e46a0abdac1.mp4 (129.1s)
2026-08-02 11:01:37 [INFO] ai_bulk_remix: [18/44] START -> d582b650-5830-450a-bdaf-a2b7ffdfe79a.mp4
2026-08-02 11:01:38 [INFO] ai_bulk_remix: [12/44] DONE  ae52febf-52a1-4e73-9147-96634b823a1b.mp4 (42.0s)
2026-08-02 11:01:38 [INFO] ai_bulk_remix: [19/44] START -> d9bd74b7-1d45-4836-b066-0efb0e753fbe.mp4
2026-08-02 11:01:39 [INFO] ai_bulk_remix: [14/44] DONE  b37de54a-3d98-46bc-9968-0b843df26825.mp4 (38.8s)
2026-08-02 11:01:39 [INFO] ai_bulk_remix: [20/44] START -> e38ef46f-3af5-4c4d-9537-d9d553dc4760.mp4
2026-08-02 11:02:13 [INFO] ai_bulk_remix: [17/44] DONE  d3ab5530-a230-46f2-ba52-86ab030c9aaf.mp4 (38.1s)
2026-08-02 11:02:13 [INFO] ai_bulk_remix: [21/44] START -> e9cb54b8-3188-485b-8f7d-c707593fb40f.mp4
2026-08-02 11:02:15 [INFO] ai_bulk_remix: [18/44] DONE  d582b650-5830-450a-bdaf-a2b7ffdfe79a.mp4 (33.2s)
2026-08-02 11:02:15 [INFO] ai_bulk_remix: [22/44] START -> eaeaaae0-4fe5-4cad-8c15-7fa1545bd671.mp4
2026-08-02 11:02:18 [INFO] ai_bulk_remix: [19/44] DONE  d9bd74b7-1d45-4836-b066-0efb0e753fbe.mp4 (36.6s)
2026-08-02 11:02:18 [INFO] ai_bulk_remix: [23/44] START -> ee946715-2f67-4e12-ba3f-e501d14e8466.mp4
2026-08-02 11:02:20 [INFO] ai_bulk_remix: [20/44] DONE  e38ef46f-3af5-4c4d-9537-d9d553dc4760.mp4 (38.4s)
2026-08-02 11:02:20 [INFO] ai_bulk_remix: [24/44] START -> printsculptors_reel_03_05_2026_10_46_413888682526709879455.mp4
2026-08-02 11:03:05 [INFO] ai_bulk_remix: [23/44] DONE  ee946715-2f67-4e12-ba3f-e501d14e8466.mp4 (43.7s)
2026-08-02 11:03:05 [INFO] ai_bulk_remix: [25/44] START -> printsculptors_reel_04_04_2026_12_12_483867707865633633306.mp4
2026-08-02 11:03:06 [INFO] ai_bulk_remix: [15/44] DONE  c046feb2-1767-4644-8abc-b4d81191e308.mp4 (124.4s)
2026-08-02 11:03:06 [INFO] ai_bulk_remix: [26/44] START -> printsculptors_reel_05_04_2026_22_58_023868757145160996558.mp4
2026-08-02 11:03:11 [INFO] ai_bulk_remix: [21/44] DONE  e9cb54b8-3188-485b-8f7d-c707593fb40f.mp4 (54.1s)
2026-08-02 11:03:11 [INFO] ai_bulk_remix: [27/44] START -> printsculptors_reel_05_05_2026_12_26_303890182783238956523.mp4
2026-08-02 11:03:16 [INFO] ai_bulk_remix: [22/44] DONE  eaeaaae0-4fe5-4cad-8c15-7fa1545bd671.mp4 (58.6s)
2026-08-02 11:03:16 [INFO] ai_bulk_remix: [28/44] START -> printsculptors_reel_07_04_2026_13_57_173869934768260097232.mp4
2026-08-02 11:03:20 [INFO] ai_bulk_remix: [16/44] DONE  d273aa5e-ef2a-44c2-acdc-a2c50bb2ff60.mp4 (128.6s)
2026-08-02 11:03:20 [INFO] ai_bulk_remix: [29/44] START -> printsculptors_reel_07_05_2026_11_30_523891604288120475563.mp4
2026-08-02 11:03:51 [INFO] ai_bulk_remix: [25/44] DONE  printsculptors_reel_04_04_2026_12_12_483867707865633633306.mp4 (39.8s)
2026-08-02 11:03:51 [INFO] ai_bulk_remix: [30/44] START -> printsculptors_reel_08_04_2026_11_37_013870588923135860830.mp4
2026-08-02 11:04:03 [INFO] ai_bulk_remix: [27/44] DONE  printsculptors_reel_05_05_2026_12_26_303890182783238956523.mp4 (48.3s)
2026-08-02 11:04:03 [INFO] ai_bulk_remix: [31/44] START -> printsculptors_reel_10_04_2026_11_47_233872043735513784092.mp4
2026-08-02 11:04:23 [INFO] ai_bulk_remix: [28/44] DONE  printsculptors_reel_07_04_2026_13_57_173869934768260097232.mp4 (60.7s)
2026-08-02 11:04:23 [INFO] ai_bulk_remix: [32/44] START -> printsculptors_reel_11_04_2026_13_26_573872818622599764879.mp4
2026-08-02 11:04:24 [INFO] ai_bulk_remix: [29/44] DONE  printsculptors_reel_07_05_2026_11_30_523891604288120475563.mp4 (58.7s)
2026-08-02 11:04:24 [INFO] ai_bulk_remix: [33/44] START -> printsculptors_reel_12_04_2026_13_20_073873539919373860887.mp4
2026-08-02 11:04:45 [INFO] ai_bulk_remix: [30/44] DONE  printsculptors_reel_08_04_2026_11_37_013870588923135860830.mp4 (46.3s)
2026-08-02 11:04:45 [INFO] ai_bulk_remix: [34/44] START -> printsculptors_reel_12_05_2026_11_05_063895215230737568309.mp4
2026-08-02 11:05:03 [INFO] ai_bulk_remix: [31/44] DONE  printsculptors_reel_10_04_2026_11_47_233872043735513784092.mp4 (52.1s)
2026-08-02 11:05:03 [INFO] ai_bulk_remix: [35/44] START -> printsculptors_reel_13_04_2026_11_52_333874220688660476205.mp4
2026-08-02 11:05:24 [INFO] ai_bulk_remix: [32/44] DONE  printsculptors_reel_11_04_2026_13_26_573872818622599764879.mp4 (56.3s)
2026-08-02 11:05:24 [INFO] ai_bulk_remix: [36/44] START -> printsculptors_reel_15_04_2026_11_17_533875652728828189045.mp4
2026-08-02 11:05:32 [INFO] ai_bulk_remix: [33/44] DONE  printsculptors_reel_12_04_2026_13_20_073873539919373860887.mp4 (63.1s)
2026-08-02 11:05:32 [INFO] ai_bulk_remix: [37/44] START -> printsculptors_reel_19_04_2026_11_06_593878545544088601225.mp4
2026-08-02 11:06:10 [INFO] ai_bulk_remix: [34/44] DONE  printsculptors_reel_12_05_2026_11_05_063895215230737568309.mp4 (76.5s)
2026-08-02 11:06:10 [INFO] ai_bulk_remix: [38/44] START -> printsculptors_reel_20_04_2026_03_13_553879033028153123622.mp4
2026-08-02 11:06:14 [INFO] ai_bulk_remix: [35/44] DONE  printsculptors_reel_13_04_2026_11_52_333874220688660476205.mp4 (68.4s)
2026-08-02 11:06:14 [INFO] ai_bulk_remix: [39/44] START -> printsculptors_reel_21_04_2026_10_09_063879966734548176045.mp4
2026-08-02 11:06:18 [INFO] ai_bulk_remix: [36/44] DONE  printsculptors_reel_15_04_2026_11_17_533875652728828189045.mp4 (51.2s)
2026-08-02 11:06:18 [INFO] ai_bulk_remix: [40/44] START -> printsculptors_reel_23_04_2026_10_39_143881431474055135735.mp4
2026-08-02 11:06:33 [INFO] ai_bulk_remix: [24/44] DONE  printsculptors_reel_03_05_2026_10_46_413888682526709879455.mp4 (246.9s)
2026-08-02 11:06:33 [INFO] ai_bulk_remix: [41/44] START -> printsculptors_reel_25_04_2026_09_17_423882840081334235047.mp4
2026-08-02 11:07:06 [INFO] ai_bulk_remix: [39/44] DONE  printsculptors_reel_21_04_2026_10_09_063879966734548176045.mp4 (49.2s)
2026-08-02 11:07:06 [INFO] ai_bulk_remix: [42/44] START -> printsculptors_reel_27_04_2026_11_20_453884351461191300421.mp4
2026-08-02 11:07:13 [INFO] ai_bulk_remix: [26/44] DONE  printsculptors_reel_05_04_2026_22_58_023868757145160996558.mp4 (240.8s)
2026-08-02 11:07:13 [INFO] ai_bulk_remix: [43/44] START -> printsculptors_reel_30_04_2026_00_52_173886209249681050424.mp4
2026-08-02 11:07:15 [INFO] ai_bulk_remix: [38/44] DONE  printsculptors_reel_20_04_2026_03_13_553879033028153123622.mp4 (62.3s)
2026-08-02 11:07:15 [INFO] ai_bulk_remix: [44/44] START -> snaptik_7572310925022137622_v3.mp4
2026-08-02 11:07:22 [INFO] ai_bulk_remix: [41/44] DONE  printsculptors_reel_25_04_2026_09_17_423882840081334235047.mp4 (47.4s)
2026-08-02 11:07:23 [INFO] ai_bulk_remix: [40/44] DONE  printsculptors_reel_23_04_2026_10_39_143881431474055135735.mp4 (62.6s)
2026-08-02 11:07:49 [INFO] ai_bulk_remix: [44/44] DONE  snaptik_7572310925022137622_v3.mp4 (32.8s)
2026-08-02 11:07:52 [INFO] ai_bulk_remix: [42/44] DONE  printsculptors_reel_27_04_2026_11_20_453884351461191300421.mp4 (44.3s)
2026-08-02 11:07:54 [INFO] ai_bulk_remix: [43/44] DONE  printsculptors_reel_30_04_2026_00_52_173886209249681050424.mp4 (37.8s)
2026-08-02 11:08:13 [INFO] ai_bulk_remix: [37/44] DONE  printsculptors_reel_19_04_2026_11_06_593878545544088601225.mp4 (159.0s)
2026-08-02 11:08:13 [INFO] ai_bulk_remix: ==================================================
2026-08-02 11:08:13 [INFO] ai_bulk_remix: BATCH PROCESSING COMPLETED
2026-08-02 11:08:13 [INFO] ai_bulk_remix: Successful: 44
2026-08-02 11:08:13 [INFO] ai_bulk_remix: Failed: 0
2026-08-02 11:08:13 [INFO] ai_bulk_remix: Skipped: 0
2026-08-02 11:08:13 [INFO] ai_bulk_remix: Total time: 525.8s
2026-08-02 11:08:13 [INFO] ai_bulk_remix: ==================================================
2026-08-02 11:49:39 [INFO] ai_bulk_remix: Scanned C:/Users/h/Videos/anime fb page: 102 video(s) found
2026-08-02 11:49:42 [INFO] ai_bulk_remix: Scanned C:/Users/h/Videos/anime fb page: 102 video(s) found
2026-08-03 14:46:38 [INFO] ai_bulk_remix: ==================================================
2026-08-03 14:46:38 [INFO] ai_bulk_remix: AI Bulk Remix Studio v1.0.0 starting...
2026-08-03 14:46:38 [INFO] ai_bulk_remix: Base directory: C:\Users\h\ai-bulk-remix-studio
2026-08-03 14:46:38 [INFO] ai_bulk_remix: Python: 3.10.0 (tags/v3.10.0:b494f59, Oct  4 2021, 19:00:18) [MSC v.1929 64 bit (AMD64)]
2026-08-03 14:46:38 [INFO] ai_bulk_remix: Platform: win32
2026-08-03 14:46:38 [INFO] ai_bulk_remix: ==================================================
2026-08-03 14:47:00 [INFO] ai_bulk_remix: GPU encoders detected: h264_nvenc, hevc_nvenc, av1_nvenc, h264_qsv, hevc_qsv, h264_amf, hevc_amf
2026-08-03 14:47:00 [INFO] ai_bulk_remix: MainWindow initialized
2026-08-03 14:47:00 [INFO] ai_bulk_remix: MainWindow displayed successfully.
2026-08-03 14:47:00 [INFO] ai_bulk_remix: FFmpeg detected: version 8.1.2-full_build-www.gyan.dev
2026-08-03 14:47:23 [INFO] ai_bulk_remix: Scanned C:/Users/h/Videos/anime fb page: 96 video(s) found
2026-08-03 14:51:13 [INFO] ai_bulk_remix: ==================================================
2026-08-03 14:51:13 [INFO] ai_bulk_remix: BATCH PROCESSING STARTED
2026-08-03 14:51:13 [INFO] ai_bulk_remix: Total files: 96
2026-08-03 14:51:13 [INFO] ai_bulk_remix: Output directory: C:/Users/h/Videos/anime fb page/edit
2026-08-03 14:51:13 [INFO] ai_bulk_remix: Workers: 6
2026-08-03 14:51:13 [INFO] ai_bulk_remix: Encoder: h264_nvenc
2026-08-03 14:51:13 [INFO] ai_bulk_remix: ==================================================
2026-08-03 14:51:13 [INFO] ai_bulk_remix: [1/96] START -> snaptik_7624250829314297121_v3.mp4
2026-08-03 14:51:13 [INFO] ai_bulk_remix: [2/96] START -> snaptik_7624847503720074529_v3.mp4
2026-08-03 14:51:13 [INFO] ai_bulk_remix: [3/96] START -> snaptik_7625025165058985249_v3.mp4
2026-08-03 14:51:13 [INFO] ai_bulk_remix: [4/96] START -> snaptik_7625232354751139105_v3.mp4
2026-08-03 14:51:13 [INFO] ai_bulk_remix: [5/96] START -> snaptik_7625738600470138145_v3.mp4
2026-08-03 14:51:13 [INFO] ai_bulk_remix: [6/96] START -> snaptik_7625954038944779553_v3.mp4
2026-08-03 14:51:23 [INFO] ai_bulk_remix: [1/96] FAIL  snaptik_7624250829314297121_v3.mp4
2026-08-03 14:51:23 [INFO] ai_bulk_remix:   CMD: ffmpeg -y -i "C:/Users/h/Videos/anime fb page\snaptik_7624250829314297121_v3.mp4" -vf "format=yuv420p,colorbalance=rm=0.08:gm=0.04:bm=-0.08:rh=0.08:gh=0.04:bh=-0.08,eq=contrast=0.85,eq=brightness=-0.194,eq=contrast=1.323,eq=saturation=1.337,setpts=0.9091*PTS,delogo=x=321:y=686:w=102:h=34,drawtext=te...
2026-08-03 14:51:23 [INFO] ai_bulk_remix:   ERR: Command: ffmpeg -y -i "C:/Users/h/Videos/anime fb page\snaptik_7624250829314297121_v3.mp4" -vf "format=yuv420p,colorbalance=rm=0.08:gm=0.04:bm=-0.08:rh=0.08:gh=0.04:bh=-0.08,eq=contrast=0.85,eq=brightness=-0.194,eq=contrast=1.323,eq=saturation=1.337,setpts=0.9091*PTS,delogo=x=321:y=686:w=102:h=34,drawtext=text='Anime':fontfile='C\:/Windows/Fonts/arial.ttf':fontcolor=#ffffff@0.65:fontsize=20:font='Arial Bold':box=1:boxcolor=#383838@0.50:boxborderw=6:x='321+10':y='686+10'" -af atempo=1.1000 -c:v h
2026-08-03 14:51:23 [INFO] ai_bulk_remix: [7/96] START -> snaptik_7626017981067316513_v3.mp4
2026-08-03 14:51:24 [INFO] ai_bulk_remix: [2/96] FAIL  snaptik_7624847503720074529_v3.mp4
2026-08-03 14:51:24 [INFO] ai_bulk_remix:   CMD: ffmpeg -y -i "C:/Users/h/Videos/anime fb page\snaptik_7624847503720074529_v3.mp4" -vf "format=yuv420p,colorbalance=rm=0.08:gm=0.04:bm=-0.08:rh=0.08:gh=0.04:bh=-0.08,eq=contrast=0.85,eq=brightness=-0.038,eq=contrast=1.061,eq=saturation=1.117,setpts=0.9091*PTS,delogo=x=321:y=686:w=102:h=34,drawtext=te...
2026-08-03 14:51:24 [INFO] ai_bulk_remix:   ERR: Command: ffmpeg -y -i "C:/Users/h/Videos/anime fb page\snaptik_7624847503720074529_v3.mp4" -vf "format=yuv420p,colorbalance=rm=0.08:gm=0.04:bm=-0.08:rh=0.08:gh=0.04:bh=-0.08,eq=contrast=0.85,eq=brightness=-0.038,eq=contrast=1.061,eq=saturation=1.117,setpts=0.9091*PTS,delogo=x=321:y=686:w=102:h=34,drawtext=text='Anime':fontfile='C\:/Windows/Fonts/arial.ttf':fontcolor=#ffffff@0.65:fontsize=20:font='Arial Bold':box=1:boxcolor=#383838@0.50:boxborderw=6:x='321+10':y='686+10'" -af atempo=1.1000 -c:v h
2026-08-03 14:51:24 [INFO] ai_bulk_remix: [8/96] START -> snaptik_7626073459709250848_v3.mp4
2026-08-03 14:51:24 [INFO] ai_bulk_remix: [4/96] FAIL  snaptik_7625232354751139105_v3.mp4
2026-08-03 14:51:24 [INFO] ai_bulk_remix:   CMD: ffmpeg -y -i "C:/Users/h/Videos/anime fb page\snaptik_7625232354751139105_v3.mp4" -vf "format=yuv420p,colorbalance=rm=0.08:gm=0.04:bm=-0.08:rh=0.08:gh=0.04:bh=-0.08,eq=contrast=0.85,eq=brightness=0.180,eq=contrast=0.916,eq=saturation=1.227,setpts=0.9091*PTS,delogo=x=321:y=686:w=102:h=34,drawtext=tex...
2026-08-03 14:51:24 [INFO] ai_bulk_remix:   ERR: Command: ffmpeg -y -i "C:/Users/h/Videos/anime fb page\snaptik_7625232354751139105_v3.mp4" -vf "format=yuv420p,colorbalance=rm=0.08:gm=0.04:bm=-0.08:rh=0.08:gh=0.04:bh=-0.08,eq=contrast=0.85,eq=brightness=0.180,eq=contrast=0.916,eq=saturation=1.227,setpts=0.9091*PTS,delogo=x=321:y=686:w=102:h=34,drawtext=text='Anime':fontfile='C\:/Windows/Fonts/arial.ttf':fontcolor=#ffffff@0.65:fontsize=20:font='Arial Bold':box=1:boxcolor=#383838@0.50:boxborderw=6:x='321+10':y='686+10'" -af atempo=1.1000 -c:v h2
2026-08-03 14:51:24 [INFO] ai_bulk_remix: [9/96] START -> snaptik_7628696975013072150_v3.mp4
2026-08-03 14:52:42 [INFO] ai_bulk_remix: [7/96] DONE  snaptik_7626017981067316513_v3.mp4 (74.8s)
2026-08-03 14:52:42 [INFO] ai_bulk_remix: [10/96] START -> snaptik_7628739075888958752_v3.mp4
2026-08-03 14:52:43 [INFO] ai_bulk_remix: [8/96] DONE  snaptik_7626073459709250848_v3.mp4 (75.9s)
2026-08-03 14:52:43 [INFO] ai_bulk_remix: [11/96] START -> snaptik_7629362223500021024_v3.mp4
2026-08-03 14:52:58 [INFO] ai_bulk_remix: [6/96] DONE  snaptik_7625954038944779553_v3.mp4 (103.6s)
2026-08-03 14:52:58 [INFO] ai_bulk_remix: [12/96] START -> snaptik_7629841351760268577_v3.mp4
2026-08-03 14:52:59 [INFO] ai_bulk_remix: [3/96] DONE  snaptik_7625025165058985249_v3.mp4 (105.2s)
2026-08-03 14:52:59 [INFO] ai_bulk_remix: [13/96] START -> snaptik_7630412331960290592_v3.mp4
2026-08-03 14:53:00 [INFO] ai_bulk_remix: [11/96] FAIL  snaptik_7629362223500021024_v3.mp4
2026-08-03 14:53:00 [INFO] ai_bulk_remix:   CMD: ffmpeg -y -i "C:/Users/h/Videos/anime fb page\snaptik_7629362223500021024_v3.mp4" -vf "format=yuv420p,colorbalance=rm=0.08:gm=0.04:bm=-0.08:rh=0.08:gh=0.04:bh=-0.08,eq=contrast=0.85,eq=brightness=-0.050,eq=contrast=0.896,eq=saturation=1.064,setpts=0.9091*PTS,delogo=x=321:y=686:w=102:h=34,drawtext=te...
2026-08-03 14:53:00 [INFO] ai_bulk_remix:   ERR: Command: ffmpeg -y -i "C:/Users/h/Videos/anime fb page\snaptik_7629362223500021024_v3.mp4" -vf "format=yuv420p,colorbalance=rm=0.08:gm=0.04:bm=-0.08:rh=0.08:gh=0.04:bh=-0.08,eq=contrast=0.85,eq=brightness=-0.050,eq=contrast=0.896,eq=saturation=1.064,setpts=0.9091*PTS,delogo=x=321:y=686:w=102:h=34,drawtext=text='Anime':fontfile='C\:/Windows/Fonts/arial.ttf':fontcolor=#ffffff@0.65:fontsize=20:font='Arial Bold':box=1:boxcolor=#383838@0.50:boxborderw=6:x='321+10':y='686+10'" -af atempo=1.1000 -c:v h
2026-08-03 14:53:00 [INFO] ai_bulk_remix: [14/96] START -> snaptik_7630773662987128096_v3.mp4
2026-08-03 14:53:01 [INFO] ai_bulk_remix: [5/96] DONE  snaptik_7625738600470138145_v3.mp4 (106.3s)
2026-08-03 14:53:01 [INFO] ai_bulk_remix: [15/96] START -> snaptik_7631236395134225696_v3.mp4
2026-08-03 14:54:23 [INFO] ai_bulk_remix: [12/96] DONE  snaptik_7629841351760268577_v3.mp4 (81.7s)
2026-08-03 14:54:23 [INFO] ai_bulk_remix: [16/96] START -> snaptik_7633060725979647264_v3.mp4
2026-08-03 14:54:25 [INFO] ai_bulk_remix: [14/96] DONE  snaptik_7630773662987128096_v3.mp4 (82.4s)
2026-08-03 14:54:25 [INFO] ai_bulk_remix: [17/96] START -> snaptik_7633152304870378784_v3.mp4
2026-08-03 14:54:41 [INFO] ai_bulk_remix: [9/96] DONE  snaptik_7628696975013072150_v3.mp4 (192.9s)
2026-08-03 14:54:41 [INFO] ai_bulk_remix: [18/96] START -> snaptik_7633503568112225569_v3.mp4
2026-08-03 14:54:53 [INFO] ai_bulk_remix: [10/96] DONE  snaptik_7628739075888958752_v3.mp4 (127.1s)
2026-08-03 14:54:53 [INFO] ai_bulk_remix: [19/96] START -> snaptik_7633555569986555158_v3.mp4
2026-08-03 14:55:09 [INFO] ai_bulk_remix: [19/96] FAIL  snaptik_7633555569986555158_v3.mp4
2026-08-03 14:55:09 [INFO] ai_bulk_remix:   CMD: ffmpeg -y -i "C:/Users/h/Videos/anime fb page\snaptik_7633555569986555158_v3.mp4" -vf "format=yuv420p,colorbalance=rm=0.08:gm=0.04:bm=-0.08:rh=0.08:gh=0.04:bh=-0.08,eq=contrast=0.85,eq=brightness=0.050,eq=contrast=0.880,eq=saturation=0.554,setpts=0.9091*PTS,delogo=x=321:y=686:w=102:h=34,drawtext=tex...
2026-08-03 14:55:09 [INFO] ai_bulk_remix:   ERR: Command: ffmpeg -y -i "C:/Users/h/Videos/anime fb page\snaptik_7633555569986555158_v3.mp4" -vf "format=yuv420p,colorbalance=rm=0.08:gm=0.04:bm=-0.08:rh=0.08:gh=0.04:bh=-0.08,eq=contrast=0.85,eq=brightness=0.050,eq=contrast=0.880,eq=saturation=0.554,setpts=0.9091*PTS,delogo=x=321:y=686:w=102:h=34,drawtext=text='Anime':fontfile='C\:/Windows/Fonts/arial.ttf':fontcolor=#ffffff@0.65:fontsize=20:font='Arial Bold':box=1:boxcolor=#383838@0.50:boxborderw=6:x='321+10':y='686+10'" -af atempo=1.1000 -c:v h2
2026-08-03 14:55:09 [INFO] ai_bulk_remix: [20/96] START -> snaptik_7634203399084346656_v3.mp4
2026-08-03 14:55:20 [INFO] ai_bulk_remix: [20/96] FAIL  snaptik_7634203399084346656_v3.mp4
2026-08-03 14:55:20 [INFO] ai_bulk_remix:   CMD: ffmpeg -y -i "C:/Users/h/Videos/anime fb page\snaptik_7634203399084346656_v3.mp4" -vf "format=yuv420p,colorbalance=rm=0.08:gm=0.04:bm=-0.08:rh=0.08:gh=0.04:bh=-0.08,eq=contrast=0.85,eq=brightness=-0.016,eq=contrast=0.881,eq=saturation=1.467,setpts=0.9091*PTS,delogo=x=321:y=686:w=102:h=34,drawtext=te...
2026-08-03 14:55:20 [INFO] ai_bulk_remix:   ERR: Command: ffmpeg -y -i "C:/Users/h/Videos/anime fb page\snaptik_7634203399084346656_v3.mp4" -vf "format=yuv420p,colorbalance=rm=0.08:gm=0.04:bm=-0.08:rh=0.08:gh=0.04:bh=-0.08,eq=contrast=0.85,eq=brightness=-0.016,eq=contrast=0.881,eq=saturation=1.467,setpts=0.9091*PTS,delogo=x=321:y=686:w=102:h=34,drawtext=text='Anime':fontfile='C\:/Windows/Fonts/arial.ttf':fontcolor=#ffffff@0.65:fontsize=20:font='Arial Bold':box=1:boxcolor=#383838@0.50:boxborderw=6:x='321+10':y='686+10'" -af atempo=1.1000 -c:v h
2026-08-03 14:55:20 [INFO] ai_bulk_remix: [21/96] START -> snaptik_7634619193685593377_v3.mp4
2026-08-03 14:55:22 [INFO] ai_bulk_remix: [13/96] DONE  snaptik_7630412331960290592_v3.mp4 (139.7s)
2026-08-03 14:55:22 [INFO] ai_bulk_remix: [22/96] START -> snaptik_7634861137946873120_v3.mp4
2026-08-03 14:55:25 [INFO] ai_bulk_remix: [15/96] DONE  snaptik_7631236395134225696_v3.mp4 (142.0s)
2026-08-03 14:55:25 [INFO] ai_bulk_remix: [23/96] START -> snaptik_7635032501588643105_v3.mp4
2026-08-03 14:55:30 [INFO] ai_bulk_remix: [21/96] FAIL  snaptik_7634619193685593377_v3.mp4
2026-08-03 14:55:30 [INFO] ai_bulk_remix:   CMD: ffmpeg -y -i "C:/Users/h/Videos/anime fb page\snaptik_7634619193685593377_v3.mp4" -vf "format=yuv420p,colorbalance=rm=0.08:gm=0.04:bm=-0.08:rh=0.08:gh=0.04:bh=-0.08,eq=contrast=0.85,eq=brightness=-0.105,eq=contrast=0.925,eq=saturation=1.393,setpts=0.9091*PTS,delogo=x=321:y=686:w=102:h=34,drawtext=te...
2026-08-03 14:55:30 [INFO] ai_bulk_remix:   ERR: Command: ffmpeg -y -i "C:/Users/h/Videos/anime fb page\snaptik_7634619193685593377_v3.mp4" -vf "format=yuv420p,colorbalance=rm=0.08:gm=0.04:bm=-0.08:rh=0.08:gh=0.04:bh=-0.08,eq=contrast=0.85,eq=brightness=-0.105,eq=contrast=0.925,eq=saturation=1.393,setpts=0.9091*PTS,delogo=x=321:y=686:w=102:h=34,drawtext=text='Anime':fontfile='C\:/Windows/Fonts/arial.ttf':fontcolor=#ffffff@0.65:fontsize=20:font='Arial Bold':box=1:boxcolor=#383838@0.50:boxborderw=6:x='321+10':y='686+10'" -af atempo=1.1000 -c:v h
2026-08-03 14:55:30 [INFO] ai_bulk_remix: [24/96] START -> snaptik_7635259918462815521_v3.mp4
2026-08-03 14:56:31 [INFO] ai_bulk_remix: [16/96] DONE  snaptik_7633060725979647264_v3.mp4 (124.5s)
2026-08-03 14:56:31 [INFO] ai_bulk_remix: [25/96] START -> snaptik_7636204705672105237_v3.mp4
2026-08-03 14:56:32 [INFO] ai_bulk_remix: Processing paused
2026-08-03 14:56:33 [INFO] ai_bulk_remix: Processing cancelled by user
2026-08-03 14:56:34 [INFO] ai_bulk_remix: [17/96] DONE  snaptik_7633152304870378784_v3.mp4 (125.8s)
2026-08-03 14:56:43 [INFO] ai_bulk_remix: [25/96] FAIL  snaptik_7636204705672105237_v3.mp4
2026-08-03 14:56:43 [INFO] ai_bulk_remix:   CMD: ffmpeg -y -i "C:/Users/h/Videos/anime fb page\snaptik_7636204705672105237_v3.mp4" -vf "format=yuv420p,colorbalance=rm=0.08:gm=0.04:bm=-0.08:rh=0.08:gh=0.04:bh=-0.08,eq=contrast=0.85,eq=brightness=-0.128,eq=contrast=0.808,eq=saturation=1.084,setpts=0.9091*PTS,delogo=x=321:y=686:w=102:h=34,drawtext=te...
2026-08-03 14:56:44 [INFO] ai_bulk_remix:   ERR: Command: ffmpeg -y -i "C:/Users/h/Videos/anime fb page\snaptik_7636204705672105237_v3.mp4" -vf "format=yuv420p,colorbalance=rm=0.08:gm=0.04:bm=-0.08:rh=0.08:gh=0.04:bh=-0.08,eq=contrast=0.85,eq=brightness=-0.128,eq=contrast=0.808,eq=saturation=1.084,setpts=0.9091*PTS,delogo=x=321:y=686:w=102:h=34,drawtext=text='Anime':fontfile='C\:/Windows/Fonts/arial.ttf':fontcolor=#ffffff@0.65:fontsize=20:font='Arial Bold':box=1:boxcolor=#383838@0.50:boxborderw=6:x='321+10':y='686+10'" -af atempo=1.1000 -c:v h
2026-08-03 14:57:15 [INFO] ai_bulk_remix: [23/96] DONE  snaptik_7635032501588643105_v3.mp4 (107.7s)
2026-08-03 14:57:17 [INFO] ai_bulk_remix: [24/0] DONE  snaptik_7635259918462815521_v3.mp4 (105.1s)
2026-08-03 14:57:22 [INFO] ai_bulk_remix: Imported 1 individual video file(s)
2026-08-03 14:58:55 [INFO] ai_bulk_remix: [18/1] DONE  snaptik_7633503568112225569_v3.mp4 (250.4s)
2026-08-03 14:59:03 [INFO] ai_bulk_remix: [22/1] DONE  snaptik_7634861137946873120_v3.mp4 (219.5s)
2026-08-03 14:59:03 [INFO] ai_bulk_remix: ==================================================
2026-08-03 14:59:03 [INFO] ai_bulk_remix: BATCH PROCESSING COMPLETED
2026-08-03 14:59:03 [INFO] ai_bulk_remix: Successful: 17
2026-08-03 14:59:03 [INFO] ai_bulk_remix: Failed: 79
2026-08-03 14:59:03 [INFO] ai_bulk_remix: Skipped: 0
2026-08-03 14:59:03 [INFO] ai_bulk_remix: Total time: 469.7s
2026-08-03 14:59:03 [INFO] ai_bulk_remix: Failed: snaptik_7624250829314297121_v3.mp4, snaptik_7624847503720074529_v3.mp4, snaptik_7625232354751139105_v3.mp4, snaptik_7629362223500021024_v3.mp4, snaptik_7633555569986555158_v3.mp4, snaptik_7634203399084346656_v3.mp4, snaptik_7634619193685593377_v3.mp4, snaptik_7636204705672105237_v3.mp4
2026-08-03 14:59:03 [INFO] ai_bulk_remix: ==================================================
2026-08-03 14:59:15 [INFO] ai_bulk_remix: ==================================================
2026-08-03 14:59:15 [INFO] ai_bulk_remix: BATCH PROCESSING STARTED
2026-08-03 14:59:15 [INFO] ai_bulk_remix: Total files: 1
2026-08-03 14:59:15 [INFO] ai_bulk_remix: Output directory: C:/Users/h/Videos/anime fb page/edit
2026-08-03 14:59:15 [INFO] ai_bulk_remix: Workers: 1
2026-08-03 14:59:15 [INFO] ai_bulk_remix: Encoder: h264_nvenc
2026-08-03 14:59:15 [INFO] ai_bulk_remix: ==================================================
2026-08-03 14:59:15 [INFO] ai_bulk_remix: [1/1] START -> snaptik_7624847503720074529_v3.mp4
2026-08-03 14:59:19 [INFO] ai_bulk_remix: [1/1] DONE  snaptik_7624847503720074529_v3.mp4 (3.8s)
2026-08-03 14:59:19 [INFO] ai_bulk_remix: ==================================================
2026-08-03 14:59:19 [INFO] ai_bulk_remix: BATCH PROCESSING COMPLETED
2026-08-03 14:59:19 [INFO] ai_bulk_remix: Successful: 1
2026-08-03 14:59:19 [INFO] ai_bulk_remix: Failed: 0
2026-08-03 14:59:19 [INFO] ai_bulk_remix: Skipped: 0
2026-08-03 14:59:19 [INFO] ai_bulk_remix: Total time: 4.0s
2026-08-03 14:59:19 [INFO] ai_bulk_remix: ==================================================
2026-08-03 15:03:10 [INFO] ai_bulk_remix: Scanned C:/Users/h/Videos/anime fb page: 96 video(s) found
2026-08-03 15:04:00 [INFO] ai_bulk_remix: ==================================================
2026-08-03 15:04:00 [INFO] ai_bulk_remix: BATCH PROCESSING STARTED
2026-08-03 15:04:00 [INFO] ai_bulk_remix: Total files: 96
2026-08-03 15:04:00 [INFO] ai_bulk_remix: Output directory: C:/Users/h/Videos/anime fb page/edit
2026-08-03 15:04:00 [INFO] ai_bulk_remix: Workers: 6
2026-08-03 15:04:00 [INFO] ai_bulk_remix: Encoder: h264_nvenc
2026-08-03 15:04:00 [INFO] ai_bulk_remix: ==================================================
2026-08-03 15:04:00 [INFO] ai_bulk_remix: [1/96] START -> snaptik_7624250829314297121_v3.mp4
2026-08-03 15:04:00 [INFO] ai_bulk_remix: [2/96] START -> snaptik_7624847503720074529_v3.mp4
2026-08-03 15:04:00 [INFO] ai_bulk_remix: [3/96] START -> snaptik_7625025165058985249_v3.mp4
2026-08-03 15:04:00 [INFO] ai_bulk_remix: [4/96] START -> snaptik_7625232354751139105_v3.mp4
2026-08-03 15:04:00 [INFO] ai_bulk_remix: [5/96] START -> snaptik_7625738600470138145_v3.mp4
2026-08-03 15:04:00 [INFO] ai_bulk_remix: [6/96] START -> snaptik_7625954038944779553_v3.mp4
2026-08-03 15:04:09 [INFO] ai_bulk_remix: [1/96] FAIL  snaptik_7624250829314297121_v3.mp4
2026-08-03 15:04:09 [INFO] ai_bulk_remix:   CMD: ffmpeg -y -i "C:/Users/h/Videos/anime fb page\snaptik_7624250829314297121_v3.mp4" -vf "format=yuv420p,colorbalance=rm=0.08:gm=0.04:bm=-0.08:rh=0.08:gh=0.04:bh=-0.08,eq=contrast=0.85,eq=brightness=0.122,eq=contrast=1.456,eq=saturation=0.590,setpts=0.9091*PTS,delogo=x=319:y=695:w=74:h=25,drawtext=text...
2026-08-03 15:04:09 [INFO] ai_bulk_remix:   ERR: Command: ffmpeg -y -i "C:/Users/h/Videos/anime fb page\snaptik_7624250829314297121_v3.mp4" -vf "format=yuv420p,colorbalance=rm=0.08:gm=0.04:bm=-0.08:rh=0.08:gh=0.04:bh=-0.08,eq=contrast=0.85,eq=brightness=0.122,eq=contrast=1.456,eq=saturation=0.590,setpts=0.9091*PTS,delogo=x=319:y=695:w=74:h=25,drawtext=text='Anime':fontfile='C\:/Windows/Fonts/arial.ttf':fontcolor=#ffffff@0.65:fontsize=18:font='Arial Bold':box=1:boxcolor=#383838@0.50:boxborderw=6:x='319+10':y='695+10'" -af atempo=1.1000 -c:v h26
2026-08-03 15:04:09 [INFO] ai_bulk_remix: [7/96] START -> snaptik_7626017981067316513_v3.mp4
2026-08-03 15:04:09 [INFO] ai_bulk_remix: [4/96] FAIL  snaptik_7625232354751139105_v3.mp4
2026-08-03 15:04:09 [INFO] ai_bulk_remix:   CMD: ffmpeg -y -i "C:/Users/h/Videos/anime fb page\snaptik_7625232354751139105_v3.mp4" -vf "format=yuv420p,colorbalance=rm=0.08:gm=0.04:bm=-0.08:rh=0.08:gh=0.04:bh=-0.08,eq=contrast=0.85,eq=brightness=-0.162,eq=contrast=1.271,eq=saturation=1.201,setpts=0.9091*PTS,delogo=x=319:y=695:w=74:h=25,drawtext=tex...
2026-08-03 15:04:09 [INFO] ai_bulk_remix:   ERR: Command: ffmpeg -y -i "C:/Users/h/Videos/anime fb page\snaptik_7625232354751139105_v3.mp4" -vf "format=yuv420p,colorbalance=rm=0.08:gm=0.04:bm=-0.08:rh=0.08:gh=0.04:bh=-0.08,eq=contrast=0.85,eq=brightness=-0.162,eq=contrast=1.271,eq=saturation=1.201,setpts=0.9091*PTS,delogo=x=319:y=695:w=74:h=25,drawtext=text='Anime':fontfile='C\:/Windows/Fonts/arial.ttf':fontcolor=#ffffff@0.65:fontsize=18:font='Arial Bold':box=1:boxcolor=#383838@0.50:boxborderw=6:x='319+10':y='695+10'" -af atempo=1.1000 -c:v h2
2026-08-03 15:04:09 [INFO] ai_bulk_remix: [8/96] START -> snaptik_7626073459709250848_v3.mp4
2026-08-03 15:04:11 [INFO] ai_bulk_remix: [2/96] FAIL  snaptik_7624847503720074529_v3.mp4
2026-08-03 15:04:11 [INFO] ai_bulk_remix:   CMD: ffmpeg -y -i "C:/Users/h/Videos/anime fb page\snaptik_7624847503720074529_v3.mp4" -vf "format=yuv420p,colorbalance=rm=0.08:gm=0.04:bm=-0.08:rh=0.08:gh=0.04:bh=-0.08,eq=contrast=0.85,eq=brightness=-0.072,eq=contrast=1.082,eq=saturation=1.467,setpts=0.9091*PTS,delogo=x=319:y=695:w=74:h=25,drawtext=tex...
2026-08-03 15:04:11 [INFO] ai_bulk_remix:   ERR: Command: ffmpeg -y -i "C:/Users/h/Videos/anime fb page\snaptik_7624847503720074529_v3.mp4" -vf "format=yuv420p,colorbalance=rm=0.08:gm=0.04:bm=-0.08:rh=0.08:gh=0.04:bh=-0.08,eq=contrast=0.85,eq=brightness=-0.072,eq=contrast=1.082,eq=saturation=1.467,setpts=0.9091*PTS,delogo=x=319:y=695:w=74:h=25,drawtext=text='Anime':fontfile='C\:/Windows/Fonts/arial.ttf':fontcolor=#ffffff@0.65:fontsize=18:font='Arial Bold':box=1:boxcolor=#383838@0.50:boxborderw=6:x='319+10':y='695+10'" -af atempo=1.1000 -c:v h2
2026-08-03 15:04:11 [INFO] ai_bulk_remix: [9/96] START -> snaptik_7628696975013072150_v3.mp4
2026-08-03 15:05:22 [INFO] ai_bulk_remix: [8/96] DONE  snaptik_7626073459709250848_v3.mp4 (69.0s)
2026-08-03 15:05:22 [INFO] ai_bulk_remix: [10/96] START -> snaptik_7628739075888958752_v3.mp4
2026-08-03 15:05:37 [INFO] ai_bulk_remix: [5/96] DONE  snaptik_7625738600470138145_v3.mp4 (96.2s)
2026-08-03 15:05:37 [INFO] ai_bulk_remix: [11/96] START -> snaptik_7629362223500021024_v3.mp4
2026-08-03 15:05:38 [INFO] ai_bulk_remix: [6/96] DONE  snaptik_7625954038944779553_v3.mp4 (96.9s)
2026-08-03 15:05:38 [INFO] ai_bulk_remix: [12/96] START -> snaptik_7629841351760268577_v3.mp4
2026-08-03 15:05:41 [INFO] ai_bulk_remix: [3/96] DONE  snaptik_7625025165058985249_v3.mp4 (100.6s)
2026-08-03 15:05:41 [INFO] ai_bulk_remix: [13/96] START -> snaptik_7630412331960290592_v3.mp4
2026-08-03 15:05:56 [INFO] ai_bulk_remix: [11/96] FAIL  snaptik_7629362223500021024_v3.mp4
2026-08-03 15:05:56 [INFO] ai_bulk_remix:   CMD: ffmpeg -y -i "C:/Users/h/Videos/anime fb page\snaptik_7629362223500021024_v3.mp4" -vf "format=yuv420p,colorbalance=rm=0.08:gm=0.04:bm=-0.08:rh=0.08:gh=0.04:bh=-0.08,eq=contrast=0.85,eq=brightness=0.035,eq=contrast=1.364,eq=saturation=1.050,setpts=0.9091*PTS,delogo=x=319:y=695:w=74:h=25,drawtext=text...
2026-08-03 15:05:56 [INFO] ai_bulk_remix:   ERR: Command: ffmpeg -y -i "C:/Users/h/Videos/anime fb page\snaptik_7629362223500021024_v3.mp4" -vf "format=yuv420p,colorbalance=rm=0.08:gm=0.04:bm=-0.08:rh=0.08:gh=0.04:bh=-0.08,eq=contrast=0.85,eq=brightness=0.035,eq=contrast=1.364,eq=saturation=1.050,setpts=0.9091*PTS,delogo=x=319:y=695:w=74:h=25,drawtext=text='Anime':fontfile='C\:/Windows/Fonts/arial.ttf':fontcolor=#ffffff@0.65:fontsize=18:font='Arial Bold':box=1:boxcolor=#383838@0.50:boxborderw=6:x='319+10':y='695+10'" -af atempo=1.1000 -c:v h26
2026-08-03 15:05:56 [INFO] ai_bulk_remix: [14/96] START -> snaptik_7630773662987128096_v3.mp4
2026-08-03 15:05:59 [INFO] ai_bulk_remix: [7/96] DONE  snaptik_7626017981067316513_v3.mp4 (106.2s)
2026-08-03 15:05:59 [INFO] ai_bulk_remix: [15/96] START -> snaptik_7631236395134225696_v3.mp4
2026-08-03 15:07:07 [INFO] ai_bulk_remix: Processing paused
2026-08-03 15:07:08 [INFO] ai_bulk_remix: Processing cancelled by user
2026-08-03 15:07:20 [INFO] ai_bulk_remix: [9/96] DONE  snaptik_7628696975013072150_v3.mp4 (185.5s)
2026-08-03 15:07:30 [INFO] ai_bulk_remix: [10/96] DONE  snaptik_7628739075888958752_v3.mp4 (121.9s)
2026-08-03 15:07:37 [INFO] ai_bulk_remix: [14/96] DONE  snaptik_7630773662987128096_v3.mp4 (95.5s)
2026-08-03 15:07:37 [INFO] ai_bulk_remix: [12/96] DONE  snaptik_7629841351760268577_v3.mp4 (115.0s)
2026-08-03 15:07:38 [INFO] ai_bulk_remix: [13/96] DONE  snaptik_7630412331960290592_v3.mp4 (113.8s)
2026-08-03 15:07:39 [INFO] ai_bulk_remix: [15/96] DONE  snaptik_7631236395134225696_v3.mp4 (96.5s)
2026-08-03 15:07:39 [INFO] ai_bulk_remix: ==================================================
2026-08-03 15:07:39 [INFO] ai_bulk_remix: BATCH PROCESSING COMPLETED
2026-08-03 15:07:39 [INFO] ai_bulk_remix: Successful: 11
2026-08-03 15:07:39 [INFO] ai_bulk_remix: Failed: 85
2026-08-03 15:07:39 [INFO] ai_bulk_remix: Skipped: 0
2026-08-03 15:07:39 [INFO] ai_bulk_remix: Total time: 219.3s
2026-08-03 15:07:39 [INFO] ai_bulk_remix: Failed: snaptik_7624250829314297121_v3.mp4, snaptik_7624847503720074529_v3.mp4, snaptik_7625232354751139105_v3.mp4, snaptik_7629362223500021024_v3.mp4
2026-08-03 15:07:39 [INFO] ai_bulk_remix: ==================================================
2026-08-03 15:11:24 [INFO] ai_bulk_remix: Scanned C:/Users/h/Videos/anime fb page/New folder: 14 video(s) found
2026-08-03 15:11:32 [INFO] ai_bulk_remix: ==================================================
2026-08-03 15:11:32 [INFO] ai_bulk_remix: BATCH PROCESSING STARTED
2026-08-03 15:11:32 [INFO] ai_bulk_remix: Total files: 14
2026-08-03 15:11:32 [INFO] ai_bulk_remix: Output directory: C:/Users/h/Videos/anime fb page/New folder/edit
2026-08-03 15:11:32 [INFO] ai_bulk_remix: Workers: 6
2026-08-03 15:11:32 [INFO] ai_bulk_remix: Encoder: h264_nvenc
2026-08-03 15:11:32 [INFO] ai_bulk_remix: ==================================================
2026-08-03 15:11:32 [INFO] ai_bulk_remix: [1/14] START -> snaptik_7625025165058985249_v3.mp4
2026-08-03 15:11:32 [INFO] ai_bulk_remix: [2/14] START -> snaptik_7625232354751139105_v3.mp4
2026-08-03 15:11:32 [INFO] ai_bulk_remix: [3/14] START -> snaptik_7625738600470138145_v3.mp4
2026-08-03 15:11:32 [INFO] ai_bulk_remix: [4/14] START -> snaptik_7625954038944779553_v3.mp4
2026-08-03 15:11:32 [INFO] ai_bulk_remix: [5/14] START -> snaptik_7626017981067316513_v3.mp4
2026-08-03 15:11:32 [INFO] ai_bulk_remix: [6/14] START -> snaptik_7628696975013072150_v3.mp4
2026-08-03 15:11:45 [INFO] ai_bulk_remix: [2/14] FAIL  snaptik_7625232354751139105_v3.mp4
2026-08-03 15:11:45 [INFO] ai_bulk_remix:   CMD: ffmpeg -y -i "C:/Users/h/Videos/anime fb page/New folder\snaptik_7625232354751139105_v3.mp4" -vf "format=yuv420p,colorbalance=rm=0.08:gm=0.04:bm=-0.08:rh=0.08:gh=0.04:bh=-0.08,eq=contrast=0.85,eq=brightness=-0.088,eq=contrast=1.115,eq=saturation=1.141,setpts=0.9091*PTS,delogo=x=319:y=695:w=74:h=25,d...
2026-08-03 15:11:45 [INFO] ai_bulk_remix:   ERR: Command: ffmpeg -y -i "C:/Users/h/Videos/anime fb page/New folder\snaptik_7625232354751139105_v3.mp4" -vf "format=yuv420p,colorbalance=rm=0.08:gm=0.04:bm=-0.08:rh=0.08:gh=0.04:bh=-0.08,eq=contrast=0.85,eq=brightness=-0.088,eq=contrast=1.115,eq=saturation=1.141,setpts=0.9091*PTS,delogo=x=319:y=695:w=74:h=25,drawtext=text='Anime':fontfile='C\:/Windows/Fonts/arial.ttf':fontcolor=#ffffff@0.65:fontsize=18:font='Arial Bold':box=1:boxcolor=#383838@0.50:boxborderw=6:x='319+10':y='695+10'" -af atempo=1.1
2026-08-03 15:11:45 [INFO] ai_bulk_remix: [7/14] START -> snaptik_7628739075888958752_v3.mp4
2026-08-03 15:13:11 [INFO] ai_bulk_remix: [1/14] DONE  snaptik_7625025165058985249_v3.mp4 (97.3s)
2026-08-03 15:13:11 [INFO] ai_bulk_remix: [8/14] START -> snaptik_7629362223500021024_v3.mp4
2026-08-03 15:13:13 [INFO] ai_bulk_remix: [4/14] DONE  snaptik_7625954038944779553_v3.mp4 (99.4s)
2026-08-03 15:13:13 [INFO] ai_bulk_remix: [9/14] START -> snaptik_7629841351760268577_v3.mp4
2026-08-03 15:13:13 [INFO] ai_bulk_remix: [3/14] DONE  snaptik_7625738600470138145_v3.mp4 (100.0s)
2026-08-03 15:13:13 [INFO] ai_bulk_remix: [10/14] START -> snaptik_7630412331960290592_v3.mp4
2026-08-03 15:13:15 [INFO] ai_bulk_remix: [5/14] DONE  snaptik_7626017981067316513_v3.mp4 (101.3s)
2026-08-03 15:13:15 [INFO] ai_bulk_remix: [11/14] START -> snaptik_7631236395134225696_v3.mp4
2026-08-03 15:13:34 [INFO] ai_bulk_remix: [8/14] FAIL  snaptik_7629362223500021024_v3.mp4
2026-08-03 15:13:34 [INFO] ai_bulk_remix:   CMD: ffmpeg -y -i "C:/Users/h/Videos/anime fb page/New folder\snaptik_7629362223500021024_v3.mp4" -vf "format=yuv420p,colorbalance=rm=0.08:gm=0.04:bm=-0.08:rh=0.08:gh=0.04:bh=-0.08,eq=contrast=0.85,eq=brightness=-0.192,eq=contrast=1.281,eq=saturation=0.895,setpts=0.9091*PTS,delogo=x=319:y=695:w=74:h=25,d...
2026-08-03 15:13:34 [INFO] ai_bulk_remix:   ERR: Command: ffmpeg -y -i "C:/Users/h/Videos/anime fb page/New folder\snaptik_7629362223500021024_v3.mp4" -vf "format=yuv420p,colorbalance=rm=0.08:gm=0.04:bm=-0.08:rh=0.08:gh=0.04:bh=-0.08,eq=contrast=0.85,eq=brightness=-0.192,eq=contrast=1.281,eq=saturation=0.895,setpts=0.9091*PTS,delogo=x=319:y=695:w=74:h=25,drawtext=text='Anime':fontfile='C\:/Windows/Fonts/arial.ttf':fontcolor=#ffffff@0.65:fontsize=18:font='Arial Bold':box=1:boxcolor=#383838@0.50:boxborderw=6:x='319+10':y='695+10'" -af atempo=1.1
2026-08-03 15:13:34 [INFO] ai_bulk_remix: [12/14] START -> snaptik_7633060725979647264_v3.mp4
2026-08-03 15:13:37 [INFO] ai_bulk_remix: [7/14] DONE  snaptik_7628739075888958752_v3.mp4 (104.5s)
2026-08-03 15:13:37 [INFO] ai_bulk_remix: [13/14] START -> snaptik_7633152304870378784_v3.mp4
2026-08-03 15:14:03 [INFO] ai_bulk_remix: [6/14] DONE  snaptik_7628696975013072150_v3.mp4 (149.5s)
2026-08-03 15:14:03 [INFO] ai_bulk_remix: [14/14] START -> snaptik_7633503568112225569_v3.mp4
2026-08-03 15:14:45 [INFO] ai_bulk_remix: [9/14] DONE  snaptik_7629841351760268577_v3.mp4 (88.9s)
2026-08-03 15:14:46 [INFO] ai_bulk_remix: [10/14] DONE  snaptik_7630412331960290592_v3.mp4 (90.4s)
2026-08-03 15:15:05 [INFO] ai_bulk_remix: [11/14] DONE  snaptik_7631236395134225696_v3.mp4 (107.8s)
2026-08-03 15:15:19 [INFO] ai_bulk_remix: [13/14] DONE  snaptik_7633152304870378784_v3.mp4 (94.4s)
2026-08-03 15:15:19 [INFO] ai_bulk_remix: [12/14] DONE  snaptik_7633060725979647264_v3.mp4 (98.4s)
2026-08-03 15:16:18 [INFO] ai_bulk_remix: [14/14] DONE  snaptik_7633503568112225569_v3.mp4 (129.4s)
2026-08-03 15:16:18 [INFO] ai_bulk_remix: ==================================================
2026-08-03 15:16:18 [INFO] ai_bulk_remix: BATCH PROCESSING COMPLETED
2026-08-03 15:16:18 [INFO] ai_bulk_remix: Successful: 12
2026-08-03 15:16:18 [INFO] ai_bulk_remix: Failed: 2
2026-08-03 15:16:18 [INFO] ai_bulk_remix: Skipped: 0
2026-08-03 15:16:18 [INFO] ai_bulk_remix: Total time: 285.4s
2026-08-03 15:16:18 [INFO] ai_bulk_remix: Failed: snaptik_7625232354751139105_v3.mp4, snaptik_7629362223500021024_v3.mp4
2026-08-03 15:16:18 [INFO] ai_bulk_remix: ==================================================
2026-08-03 15:17:58 [INFO] ai_bulk_remix: ==================================================
2026-08-03 15:17:58 [INFO] ai_bulk_remix: BATCH PROCESSING STARTED
2026-08-03 15:17:58 [INFO] ai_bulk_remix: Total files: 14
2026-08-03 15:17:58 [INFO] ai_bulk_remix: Output directory: C:/Users/h/Videos/anime fb page/New folder/edit
2026-08-03 15:17:58 [INFO] ai_bulk_remix: Workers: 6
2026-08-03 15:17:58 [INFO] ai_bulk_remix: Encoder: h264_nvenc
2026-08-03 15:17:58 [INFO] ai_bulk_remix: ==================================================
2026-08-03 15:17:58 [INFO] ai_bulk_remix: [1/14] START -> snaptik_7625025165058985249_v3.mp4
2026-08-03 15:17:58 [INFO] ai_bulk_remix: [2/14] START -> snaptik_7625232354751139105_v3.mp4
2026-08-03 15:17:58 [INFO] ai_bulk_remix: [3/14] START -> snaptik_7625738600470138145_v3.mp4
2026-08-03 15:17:58 [INFO] ai_bulk_remix: [4/14] START -> snaptik_7625954038944779553_v3.mp4
2026-08-03 15:17:58 [INFO] ai_bulk_remix: [5/14] START -> snaptik_7626017981067316513_v3.mp4
2026-08-03 15:17:58 [INFO] ai_bulk_remix: [6/14] START -> snaptik_7628696975013072150_v3.mp4
2026-08-03 15:18:12 [INFO] ai_bulk_remix: [2/14] FAIL  snaptik_7625232354751139105_v3.mp4
2026-08-03 15:18:12 [INFO] ai_bulk_remix:   CMD: ffmpeg -y -i "C:/Users/h/Videos/anime fb page/New folder\snaptik_7625232354751139105_v3.mp4" -vf "format=yuv420p,colorbalance=rm=0.08:gm=0.04:bm=-0.08:rh=0.08:gh=0.04:bh=-0.08,eq=contrast=0.85,eq=brightness=0.045,eq=contrast=1.424,eq=saturation=0.805,setpts=0.9091*PTS,delogo=x=407:y=952:w=265:h=53,d...
2026-08-03 15:18:12 [INFO] ai_bulk_remix:   ERR: Command: ffmpeg -y -i "C:/Users/h/Videos/anime fb page/New folder\snaptik_7625232354751139105_v3.mp4" -vf "format=yuv420p,colorbalance=rm=0.08:gm=0.04:bm=-0.08:rh=0.08:gh=0.04:bh=-0.08,eq=contrast=0.85,eq=brightness=0.045,eq=contrast=1.424,eq=saturation=0.805,setpts=0.9091*PTS,delogo=x=407:y=952:w=265:h=53,drawtext=text='Anime':fontfile='C\:/Windows/Fonts/arial.ttf':fontcolor=#ffffff@0.65:fontsize=18:font='Arial Bold':box=1:boxcolor=#383838@0.50:boxborderw=6:x='407+10':y='952+10'" -af atempo=1.1
2026-08-03 15:18:12 [INFO] ai_bulk_remix: [7/14] START -> snaptik_7628739075888958752_v3.mp4
2026-08-03 15:19:44 [INFO] ai_bulk_remix: [4/14] DONE  snaptik_7625954038944779553_v3.mp4 (104.5s)
2026-08-03 15:19:44 [INFO] ai_bulk_remix: [8/14] START -> snaptik_7629362223500021024_v3.mp4
2026-08-03 15:19:44 [INFO] ai_bulk_remix: [5/14] DONE  snaptik_7626017981067316513_v3.mp4 (105.0s)
2026-08-03 15:19:44 [INFO] ai_bulk_remix: [9/14] START -> snaptik_7629841351760268577_v3.mp4
2026-08-03 15:19:44 [INFO] ai_bulk_remix: [3/14] DONE  snaptik_7625738600470138145_v3.mp4 (105.2s)
2026-08-03 15:19:44 [INFO] ai_bulk_remix: [10/14] START -> snaptik_7630412331960290592_v3.mp4
2026-08-03 15:19:45 [INFO] ai_bulk_remix: [1/14] DONE  snaptik_7625025165058985249_v3.mp4 (106.4s)
2026-08-03 15:19:45 [INFO] ai_bulk_remix: [11/14] START -> snaptik_7631236395134225696_v3.mp4
2026-08-03 15:19:59 [INFO] ai_bulk_remix: [8/14] FAIL  snaptik_7629362223500021024_v3.mp4
2026-08-03 15:19:59 [INFO] ai_bulk_remix:   CMD: ffmpeg -y -i "C:/Users/h/Videos/anime fb page/New folder\snaptik_7629362223500021024_v3.mp4" -vf "format=yuv420p,colorbalance=rm=0.08:gm=0.04:bm=-0.08:rh=0.08:gh=0.04:bh=-0.08,eq=contrast=0.85,eq=brightness=-0.062,eq=contrast=0.862,eq=saturation=1.417,setpts=0.9091*PTS,delogo=x=407:y=952:w=265:h=53,...
2026-08-03 15:19:59 [INFO] ai_bulk_remix:   ERR: Command: ffmpeg -y -i "C:/Users/h/Videos/anime fb page/New folder\snaptik_7629362223500021024_v3.mp4" -vf "format=yuv420p,colorbalance=rm=0.08:gm=0.04:bm=-0.08:rh=0.08:gh=0.04:bh=-0.08,eq=contrast=0.85,eq=brightness=-0.062,eq=contrast=0.862,eq=saturation=1.417,setpts=0.9091*PTS,delogo=x=407:y=952:w=265:h=53,drawtext=text='Anime':fontfile='C\:/Windows/Fonts/arial.ttf':fontcolor=#ffffff@0.65:fontsize=18:font='Arial Bold':box=1:boxcolor=#383838@0.50:boxborderw=6:x='407+10':y='952+10'" -af atempo=1.
2026-08-03 15:19:59 [INFO] ai_bulk_remix: [12/14] START -> snaptik_7633060725979647264_v3.mp4
2026-08-03 15:20:03 [INFO] ai_bulk_remix: [7/14] DONE  snaptik_7628739075888958752_v3.mp4 (106.1s)
2026-08-03 15:20:03 [INFO] ai_bulk_remix: [13/14] START -> snaptik_7633152304870378784_v3.mp4
2026-08-03 15:20:44 [INFO] ai_bulk_remix: [6/14] DONE  snaptik_7628696975013072150_v3.mp4 (164.6s)
2026-08-03 15:20:44 [INFO] ai_bulk_remix: [14/14] START -> snaptik_7633503568112225569_v3.mp4
2026-08-03 15:21:12 [INFO] ai_bulk_remix: [10/14] DONE  snaptik_7630412331960290592_v3.mp4 (85.1s)
2026-08-03 15:21:50 [INFO] ai_bulk_remix: [9/14] DONE  snaptik_7629841351760268577_v3.mp4 (123.2s)
2026-08-03 15:21:51 [INFO] ai_bulk_remix: [11/14] DONE  snaptik_7631236395134225696_v3.mp4 (123.1s)
2026-08-03 15:21:56 [INFO] ai_bulk_remix: [12/14] DONE  snaptik_7633060725979647264_v3.mp4 (115.1s)
2026-08-03 15:21:58 [INFO] ai_bulk_remix: [13/14] DONE  snaptik_7633152304870378784_v3.mp4 (112.2s)
2026-08-03 15:22:35 [INFO] ai_bulk_remix: Processing paused
2026-08-03 15:22:36 [INFO] ai_bulk_remix: Processing cancelled by user
2026-08-03 15:23:10 [INFO] ai_bulk_remix: [14/14] DONE  snaptik_7633503568112225569_v3.mp4 (139.7s)
2026-08-03 15:23:10 [INFO] ai_bulk_remix: ==================================================
2026-08-03 15:23:10 [INFO] ai_bulk_remix: BATCH PROCESSING COMPLETED
2026-08-03 15:23:10 [INFO] ai_bulk_remix: Successful: 12
2026-08-03 15:23:10 [INFO] ai_bulk_remix: Failed: 2
2026-08-03 15:23:10 [INFO] ai_bulk_remix: Skipped: 0
2026-08-03 15:23:10 [INFO] ai_bulk_remix: Total time: 311.3s
2026-08-03 15:23:10 [INFO] ai_bulk_remix: Failed: snaptik_7625232354751139105_v3.mp4, snaptik_7629362223500021024_v3.mp4
2026-08-03 15:23:10 [INFO] ai_bulk_remix: ==================================================
2026-08-03 20:22:35 [INFO] ai_bulk_remix: GPU encoders detected: h264_nvenc, hevc_nvenc, av1_nvenc, h264_qsv, hevc_qsv, h264_amf, hevc_amf
2026-08-03 20:22:36 [INFO] ai_bulk_remix: MainWindow initialized
2026-08-03 20:22:37 [INFO] ai_bulk_remix: GPU encoders detected: h264_nvenc, hevc_nvenc, av1_nvenc, h264_qsv, hevc_qsv, h264_amf, hevc_amf
2026-08-03 20:22:37 [INFO] ai_bulk_remix: MainWindow initialized
2026-08-03 20:22:38 [INFO] ai_bulk_remix: GPU encoders detected: h264_nvenc, hevc_nvenc, av1_nvenc, h264_qsv, hevc_qsv, h264_amf, hevc_amf
2026-08-03 20:22:38 [INFO] ai_bulk_remix: MainWindow initialized
2026-08-03 20:22:39 [INFO] ai_bulk_remix: FFmpeg detected: version 8.1.2-full_build-www.gyan.dev
2026-08-03 20:22:39 [INFO] ai_bulk_remix: FFmpeg detected: version 8.1.2-full_build-www.gyan.dev
2026-08-03 20:23:38 [INFO] ai_bulk_remix: GPU encoders detected: h264_nvenc, hevc_nvenc, av1_nvenc, h264_qsv, hevc_qsv, h264_amf, hevc_amf
2026-08-03 20:23:38 [INFO] ai_bulk_remix: MainWindow initialized
2026-08-03 20:23:40 [INFO] ai_bulk_remix: GPU encoders detected: h264_nvenc, hevc_nvenc, av1_nvenc, h264_qsv, hevc_qsv, h264_amf, hevc_amf
2026-08-03 20:23:40 [INFO] ai_bulk_remix: MainWindow initialized
2026-08-03 20:23:41 [INFO] ai_bulk_remix: GPU encoders detected: h264_nvenc, hevc_nvenc, av1_nvenc, h264_qsv, hevc_qsv, h264_amf, hevc_amf
2026-08-03 20:23:41 [INFO] ai_bulk_remix: MainWindow initialized
2026-08-03 20:23:41 [INFO] ai_bulk_remix: FFmpeg detected: version 8.1.2-full_build-www.gyan.dev
2026-08-03 20:23:41 [INFO] ai_bulk_remix: FFmpeg detected: version 8.1.2-full_build-www.gyan.dev
2026-08-04 11:25:12 [INFO] ai_bulk_remix: ==================================================
2026-08-04 11:25:12 [INFO] ai_bulk_remix: AI Bulk Remix Studio v1.0.0 starting...
2026-08-04 11:25:12 [INFO] ai_bulk_remix: Base directory: C:\Users\h\ai-bulk-remix-studio
2026-08-04 11:25:12 [INFO] ai_bulk_remix: Python: 3.10.0 (tags/v3.10.0:b494f59, Oct  4 2021, 19:00:18) [MSC v.1929 64 bit (AMD64)]
2026-08-04 11:25:12 [INFO] ai_bulk_remix: Platform: win32
2026-08-04 11:25:12 [INFO] ai_bulk_remix: ==================================================
2026-08-04 11:25:22 [INFO] ai_bulk_remix: GPU encoders detected: h264_nvenc, hevc_nvenc, av1_nvenc, h264_qsv, hevc_qsv, h264_amf, hevc_amf
2026-08-04 11:25:22 [INFO] ai_bulk_remix: MainWindow initialized
2026-08-04 11:25:22 [INFO] ai_bulk_remix: MainWindow displayed successfully.
2026-08-04 11:25:22 [INFO] ai_bulk_remix: FFmpeg detected: version 8.1.2-full_build-www.gyan.dev
2026-08-04 11:26:54 [INFO] ai_bulk_remix: Scanned C:/Users/h/Videos/baby boy yt + fb: 91 video(s) found
2026-08-04 11:28:33 [INFO] ai_bulk_remix: ==================================================
2026-08-04 11:28:33 [INFO] ai_bulk_remix: BATCH PROCESSING STARTED
2026-08-04 11:28:33 [INFO] ai_bulk_remix: Total files: 91
2026-08-04 11:28:33 [INFO] ai_bulk_remix: Output directory: C:/Users/h/Videos/baby boy yt + fb/edit
2026-08-04 11:28:33 [INFO] ai_bulk_remix: Workers: 6
2026-08-04 11:28:33 [INFO] ai_bulk_remix: Encoder: h264_nvenc
2026-08-04 11:28:33 [INFO] ai_bulk_remix: ==================================================
2026-08-04 11:28:33 [INFO] ai_bulk_remix: [1/91] START -> 003d9e41-84f6-41e5-b4d7-7aa8d2d173fe.mp4
2026-08-04 11:28:33 [INFO] ai_bulk_remix: [2/91] START -> 037a2069-c6d5-4822-99e3-90742df8e057.mp4
2026-08-04 11:28:33 [INFO] ai_bulk_remix: [3/91] START -> 092fcd7a-5adf-4260-a7b0-329a42633d48.mp4
2026-08-04 11:28:33 [INFO] ai_bulk_remix: [4/91] START -> 0ac774e4-3943-4d6e-a09b-8b8256c80ecf.mp4
2026-08-04 11:28:33 [INFO] ai_bulk_remix: [5/91] START -> 0c35ad39-e9ec-4f8c-bbf1-4bf4063a5282.mp4
2026-08-04 11:28:33 [INFO] ai_bulk_remix: [6/91] START -> 0f11e835-f3b9-4108-942a-0ef3c952c4b9.mp4
2026-08-04 11:29:18 [INFO] ai_bulk_remix: [1/91] DONE  003d9e41-84f6-41e5-b4d7-7aa8d2d173fe.mp4 (44.6s)
2026-08-04 11:29:18 [INFO] ai_bulk_remix: [7/91] START -> 10ea3576-e6bf-4d75-ac67-6cb0780a8890.mp4
2026-08-04 11:29:32 [INFO] ai_bulk_remix: [3/91] DONE  092fcd7a-5adf-4260-a7b0-329a42633d48.mp4 (58.6s)
2026-08-04 11:29:32 [INFO] ai_bulk_remix: [8/91] START -> 1670861e-ea67-48a3-8359-c6dc0f76c641.mp4
2026-08-04 11:29:33 [INFO] ai_bulk_remix: [4/91] DONE  0ac774e4-3943-4d6e-a09b-8b8256c80ecf.mp4 (59.9s)
2026-08-04 11:29:33 [INFO] ai_bulk_remix: [9/91] START -> 18503e1c-2af7-418d-8fe4-2cdcb9bf7be9.mp4
2026-08-04 11:29:36 [INFO] ai_bulk_remix: [5/91] DONE  0c35ad39-e9ec-4f8c-bbf1-4bf4063a5282.mp4 (62.4s)
2026-08-04 11:29:36 [INFO] ai_bulk_remix: [10/91] START -> 18e1c1b2-918f-45cb-a9ea-4b8e67322294.mp4
2026-08-04 11:29:43 [INFO] ai_bulk_remix: [6/91] DONE  0f11e835-f3b9-4108-942a-0ef3c952c4b9.mp4 (69.5s)
2026-08-04 11:29:43 [INFO] ai_bulk_remix: [11/91] START -> 20f9a26d-23b5-43b2-aeff-44ef00ed44ba.mp4
2026-08-04 11:29:44 [INFO] ai_bulk_remix: [2/91] DONE  037a2069-c6d5-4822-99e3-90742df8e057.mp4 (69.9s)
2026-08-04 11:29:44 [INFO] ai_bulk_remix: [12/91] START -> 22d6cb34-02c8-431e-8ba1-76d45dd506a4.mp4
2026-08-04 11:30:28 [INFO] ai_bulk_remix: [9/91] DONE  18503e1c-2af7-418d-8fe4-2cdcb9bf7be9.mp4 (51.7s)
2026-08-04 11:30:28 [INFO] ai_bulk_remix: [13/91] START -> 233abbfc-ad66-4737-9a13-2e50cf8a7f12.mp4
2026-08-04 11:30:30 [INFO] ai_bulk_remix: [8/91] DONE  1670861e-ea67-48a3-8359-c6dc0f76c641.mp4 (55.2s)
2026-08-04 11:30:30 [INFO] ai_bulk_remix: [14/91] START -> 23974145-4040-4f0a-9f61-ba46ff6b1e14.mp4
2026-08-04 11:30:30 [INFO] ai_bulk_remix: [7/91] DONE  10ea3576-e6bf-4d75-ac67-6cb0780a8890.mp4 (64.6s)
2026-08-04 11:30:30 [INFO] ai_bulk_remix: [15/91] START -> 24de5e20-cb4f-4a38-9b7d-0fd7b160b7e3.mp4
2026-08-04 11:30:43 [INFO] ai_bulk_remix: [10/91] DONE  18e1c1b2-918f-45cb-a9ea-4b8e67322294.mp4 (62.5s)
2026-08-04 11:30:43 [INFO] ai_bulk_remix: [16/91] START -> 28fbda6c-c16c-465e-9aa2-63aae9df8ab0.mp4
2026-08-04 11:30:45 [INFO] ai_bulk_remix: [12/91] DONE  22d6cb34-02c8-431e-8ba1-76d45dd506a4.mp4 (55.2s)
2026-08-04 11:30:45 [INFO] ai_bulk_remix: [17/91] START -> 2cd19311-d693-4035-abdb-97e3283b8881.mp4
2026-08-04 11:30:52 [INFO] ai_bulk_remix: [11/91] DONE  20f9a26d-23b5-43b2-aeff-44ef00ed44ba.mp4 (63.2s)
2026-08-04 11:30:53 [INFO] ai_bulk_remix: [18/91] START -> 2d2feecd-313e-46e3-9d37-3a880ee83c83.mp4
2026-08-04 11:32:01 [INFO] ai_bulk_remix: [14/91] DONE  23974145-4040-4f0a-9f61-ba46ff6b1e14.mp4 (87.5s)
2026-08-04 11:32:01 [INFO] ai_bulk_remix: [19/91] START -> 31978dcf-d9b0-43dc-a6b8-958e703a0db5.mp4
2026-08-04 11:32:11 [INFO] ai_bulk_remix: [16/91] DONE  28fbda6c-c16c-465e-9aa2-63aae9df8ab0.mp4 (86.1s)
2026-08-04 11:32:11 [INFO] ai_bulk_remix: [20/91] START -> 33ef6c84-038c-4b43-84d8-00f2ba4063e6.mp4
2026-08-04 11:32:14 [INFO] ai_bulk_remix: [17/91] DONE  2cd19311-d693-4035-abdb-97e3283b8881.mp4 (86.0s)
2026-08-04 11:32:14 [INFO] ai_bulk_remix: [21/91] START -> 36ef5b74-db5e-4bb9-8dcf-be51e21ec6e8.mp4
2026-08-04 11:32:19 [INFO] ai_bulk_remix: [18/91] DONE  2d2feecd-313e-46e3-9d37-3a880ee83c83.mp4 (81.7s)
2026-08-04 11:32:19 [INFO] ai_bulk_remix: [22/91] START -> 36f6a6b1-53cd-490e-b742-6e5b8da4dd47.mp4
2026-08-04 11:32:28 [INFO] ai_bulk_remix: [13/91] DONE  233abbfc-ad66-4737-9a13-2e50cf8a7f12.mp4 (114.5s)
2026-08-04 11:32:28 [INFO] ai_bulk_remix: [23/91] START -> 390d1753-a8b6-433e-ba9f-143e37cd35ea.mp4
2026-08-04 11:32:42 [INFO] ai_bulk_remix: [15/91] DONE  24de5e20-cb4f-4a38-9b7d-0fd7b160b7e3.mp4 (127.9s)
2026-08-04 11:32:42 [INFO] ai_bulk_remix: [24/91] START -> 396aeea6-4fd9-427c-ba3a-b642dc0d16b4.mp4
2026-08-04 11:33:14 [INFO] ai_bulk_remix: [19/91] DONE  31978dcf-d9b0-43dc-a6b8-958e703a0db5.mp4 (70.2s)
2026-08-04 11:33:14 [INFO] ai_bulk_remix: [25/91] START -> 3c6c293f-b79c-4b0a-9d81-6e7113a02971.mp4
2026-08-04 11:33:18 [INFO] ai_bulk_remix: [21/91] DONE  36ef5b74-db5e-4bb9-8dcf-be51e21ec6e8.mp4 (61.0s)
2026-08-04 11:33:18 [INFO] ai_bulk_remix: [26/91] START -> 3ef1122b-f722-491a-a22c-d8ab99c92cda.mp4
2026-08-04 11:33:32 [INFO] ai_bulk_remix: [24/91] DONE  396aeea6-4fd9-427c-ba3a-b642dc0d16b4.mp4 (47.6s)
2026-08-04 11:33:32 [INFO] ai_bulk_remix: [27/91] START -> 40c0f1db-859f-4e70-b219-7cd2e29efdc7.mp4
2026-08-04 11:33:34 [INFO] ai_bulk_remix: [20/91] DONE  33ef6c84-038c-4b43-84d8-00f2ba4063e6.mp4 (80.5s)
2026-08-04 11:33:34 [INFO] ai_bulk_remix: [28/91] START -> 431c16d8-4144-4659-a1d4-abde0c3c9e04.mp4
2026-08-04 11:33:55 [INFO] ai_bulk_remix: [23/91] DONE  390d1753-a8b6-433e-ba9f-143e37cd35ea.mp4 (84.7s)
2026-08-04 11:33:55 [INFO] ai_bulk_remix: [29/91] START -> 48e435e0-84be-4eaf-8ed3-5598883dddda.mp4
2026-08-04 11:34:06 [INFO] ai_bulk_remix: [22/91] DONE  36f6a6b1-53cd-490e-b742-6e5b8da4dd47.mp4 (104.3s)
2026-08-04 11:34:06 [INFO] ai_bulk_remix: [30/91] START -> 4a605974-4702-43e0-ae23-996543a21408.mp4
2026-08-04 11:34:20 [INFO] ai_bulk_remix: [26/91] DONE  3ef1122b-f722-491a-a22c-d8ab99c92cda.mp4 (59.0s)
2026-08-04 11:34:20 [INFO] ai_bulk_remix: [31/91] START -> 4df2cfed-eac4-40b6-babb-7aa67a0a3da4.mp4
2026-08-04 11:34:30 [INFO] ai_bulk_remix: [25/91] DONE  3c6c293f-b79c-4b0a-9d81-6e7113a02971.mp4 (73.0s)
2026-08-04 11:34:30 [INFO] ai_bulk_remix: [32/91] START -> 4ebf14fd-3a1f-468b-8e2e-92b39b1c8926.mp4
2026-08-04 11:34:44 [INFO] ai_bulk_remix: [28/91] DONE  431c16d8-4144-4659-a1d4-abde0c3c9e04.mp4 (67.8s)
2026-08-04 11:34:44 [INFO] ai_bulk_remix: [33/91] START -> 5233aafa-8f07-45a1-95b0-cba696b2307c.mp4
2026-08-04 11:34:46 [INFO] ai_bulk_remix: [27/91] DONE  40c0f1db-859f-4e70-b219-7cd2e29efdc7.mp4 (72.6s)
2026-08-04 11:34:46 [INFO] ai_bulk_remix: [34/91] START -> 5533a90d-6e39-494a-9442-081b15f81ea1.mp4
2026-08-04 11:34:50 [INFO] ai_bulk_remix: [29/91] DONE  48e435e0-84be-4eaf-8ed3-5598883dddda.mp4 (51.9s)
2026-08-04 11:34:50 [INFO] ai_bulk_remix: [35/91] START -> 59fe24d3-d143-4fc6-a4ab-a51ce136a672.mp4
2026-08-04 11:35:07 [INFO] ai_bulk_remix: [31/91] DONE  4df2cfed-eac4-40b6-babb-7aa67a0a3da4.mp4 (44.0s)
2026-08-04 11:35:07 [INFO] ai_bulk_remix: [36/91] START -> 5b910ed6-b93d-405e-9634-1c6ae8028120.mp4
2026-08-04 11:35:31 [INFO] ai_bulk_remix: [30/91] DONE  4a605974-4702-43e0-ae23-996543a21408.mp4 (82.3s)
2026-08-04 11:35:31 [INFO] ai_bulk_remix: [37/91] START -> 5c396a67-c561-4c21-8e56-e82862c60156.mp4
2026-08-04 11:35:39 [INFO] ai_bulk_remix: [32/91] DONE  4ebf14fd-3a1f-468b-8e2e-92b39b1c8926.mp4 (66.4s)
2026-08-04 11:35:39 [INFO] ai_bulk_remix: [38/91] START -> 5cf8a547-2a3b-40d4-862b-b242b6b48051.mp4
2026-08-04 11:35:41 [INFO] ai_bulk_remix: [34/91] DONE  5533a90d-6e39-494a-9442-081b15f81ea1.mp4 (52.2s)
2026-08-04 11:35:41 [INFO] ai_bulk_remix: [39/91] START -> 5e4293c2-4880-44e2-be45-a0ffd1822d25.mp4
2026-08-04 11:35:42 [INFO] ai_bulk_remix: [33/91] DONE  5233aafa-8f07-45a1-95b0-cba696b2307c.mp4 (54.9s)
2026-08-04 11:35:42 [INFO] ai_bulk_remix: [40/91] START -> 5f2ed927-ae3a-455c-9eea-7786ca950024.mp4
2026-08-04 11:36:15 [INFO] ai_bulk_remix: [35/91] DONE  59fe24d3-d143-4fc6-a4ab-a51ce136a672.mp4 (82.3s)
2026-08-04 11:36:15 [INFO] ai_bulk_remix: [41/91] START -> 5f765fcd-531a-493a-9c65-a8f8d085f6f7.mp4
2026-08-04 11:36:34 [INFO] ai_bulk_remix: [40/91] DONE  5f2ed927-ae3a-455c-9eea-7786ca950024.mp4 (50.1s)
2026-08-04 11:36:34 [INFO] ai_bulk_remix: [42/91] START -> 61c63f6d-39a7-4df7-a39b-ad5a98f0c6b9.mp4
2026-08-04 11:36:43 [INFO] ai_bulk_remix: [36/91] DONE  5b910ed6-b93d-405e-9634-1c6ae8028120.mp4 (92.7s)
2026-08-04 11:36:43 [INFO] ai_bulk_remix: [43/91] START -> 6203bb1f-4f21-4981-aadb-7c41bc1def18.mp4
2026-08-04 11:37:17 [INFO] ai_bulk_remix: [38/91] DONE  5cf8a547-2a3b-40d4-862b-b242b6b48051.mp4 (96.1s)
2026-08-04 11:37:17 [INFO] ai_bulk_remix: [44/91] START -> 62e4e121-4936-482b-954d-19be8117f5db.mp4
2026-08-04 11:37:18 [INFO] ai_bulk_remix: [41/91] DONE  5f765fcd-531a-493a-9c65-a8f8d085f6f7.mp4 (60.3s)
2026-08-04 11:37:18 [INFO] ai_bulk_remix: [45/91] START -> 64721fc8-c2ce-47bf-8375-18f8b35f86d8.mp4
2026-08-04 11:37:28 [INFO] ai_bulk_remix: [37/91] DONE  5c396a67-c561-4c21-8e56-e82862c60156.mp4 (113.9s)
2026-08-04 11:37:28 [INFO] ai_bulk_remix: [46/91] START -> 64db5fc3-f7c4-4c2a-83d2-cd2b4cab558c.mp4
2026-08-04 11:37:40 [INFO] ai_bulk_remix: [39/91] DONE  5e4293c2-4880-44e2-be45-a0ffd1822d25.mp4 (116.7s)
2026-08-04 11:37:40 [INFO] ai_bulk_remix: [47/91] START -> 64e132fd-6032-4f64-9ed3-0d6c7e0e1aa9.mp4
2026-08-04 11:38:09 [INFO] ai_bulk_remix: [42/91] DONE  61c63f6d-39a7-4df7-a39b-ad5a98f0c6b9.mp4 (92.5s)
2026-08-04 11:38:09 [INFO] ai_bulk_remix: [48/91] START -> 6617a7b7-9d6c-4bcc-af6c-c70253d75e8a.mp4
2026-08-04 11:38:13 [INFO] ai_bulk_remix: [43/91] DONE  6203bb1f-4f21-4981-aadb-7c41bc1def18.mp4 (87.4s)
2026-08-04 11:38:13 [INFO] ai_bulk_remix: [49/91] START -> 66d8a0c1-bae5-442f-8591-b21ce0f04243.mp4
2026-08-04 11:38:30 [INFO] ai_bulk_remix: [45/91] DONE  64721fc8-c2ce-47bf-8375-18f8b35f86d8.mp4 (69.0s)
2026-08-04 11:38:30 [INFO] ai_bulk_remix: [50/91] START -> 68df14d1-f41f-40ca-a80f-3a966df66762.mp4
2026-08-04 11:38:58 [INFO] ai_bulk_remix: [44/91] DONE  62e4e121-4936-482b-954d-19be8117f5db.mp4 (97.4s)
2026-08-04 11:38:58 [INFO] ai_bulk_remix: [46/91] DONE  64db5fc3-f7c4-4c2a-83d2-cd2b4cab558c.mp4 (87.3s)
2026-08-04 11:38:58 [INFO] ai_bulk_remix: [51/91] START -> 6a9f7263-99b1-4f5a-ad4e-d51f51752627.mp4
2026-08-04 11:39:03 [INFO] ai_bulk_remix: [47/91] DONE  64e132fd-6032-4f64-9ed3-0d6c7e0e1aa9.mp4 (80.5s)
2026-08-04 11:39:03 [INFO] ai_bulk_remix: [52/91] START -> 6aee0a1b-d7e2-4ec0-9735-88928b4bae9c.mp4
2026-08-04 11:39:03 [INFO] ai_bulk_remix: [53/91] START -> 75015919-b50f-4eb8-8e76-0424ae19da1f.mp4
2026-08-04 11:39:27 [INFO] ai_bulk_remix: [49/91] DONE  66d8a0c1-bae5-442f-8591-b21ce0f04243.mp4 (69.9s)
2026-08-04 11:39:27 [INFO] ai_bulk_remix: [54/91] START -> 752f8521-7efb-4f32-ac3a-e7462521f701.mp4
2026-08-04 11:39:31 [INFO] ai_bulk_remix: [48/91] DONE  6617a7b7-9d6c-4bcc-af6c-c70253d75e8a.mp4 (79.2s)
2026-08-04 11:39:31 [INFO] ai_bulk_remix: [55/91] START -> 76058c24-5874-49cf-8620-632b063dae61.mp4
2026-08-04 11:39:53 [INFO] ai_bulk_remix: [50/91] DONE  68df14d1-f41f-40ca-a80f-3a966df66762.mp4 (80.5s)
2026-08-04 11:39:53 [INFO] ai_bulk_remix: [56/91] START -> 78fc96a5-fd2e-4f3f-9c6e-2ecc8319c5d0.mp4
2026-08-04 11:40:06 [INFO] ai_bulk_remix: [53/91] DONE  75015919-b50f-4eb8-8e76-0424ae19da1f.mp4 (60.9s)
2026-08-04 11:40:06 [INFO] ai_bulk_remix: [57/91] START -> 7b308c46-bd92-4e5d-b89e-bddd3ac16c1f.mp4
2026-08-04 11:40:08 [INFO] ai_bulk_remix: [51/91] DONE  6a9f7263-99b1-4f5a-ad4e-d51f51752627.mp4 (68.5s)
2026-08-04 11:40:08 [INFO] ai_bulk_remix: [58/91] START -> 7f723761-134f-4fe2-9a46-8004be7f5c14.mp4
2026-08-04 11:40:20 [INFO] ai_bulk_remix: [52/91] DONE  6aee0a1b-d7e2-4ec0-9735-88928b4bae9c.mp4 (75.2s)
2026-08-04 11:40:20 [INFO] ai_bulk_remix: [59/91] START -> 8ade8135-bb1b-42fb-8904-555615fef159.mp4
2026-08-04 11:40:43 [INFO] ai_bulk_remix: [55/91] DONE  76058c24-5874-49cf-8620-632b063dae61.mp4 (68.8s)
2026-08-04 11:40:43 [INFO] ai_bulk_remix: [60/91] START -> 8e11d212-4c8d-4253-8603-6c128ebb0f48.mp4
2026-08-04 11:41:07 [INFO] ai_bulk_remix: [56/91] DONE  78fc96a5-fd2e-4f3f-9c6e-2ecc8319c5d0.mp4 (71.8s)
2026-08-04 11:41:07 [INFO] ai_bulk_remix: [61/91] START -> 95580751-c6e2-46cf-ae3e-4fc9d7026e32.mp4
2026-08-04 11:41:09 [INFO] ai_bulk_remix: [59/91] DONE  8ade8135-bb1b-42fb-8904-555615fef159.mp4 (46.3s)
2026-08-04 11:41:09 [INFO] ai_bulk_remix: [62/91] START -> a1a9f113-c245-4218-8cbe-c5031cc582be.mp4
2026-08-04 11:41:09 [INFO] ai_bulk_remix: [57/91] DONE  7b308c46-bd92-4e5d-b89e-bddd3ac16c1f.mp4 (61.1s)
2026-08-04 11:41:09 [INFO] ai_bulk_remix: [63/91] START -> a204c778-e0b9-4efa-933e-9fd767ad6bf2.mp4
2026-08-04 11:41:13 [INFO] ai_bulk_remix: [54/91] DONE  752f8521-7efb-4f32-ac3a-e7462521f701.mp4 (102.7s)
2026-08-04 11:41:13 [INFO] ai_bulk_remix: [64/91] START -> a2c007f3-893d-47b8-8309-e7a21d53ed58.mp4
2026-08-04 11:41:30 [INFO] ai_bulk_remix: [58/91] DONE  7f723761-134f-4fe2-9a46-8004be7f5c14.mp4 (78.7s)
2026-08-04 11:41:30 [INFO] ai_bulk_remix: [65/91] START -> aad5ae34-7bd5-4617-b539-84cc5217c17d.mp4
2026-08-04 11:41:54 [INFO] ai_bulk_remix: [61/91] DONE  95580751-c6e2-46cf-ae3e-4fc9d7026e32.mp4 (45.5s)
2026-08-04 11:41:54 [INFO] ai_bulk_remix: [66/91] START -> af9e19a2-2d2c-4cda-8c7b-72b0a8a4e47a.mp4
2026-08-04 11:42:35 [INFO] ai_bulk_remix: [62/91] DONE  a1a9f113-c245-4218-8cbe-c5031cc582be.mp4 (83.6s)
2026-08-04 11:42:35 [INFO] ai_bulk_remix: [67/91] START -> b0853fd3-3987-44ae-8372-1380ccacf8c1.mp4
2026-08-04 11:42:35 [INFO] ai_bulk_remix: [63/91] DONE  a204c778-e0b9-4efa-933e-9fd767ad6bf2.mp4 (83.2s)
2026-08-04 11:42:35 [INFO] ai_bulk_remix: [68/91] START -> b8847212-f9f0-4a9f-ac7b-a640ce4693ab.mp4
2026-08-04 11:42:47 [INFO] ai_bulk_remix: [64/91] DONE  a2c007f3-893d-47b8-8309-e7a21d53ed58.mp4 (90.7s)
2026-08-04 11:42:47 [INFO] ai_bulk_remix: [69/91] START -> b8adcf45-8e29-4c8a-b0c3-3573421136a5.mp4
2026-08-04 11:42:59 [INFO] ai_bulk_remix: [60/91] DONE  8e11d212-4c8d-4253-8603-6c128ebb0f48.mp4 (134.4s)
2026-08-04 11:42:59 [INFO] ai_bulk_remix: [70/91] START -> bd2bc96b-a357-449f-9a1c-a45758b2a92d.mp4
2026-08-04 11:43:14 [INFO] ai_bulk_remix: [66/91] DONE  af9e19a2-2d2c-4cda-8c7b-72b0a8a4e47a.mp4 (76.7s)
2026-08-04 11:43:14 [INFO] ai_bulk_remix: [71/91] START -> c465cf10-c536-4207-8853-9c02c00b4f7f.mp4
2026-08-04 11:43:19 [INFO] ai_bulk_remix: [65/91] DONE  aad5ae34-7bd5-4617-b539-84cc5217c17d.mp4 (106.3s)
2026-08-04 11:43:19 [INFO] ai_bulk_remix: [72/91] START -> c5b55e14-fb28-43db-a612-8037c8fe68de.mp4
2026-08-04 11:43:50 [INFO] ai_bulk_remix: [69/91] DONE  b8adcf45-8e29-4c8a-b0c3-3573421136a5.mp4 (60.2s)
2026-08-04 11:43:50 [INFO] ai_bulk_remix: [73/91] START -> ce12deb8-b0d7-46b9-8911-bb8e5894eddc.mp4
2026-08-04 11:43:57 [INFO] ai_bulk_remix: [67/91] DONE  b0853fd3-3987-44ae-8372-1380ccacf8c1.mp4 (80.5s)
2026-08-04 11:43:57 [INFO] ai_bulk_remix: [74/91] START -> ce367379-99e4-4e69-981a-222f019dedc7.mp4
2026-08-04 11:44:11 [INFO] ai_bulk_remix: [70/91] DONE  bd2bc96b-a357-449f-9a1c-a45758b2a92d.mp4 (69.5s)
2026-08-04 11:44:11 [INFO] ai_bulk_remix: [75/91] START -> d0a3531a-13d4-443d-ab26-f4cf1c7e68ac.mp4
2026-08-04 11:44:35 [INFO] ai_bulk_remix: [71/91] DONE  c465cf10-c536-4207-8853-9c02c00b4f7f.mp4 (77.9s)
2026-08-04 11:44:35 [INFO] ai_bulk_remix: [76/91] START -> d3ff2b4a-39dd-40ee-9142-4735cce9ce33.mp4
2026-08-04 11:44:40 [INFO] ai_bulk_remix: [72/91] DONE  c5b55e14-fb28-43db-a612-8037c8fe68de.mp4 (77.4s)
2026-08-04 11:44:40 [INFO] ai_bulk_remix: [77/91] START -> da147ed8-f4f9-4a2b-a644-95ee20307a9e.mp4
2026-08-04 11:45:16 [INFO] ai_bulk_remix: [74/91] DONE  ce367379-99e4-4e69-981a-222f019dedc7.mp4 (75.9s)
2026-08-04 11:45:16 [INFO] ai_bulk_remix: [78/91] START -> daecccbd-1c14-4f5d-8541-6ca2dd7e431d.mp4
2026-08-04 11:45:28 [INFO] ai_bulk_remix: [75/91] DONE  d0a3531a-13d4-443d-ab26-f4cf1c7e68ac.mp4 (74.0s)
2026-08-04 11:45:28 [INFO] ai_bulk_remix: [79/91] START -> db1d0fc7-c856-45f3-bd79-fba2fe00defa.mp4
2026-08-04 11:45:28 [INFO] ai_bulk_remix: [77/91] DONE  da147ed8-f4f9-4a2b-a644-95ee20307a9e.mp4 (45.2s)
2026-08-04 11:45:28 [INFO] ai_bulk_remix: [80/91] START -> df1ceeaf-7c78-4b53-ba9b-7734601f0648.mp4
2026-08-04 11:45:28 [INFO] ai_bulk_remix: [73/91] DONE  ce12deb8-b0d7-46b9-8911-bb8e5894eddc.mp4 (95.8s)
2026-08-04 11:45:28 [INFO] ai_bulk_remix: [81/91] START -> e078e030-20cc-4f60-8478-4af1f922ff27.mp4
2026-08-04 11:45:35 [INFO] ai_bulk_remix: [68/91] DONE  b8847212-f9f0-4a9f-ac7b-a640ce4693ab.mp4 (177.2s)
2026-08-04 11:45:35 [INFO] ai_bulk_remix: [82/91] START -> e17fd174-fe46-45f7-93b8-428e9e37ab6e.mp4
2026-08-04 11:45:42 [INFO] ai_bulk_remix: [78/91] DONE  daecccbd-1c14-4f5d-8541-6ca2dd7e431d.mp4 (24.0s)
2026-08-04 11:45:43 [INFO] ai_bulk_remix: [83/91] START -> ea10e3af-b2cf-4dff-ab27-0beec55df374.mp4
2026-08-04 11:45:44 [INFO] ai_bulk_remix: [76/91] DONE  d3ff2b4a-39dd-40ee-9142-4735cce9ce33.mp4 (66.4s)
2026-08-04 11:45:44 [INFO] ai_bulk_remix: [84/91] START -> eaf43fe5-e80a-4cd6-af5e-c068e8af7b70.mp4
2026-08-04 11:46:37 [INFO] ai_bulk_remix: [82/91] DONE  e17fd174-fe46-45f7-93b8-428e9e37ab6e.mp4 (60.7s)
2026-08-04 11:46:37 [INFO] ai_bulk_remix: [85/91] START -> eb21e89d-bf6c-49c8-887e-37fb493117c9.mp4
2026-08-04 11:46:38 [INFO] ai_bulk_remix: [81/91] DONE  e078e030-20cc-4f60-8478-4af1f922ff27.mp4 (68.3s)
2026-08-04 11:46:38 [INFO] ai_bulk_remix: [86/91] START -> ebb69ef3-ad9e-4bec-a13c-d80732437ca2.mp4
2026-08-04 11:46:46 [INFO] ai_bulk_remix: [80/91] DONE  df1ceeaf-7c78-4b53-ba9b-7734601f0648.mp4 (76.6s)
2026-08-04 11:46:46 [INFO] ai_bulk_remix: [87/91] START -> f156b0a7-808a-4f7e-8c0d-c3004f412e1a.mp4
2026-08-04 11:47:06 [INFO] ai_bulk_remix: [84/91] DONE  eaf43fe5-e80a-4cd6-af5e-c068e8af7b70.mp4 (80.6s)
2026-08-04 11:47:06 [INFO] ai_bulk_remix: [88/91] START -> fae6c573-1e11-44c0-839c-48e011a1ac52.mp4
2026-08-04 11:47:23 [INFO] ai_bulk_remix: [83/91] DONE  ea10e3af-b2cf-4dff-ab27-0beec55df374.mp4 (98.1s)
2026-08-04 11:47:23 [INFO] ai_bulk_remix: [89/91] START -> fb1a7b8a-8347-430b-9227-c34e119efc31.mp4
2026-08-04 11:47:23 [INFO] ai_bulk_remix: [79/91] DONE  db1d0fc7-c856-45f3-bd79-fba2fe00defa.mp4 (113.6s)
2026-08-04 11:47:23 [INFO] ai_bulk_remix: [90/91] START -> ff01138e-e7f3-4fc4-8e9c-b4ac7d3794bb.mp4
2026-08-04 11:47:34 [INFO] ai_bulk_remix: [86/91] DONE  ebb69ef3-ad9e-4bec-a13c-d80732437ca2.mp4 (53.0s)
2026-08-04 11:47:34 [INFO] ai_bulk_remix: [91/91] START -> ff8f5f64-e990-4cc4-9d63-7483a1a06703.mp4
2026-08-04 11:47:51 [INFO] ai_bulk_remix: [85/91] DONE  eb21e89d-bf6c-49c8-887e-37fb493117c9.mp4 (71.4s)
2026-08-04 11:48:36 [INFO] ai_bulk_remix: [87/91] DONE  f156b0a7-808a-4f7e-8c0d-c3004f412e1a.mp4 (106.7s)
2026-08-04 11:48:37 [INFO] ai_bulk_remix: [90/91] DONE  ff01138e-e7f3-4fc4-8e9c-b4ac7d3794bb.mp4 (72.7s)
2026-08-04 11:48:41 [INFO] ai_bulk_remix: [91/91] DONE  ff8f5f64-e990-4cc4-9d63-7483a1a06703.mp4 (62.6s)
2026-08-04 11:48:46 [INFO] ai_bulk_remix: [89/91] DONE  fb1a7b8a-8347-430b-9227-c34e119efc31.mp4 (81.1s)
2026-08-04 11:48:58 [INFO] ai_bulk_remix: [88/91] DONE  fae6c573-1e11-44c0-839c-48e011a1ac52.mp4 (110.6s)
2026-08-04 11:48:58 [INFO] ai_bulk_remix: ==================================================
2026-08-04 11:48:58 [INFO] ai_bulk_remix: BATCH PROCESSING COMPLETED
2026-08-04 11:48:58 [INFO] ai_bulk_remix: Successful: 91
2026-08-04 11:48:58 [INFO] ai_bulk_remix: Failed: 0
2026-08-04 11:48:58 [INFO] ai_bulk_remix: Skipped: 0
2026-08-04 11:48:58 [INFO] ai_bulk_remix: Total time: 1225.8s
2026-08-04 11:48:58 [INFO] ai_bulk_remix: ==================================================
2026-08-04 11:52:21 [INFO] ai_bulk_remix: Application exiting with code 0
2026-08-04 19:05:51 [INFO] ai_bulk_remix: ==================================================
2026-08-04 19:05:51 [INFO] ai_bulk_remix: AI Bulk Remix Studio v1.0.0 starting...
2026-08-04 19:05:51 [INFO] ai_bulk_remix: Base directory: C:\Users\h\ai-bulk-remix-studio
2026-08-04 19:05:51 [INFO] ai_bulk_remix: Python: 3.10.0 (tags/v3.10.0:b494f59, Oct  4 2021, 19:00:18) [MSC v.1929 64 bit (AMD64)]
2026-08-04 19:05:51 [INFO] ai_bulk_remix: Platform: win32
2026-08-04 19:05:51 [INFO] ai_bulk_remix: ==================================================
2026-08-04 19:06:18 [INFO] ai_bulk_remix: GPU encoders detected: h264_nvenc, hevc_nvenc, av1_nvenc, h264_qsv, hevc_qsv, h264_amf, hevc_amf
2026-08-04 19:06:18 [INFO] ai_bulk_remix: MainWindow initialized
2026-08-04 19:06:18 [INFO] ai_bulk_remix: MainWindow displayed successfully.
2026-08-04 19:06:18 [INFO] ai_bulk_remix: FFmpeg detected: version 8.1.2-full_build-www.gyan.dev
2026-08-04 19:06:55 [INFO] ai_bulk_remix: Scanned C:/Users/h/Videos/feng.family88_feed_2026_06_04/aug/funnyoffice924: 14 video(s) found
2026-08-04 19:06:55 [INFO] ai_bulk_remix: Scanned C:/Users/h/Videos/feng.family88_feed_2026_06_04/aug/funnyoffice924: 14 video(s) found
2026-08-04 19:08:44 [INFO] ai_bulk_remix: ==================================================
2026-08-04 19:08:44 [INFO] ai_bulk_remix: BATCH PROCESSING STARTED
2026-08-04 19:08:44 [INFO] ai_bulk_remix: Total files: 14
2026-08-04 19:08:44 [INFO] ai_bulk_remix: Output directory: C:/Users/h/Videos/feng.family88_feed_2026_06_04/aug/funnyoffice924/edit
2026-08-04 19:08:44 [INFO] ai_bulk_remix: Workers: 7
2026-08-04 19:08:44 [INFO] ai_bulk_remix: Encoder: h264_nvenc
2026-08-04 19:08:44 [INFO] ai_bulk_remix: ==================================================
2026-08-04 19:08:44 [INFO] ai_bulk_remix: [1/14] START -> feng.family88_reel_04_09_2024_18_44_263449687574885786552.mp4
2026-08-04 19:08:44 [INFO] ai_bulk_remix: [2/14] START -> funnyoffice924_Body_Parts_vs_Plastic_Wrap_Challenge_#funny_#challenge_#reel_2026-06-05_DZMSObnBzxU_3912582332833807444.mp4
2026-08-04 19:08:44 [INFO] ai_bulk_remix: [3/14] START -> funnyoffice924_Challenge_to_collect_money_with_different_tools_#funny_#chal_2025-06-25_DLUsWAbBim9_3662747423287421373.mp4
2026-08-04 19:08:44 [INFO] ai_bulk_remix: [4/14] START -> funnyoffice924_Challenge_to_pick_up_money_falling_from_above_🤑_#shorts_#fun_2025-04-10_DIQ8qPCBF-6_3607650086672424890.mp4
2026-08-04 19:08:44 [INFO] ai_bulk_remix: [5/14] START -> funnyoffice924_Count_money_with_unique_tools,_surprise_at_the_end_of_the_vi_2025-08-26_DN0Pd4EQmzj_3707656416996256995.mp4
2026-08-04 19:08:44 [INFO] ai_bulk_remix: [6/14] START -> funnyoffice924_Heart_Drawing_Challenge_#challenge_#funny_#partygames_#reels_2026-07-05_DaZHuudBae0_3934209746785380276.mp4
2026-08-04 19:08:44 [INFO] ai_bulk_remix: [7/14] START -> funnyoffice924_Left_Or_Right_Challenge,So_Exciting,_Do_You_Dare_To_Play_!_#_2025-05-24_DKCY_eAhZVr_3639581363533092203.mp4
2026-08-04 19:09:03 [INFO] ai_bulk_remix: [1/14] DONE  feng.family88_reel_04_09_2024_18_44_263449687574885786552.mp4 (18.8s)
2026-08-04 19:09:03 [INFO] ai_bulk_remix: [8/14] START -> funnyoffice924_Money_scratching_challenge_💵_🤣#shorts_#funny_#office_#games_2025-04-30_DJEZOtxBOpC_3622130962688961090.mp4
2026-08-04 19:09:48 [INFO] ai_bulk_remix: [7/14] DONE  funnyoffice924_Left_Or_Right_Challenge,So_Exciting,_Do_You_Dare_To_Play_!_#_2025-05-24_DKCY_eAhZVr_3639581363533092203.mp4 (63.4s)
2026-08-04 19:09:48 [INFO] ai_bulk_remix: [9/14] START -> funnyoffice924_Try_Not_to_Look_Scared!_Can_You_Survive_#challenge_#funny_#p_2026-06-03_DZIOHXrhZyd_3911438355485007005.mp4
2026-08-04 19:10:06 [INFO] ai_bulk_remix: [3/14] DONE  funnyoffice924_Challenge_to_collect_money_with_different_tools_#funny_#chal_2025-06-25_DLUsWAbBim9_3662747423287421373.mp4 (81.7s)
2026-08-04 19:10:06 [INFO] ai_bulk_remix: [10/14] START -> funnyoffice924_Unique_rolling_challenge,_have_you_ever_tried_it_#shorts_#fu_2025-06-08_DKo6i6iB3de_3650424983991580510.mp4
2026-08-04 19:10:07 [INFO] ai_bulk_remix: [5/14] DONE  funnyoffice924_Count_money_with_unique_tools,_surprise_at_the_end_of_the_vi_2025-08-26_DN0Pd4EQmzj_3707656416996256995.mp4 (82.2s)
2026-08-04 19:10:07 [INFO] ai_bulk_remix: [11/14] START -> funnyoffice924_Water_Pouring_Challenge!_Who's_the_Sneakiest_#funny_#partyga_2026-07-03_DaT1fgVBjck_3932722161105909540.mp4
2026-08-04 19:10:18 [INFO] ai_bulk_remix: [6/14] DONE  funnyoffice924_Heart_Drawing_Challenge_#challenge_#funny_#partygames_#reels_2026-07-05_DaZHuudBae0_3934209746785380276.mp4 (93.1s)
2026-08-04 19:10:18 [INFO] ai_bulk_remix: [12/14] START -> funnyoffice924_Which_Colored_Ball_Will_Survive_to_the_End_#funny_#challenge_2026-06-03_DZHJ2MUBIIE_3911138107885650436.mp4
2026-08-04 19:10:33 [INFO] ai_bulk_remix: [8/14] DONE  funnyoffice924_Money_scratching_challenge_💵_🤣#shorts_#funny_#office_#games_2025-04-30_DJEZOtxBOpC_3622130962688961090.mp4 (79.4s)
2026-08-04 19:10:33 [INFO] ai_bulk_remix: [13/14] START -> funnyoffice924_Who_Has_the_Best_Aim_😱😱_#funny_#challenge_#partygames_#reels_2026-06-18_DZukTLXhTvS_3922231973036506066.mp4
2026-08-04 19:10:53 [INFO] ai_bulk_remix: [4/14] DONE  funnyoffice924_Challenge_to_pick_up_money_falling_from_above_🤑_#shorts_#fun_2025-04-10_DIQ8qPCBF-6_3607650086672424890.mp4 (128.9s)
2026-08-04 19:10:53 [INFO] ai_bulk_remix: [14/14] START -> funnyoffice924_Who_Is_It_#funny_#challenge_#partygames_#reels_2026-06-01_DZCBXlxh7BS_3909693445664911442.mp4
2026-08-04 19:12:09 [INFO] ai_bulk_remix: [9/14] DONE  funnyoffice924_Try_Not_to_Look_Scared!_Can_You_Survive_#challenge_#funny_#p_2026-06-03_DZIOHXrhZyd_3911438355485007005.mp4 (133.4s)
2026-08-04 19:12:09 [INFO] ai_bulk_remix: [14/14] DONE  funnyoffice924_Who_Is_It_#funny_#challenge_#partygames_#reels_2026-06-01_DZCBXlxh7BS_3909693445664911442.mp4 (63.8s)
2026-08-04 19:12:29 [INFO] ai_bulk_remix: [13/14] DONE  funnyoffice924_Who_Has_the_Best_Aim_😱😱_#funny_#challenge_#partygames_#reels_2026-06-18_DZukTLXhTvS_3922231973036506066.mp4 (105.2s)
2026-08-04 19:12:46 [INFO] ai_bulk_remix: [11/14] DONE  funnyoffice924_Water_Pouring_Challenge!_Who's_the_Sneakiest_#funny_#partyga_2026-07-03_DaT1fgVBjck_3932722161105909540.mp4 (151.9s)
2026-08-04 19:12:47 [INFO] ai_bulk_remix: [12/14] DONE  funnyoffice924_Which_Colored_Ball_Will_Survive_to_the_End_#funny_#challenge_2026-06-03_DZHJ2MUBIIE_3911138107885650436.mp4 (142.7s)
2026-08-04 19:13:20 [INFO] ai_bulk_remix: [2/14] DONE  funnyoffice924_Body_Parts_vs_Plastic_Wrap_Challenge_#funny_#challenge_#reel_2026-06-05_DZMSObnBzxU_3912582332833807444.mp4 (275.3s)
2026-08-04 19:13:24 [INFO] ai_bulk_remix: [10/14] DONE  funnyoffice924_Unique_rolling_challenge,_have_you_ever_tried_it_#shorts_#fu_2025-06-08_DKo6i6iB3de_3650424983991580510.mp4 (190.9s)
2026-08-04 19:13:24 [INFO] ai_bulk_remix: ==================================================
2026-08-04 19:13:24 [INFO] ai_bulk_remix: BATCH PROCESSING COMPLETED
2026-08-04 19:13:24 [INFO] ai_bulk_remix: Successful: 14
2026-08-04 19:13:24 [INFO] ai_bulk_remix: Failed: 0
2026-08-04 19:13:24 [INFO] ai_bulk_remix: Skipped: 0
2026-08-04 19:13:24 [INFO] ai_bulk_remix: Total time: 280.0s
2026-08-04 19:13:24 [INFO] ai_bulk_remix: ==================================================
2026-08-04 19:49:11 [INFO] ai_bulk_remix: Application exiting with code 0
2026-08-13 11:52:25 [INFO] ai_bulk_remix: ==================================================
2026-08-13 11:52:25 [INFO] ai_bulk_remix: AI Bulk Remix Studio v1.0.0 starting...
2026-08-13 11:52:25 [INFO] ai_bulk_remix: Base directory: C:\Users\h\ai-bulk-remix-studio
2026-08-13 11:52:25 [INFO] ai_bulk_remix: Python: 3.10.0 (tags/v3.10.0:b494f59, Oct  4 2021, 19:00:18) [MSC v.1929 64 bit (AMD64)]
2026-08-13 11:52:25 [INFO] ai_bulk_remix: Platform: win32
2026-08-13 11:52:25 [INFO] ai_bulk_remix: ==================================================
2026-08-13 11:52:57 [INFO] ai_bulk_remix: GPU encoders detected: h264_nvenc, hevc_nvenc, av1_nvenc, h264_qsv, hevc_qsv, h264_amf, hevc_amf
2026-08-13 11:52:57 [INFO] ai_bulk_remix: MainWindow initialized
2026-08-13 11:52:57 [INFO] ai_bulk_remix: MainWindow displayed successfully.
2026-08-13 11:52:57 [INFO] ai_bulk_remix: FFmpeg detected: version 8.1.2-full_build-www.gyan.dev
2026-08-13 12:12:57 [INFO] ai_bulk_remix: Scanned C:/Users/h/Videos/mini rescue: 65 video(s) found
2026-08-13 12:14:25 [INFO] ai_bulk_remix: ==================================================
2026-08-13 12:14:25 [INFO] ai_bulk_remix: BATCH PROCESSING STARTED
2026-08-13 12:14:25 [INFO] ai_bulk_remix: Total files: 65
2026-08-13 12:14:25 [INFO] ai_bulk_remix: Output directory: C:/Users/h/Videos/mini rescue/edit
2026-08-13 12:14:25 [INFO] ai_bulk_remix: Workers: 6
2026-08-13 12:14:25 [INFO] ai_bulk_remix: Encoder: h264_nvenc
2026-08-13 12:14:25 [INFO] ai_bulk_remix: ==================================================
2026-08-13 12:14:25 [INFO] ai_bulk_remix: [1/65] START -> 3947368222153718416_39322242521_saving_the_mini_world_Miniature_rescue_ASMR_relaxi.mp4
2026-08-13 12:14:25 [INFO] ai_bulk_remix: [2/65] START -> 3948084648233551553_39322242521_saving_the_mini_world_Miniature_rescue_ASMR_relaxi.mp4
2026-08-13 12:14:25 [INFO] ai_bulk_remix: [3/65] START -> 3948085801063061653_39322242521_saving_the_mini_world_Miniature_rescue_ASMR_relaxi.mp4
2026-08-13 12:14:25 [INFO] ai_bulk_remix: [4/65] START -> 3948087153986218209_39322242521_saving_the_mini_world_Miniature_rescue_ASMR_relaxi.mp4
2026-08-13 12:14:25 [INFO] ai_bulk_remix: [5/65] START -> 3948455229361722038_39322242521_saving_the_mini_world_Miniature_rescue_ASMR_relaxi.mp4
2026-08-13 12:14:25 [INFO] ai_bulk_remix: [6/65] START -> 3948457412077541422_39322242521_saving_the_mini_world_Miniature_rescue_ASMR_relaxi.mp4
2026-08-13 12:16:26 [INFO] ai_bulk_remix: [2/65] DONE  3948084648233551553_39322242521_saving_the_mini_world_Miniature_rescue_ASMR_relaxi.mp4 (120.2s)
2026-08-13 12:16:26 [INFO] ai_bulk_remix: [7/65] START -> 3948462040928025356_39322242521_saving_the_mini_world_Miniature_rescue_ASMR_relaxi.mp4
2026-08-13 12:16:53 [INFO] ai_bulk_remix: [1/65] DONE  3947368222153718416_39322242521_saving_the_mini_world_Miniature_rescue_ASMR_relaxi.mp4 (147.7s)
2026-08-13 12:16:53 [INFO] ai_bulk_remix: [8/65] START -> 3948463233779694813_39322242521_saving_the_mini_world_Miniature_rescue_ASMR_relaxi.mp4
2026-08-13 12:16:58 [INFO] ai_bulk_remix: [3/65] DONE  3948085801063061653_39322242521_saving_the_mini_world_Miniature_rescue_ASMR_relaxi.mp4 (152.7s)
2026-08-13 12:16:58 [INFO] ai_bulk_remix: [9/65] START -> 3948797314891550762_39322242521_saving_the_mini_world_Miniature_rescue_ASMR_relaxi.mp4
2026-08-13 12:16:59 [INFO] ai_bulk_remix: [5/65] DONE  3948455229361722038_39322242521_saving_the_mini_world_Miniature_rescue_ASMR_relaxi.mp4 (153.6s)
2026-08-13 12:16:59 [INFO] ai_bulk_remix: [10/65] START -> 3948798367343101649_39322242521_saving_the_mini_world_Miniature_rescue_ASMR_relaxi.mp4
2026-08-13 12:17:00 [INFO] ai_bulk_remix: [4/65] DONE  3948087153986218209_39322242521_saving_the_mini_world_Miniature_rescue_ASMR_relaxi.mp4 (154.8s)
2026-08-13 12:17:00 [INFO] ai_bulk_remix: [11/65] START -> 3948799917004267720_39322242521_saving_the_mini_world_Miniature_rescue_ASMR_relaxi.mp4
2026-08-13 12:17:14 [INFO] ai_bulk_remix: [7/65] DONE  3948462040928025356_39322242521_saving_the_mini_world_Miniature_rescue_ASMR_relaxi.mp4 (46.2s)
2026-08-13 12:17:14 [INFO] ai_bulk_remix: [12/65] START -> 3948801768328119196_39322242521_saving_the_mini_world_Miniature_rescue_ASMR_relaxi.mp4
2026-08-13 12:17:42 [INFO] ai_bulk_remix: [9/65] DONE  3948797314891550762_39322242521_saving_the_mini_world_Miniature_rescue_ASMR_relaxi.mp4 (42.0s)
2026-08-13 12:17:42 [INFO] ai_bulk_remix: [13/65] START -> 3949158290073835970_39322242521_saving_the_mini_world_Miniature_rescue_ASMR_relaxi.mp4
2026-08-13 12:18:20 [INFO] ai_bulk_remix: [8/65] DONE  3948463233779694813_39322242521_saving_the_mini_world_Miniature_rescue_ASMR_relaxi.mp4 (84.7s)
2026-08-13 12:18:20 [INFO] ai_bulk_remix: [14/65] START -> 3949160135374514045_39322242521_saving_the_mini_world_Miniature_rescue_ASMR_relaxi.mp4
2026-08-13 12:18:46 [INFO] ai_bulk_remix: [6/65] DONE  3948457412077541422_39322242521_saving_the_mini_world_Miniature_rescue_ASMR_relaxi.mp4 (260.1s)
2026-08-13 12:18:46 [INFO] ai_bulk_remix: [15/65] START -> 3949161046888987019_39322242521_saving_the_mini_world_Miniature_rescue_ASMR_relaxi.mp4
2026-08-13 12:19:38 [INFO] ai_bulk_remix: [10/65] DONE  3948798367343101649_39322242521_saving_the_mini_world_Miniature_rescue_ASMR_relaxi.mp4 (156.9s)
2026-08-13 12:19:38 [INFO] ai_bulk_remix: [16/65] START -> 3949162055912886333_39322242521_saving_the_mini_world_Miniature_rescue_ASMR_relaxi.mp4
2026-08-13 12:20:10 [INFO] ai_bulk_remix: [13/65] DONE  3949158290073835970_39322242521_saving_the_mini_world_Miniature_rescue_ASMR_relaxi.mp4 (145.8s)
2026-08-13 12:20:10 [INFO] ai_bulk_remix: [17/65] START -> 3949562237435453029_39322242521_saving_the_mini_world_Miniature_rescue_ASMR_relaxi.mp4
2026-08-13 12:20:22 [INFO] ai_bulk_remix: [16/65] DONE  3949162055912886333_39322242521_saving_the_mini_world_Miniature_rescue_ASMR_relaxi.mp4 (41.5s)
2026-08-13 12:20:22 [INFO] ai_bulk_remix: [18/65] START -> 3949564049156684029_39322242521_saving_the_mini_world_Miniature_rescue_ASMR_relaxi.mp4
2026-08-13 12:20:28 [INFO] ai_bulk_remix: [11/65] DONE  3948799917004267720_39322242521_saving_the_mini_world_Miniature_rescue_ASMR_relaxi.mp4 (205.5s)
2026-08-13 12:20:28 [INFO] ai_bulk_remix: [19/65] START -> 3949565759593677056_39322242521_saving_the_mini_world_Miniature_rescue_ASMR_relaxi.mp4
2026-08-13 12:20:56 [INFO] ai_bulk_remix: [15/65] DONE  3949161046888987019_39322242521_saving_the_mini_world_Miniature_rescue_ASMR_relaxi.mp4 (127.9s)
2026-08-13 12:20:56 [INFO] ai_bulk_remix: [20/65] START -> 3949570120805813020_39322242521_saving_the_mini_world_Miniature_rescue_ASMR_relaxi.mp4
2026-08-13 12:20:57 [INFO] ai_bulk_remix: [14/65] DONE  3949160135374514045_39322242521_saving_the_mini_world_Miniature_rescue_ASMR_relaxi.mp4 (154.4s)
2026-08-13 12:20:57 [INFO] ai_bulk_remix: [21/65] START -> 3949922143455725300_39322242521_saving_the_mini_world_Miniature_rescue_ASMR_relaxi.mp4
2026-08-13 12:21:16 [INFO] ai_bulk_remix: [17/65] DONE  3949562237435453029_39322242521_saving_the_mini_world_Miniature_rescue_ASMR_relaxi.mp4 (63.4s)
2026-08-13 12:21:16 [INFO] ai_bulk_remix: [22/65] START -> 3949925435103633283_39322242521_saving_the_mini_world_Miniature_rescue_ASMR_relaxi.mp4
2026-08-13 12:21:31 [INFO] ai_bulk_remix: [12/65] DONE  3948801768328119196_39322242521_saving_the_mini_world_Miniature_rescue_ASMR_relaxi.mp4 (253.7s)
2026-08-13 12:21:31 [INFO] ai_bulk_remix: [23/65] START -> 3949929360317836030_39322242521_saving_the_mini_world_Miniature_rescue_ASMR_relaxi.mp4
2026-08-13 12:22:24 [INFO] ai_bulk_remix: [20/65] DONE  3949570120805813020_39322242521_saving_the_mini_world_Miniature_rescue_ASMR_relaxi.mp4 (86.1s)
2026-08-13 12:22:24 [INFO] ai_bulk_remix: [24/65] START -> 3949933712780709559_39322242521_saving_the_mini_world_Miniature_rescue_ASMR_relaxi.mp4
2026-08-13 12:22:46 [INFO] ai_bulk_remix: [18/65] DONE  3949564049156684029_39322242521_saving_the_mini_world_Miniature_rescue_ASMR_relaxi.mp4 (141.1s)
2026-08-13 12:22:46 [INFO] ai_bulk_remix: [25/65] START -> 3950290808382524177_39322242521_saving_the_mini_world_Miniature_rescue_ASMR_relaxi.mp4
2026-08-13 12:23:00 [INFO] ai_bulk_remix: [21/65] DONE  3949922143455725300_39322242521_saving_the_mini_world_Miniature_rescue_ASMR_relaxi.mp4 (121.7s)
2026-08-13 12:23:00 [INFO] ai_bulk_remix: [26/65] START -> 3950291142232454247_39322242521_saving_the_mini_world_Miniature_rescue_ASMR_relaxi.mp4
2026-08-13 12:23:42 [INFO] ai_bulk_remix: [19/65] DONE  3949565759593677056_39322242521_saving_the_mini_world_Miniature_rescue_ASMR_relaxi.mp4 (191.6s)
2026-08-13 12:23:42 [INFO] ai_bulk_remix: [27/65] START -> 3950291931785064294_39322242521_saving_the_mini_world_Miniature_rescue_ASMR_relaxi.mp4
2026-08-13 12:24:08 [INFO] ai_bulk_remix: [23/65] DONE  3949929360317836030_39322242521_saving_the_mini_world_Miniature_rescue_ASMR_relaxi.mp4 (153.8s)
2026-08-13 12:24:08 [INFO] ai_bulk_remix: [28/65] START -> 3950298070031375975_39322242521_saving_the_mini_world_Miniature_rescue_ASMR_relaxi.mp4
2026-08-13 12:25:00 [INFO] ai_bulk_remix: [25/65] DONE  3950290808382524177_39322242521_saving_the_mini_world_Miniature_rescue_ASMR_relaxi.mp4 (131.7s)
2026-08-13 12:25:01 [INFO] ai_bulk_remix: [29/65] START -> 3950578306800272114_39322242521_saving_the_mini_world_Miniature_rescue_ASMR_relaxi.mp4
2026-08-13 12:25:04 [INFO] ai_bulk_remix: [24/65] DONE  3949933712780709559_39322242521_saving_the_mini_world_Miniature_rescue_ASMR_relaxi.mp4 (156.8s)
2026-08-13 12:25:04 [INFO] ai_bulk_remix: [30/65] START -> 3950579568052771992_39322242521_saving_the_mini_world_Miniature_rescue_ASMR_relaxi.mp4
2026-08-13 12:25:35 [INFO] ai_bulk_remix: [28/65] DONE  3950298070031375975_39322242521_saving_the_mini_world_Miniature_rescue_ASMR_relaxi.mp4 (84.7s)
2026-08-13 12:25:35 [INFO] ai_bulk_remix: [31/65] START -> 3950581112764402027_39322242521_saving_the_mini_world_Miniature_rescue_ASMR_relaxi.mp4
2026-08-13 12:25:47 [INFO] ai_bulk_remix: [29/65] DONE  3950578306800272114_39322242521_saving_the_mini_world_Miniature_rescue_ASMR_relaxi.mp4 (42.7s)
2026-08-13 12:25:47 [INFO] ai_bulk_remix: [32/65] START -> 3950586311746814060_39322242521_saving_the_mini_world_Miniature_rescue_ASMR_relaxi.mp4
2026-08-13 12:25:47 [INFO] ai_bulk_remix: [22/65] DONE  3949925435103633283_39322242521_saving_the_mini_world_Miniature_rescue_ASMR_relaxi.mp4 (268.8s)
2026-08-13 12:25:47 [INFO] ai_bulk_remix: [33/65] START -> 3950999419183427661_39322242521_saving_the_mini_world_Miniature_rescue_ASMR_relaxi.mp4
2026-08-13 12:25:47 [INFO] ai_bulk_remix: [26/65] DONE  3950291142232454247_39322242521_saving_the_mini_world_Miniature_rescue_ASMR_relaxi.mp4 (164.3s)
2026-08-13 12:25:47 [INFO] ai_bulk_remix: [34/65] START -> 3951000928352604706_39322242521_saving_the_mini_world_Miniature_rescue_ASMR_relaxi.mp4
2026-08-13 12:26:20 [INFO] ai_bulk_remix: [27/65] DONE  3950291931785064294_39322242521_saving_the_mini_world_Miniature_rescue_ASMR_relaxi.mp4 (155.4s)
2026-08-13 12:26:20 [INFO] ai_bulk_remix: [35/65] START -> 3951002965912008897_39322242521_saving_the_mini_world_Miniature_rescue_ASMR_relaxi.mp4
2026-08-13 12:26:58 [INFO] ai_bulk_remix: [34/65] DONE  3951000928352604706_39322242521_saving_the_mini_world_Miniature_rescue_ASMR_relaxi.mp4 (69.5s)
2026-08-13 12:26:58 [INFO] ai_bulk_remix: [36/65] START -> 3951004654991678461_39322242521_saving_the_mini_world_Miniature_rescue_ASMR_relaxi.mp4
2026-08-13 12:27:25 [INFO] ai_bulk_remix: [30/65] DONE  3950579568052771992_39322242521_saving_the_mini_world_Miniature_rescue_ASMR_relaxi.mp4 (139.9s)
2026-08-13 12:27:25 [INFO] ai_bulk_remix: [37/65] START -> 3951318944473758006_39322242521_saving_the_mini_world_Miniature_rescue_ASMR_relaxi.mp4
2026-08-13 12:28:11 [INFO] ai_bulk_remix: [37/65] DONE  3951318944473758006_39322242521_saving_the_mini_world_Miniature_rescue_ASMR_relaxi.mp4 (43.5s)
2026-08-13 12:28:11 [INFO] ai_bulk_remix: [38/65] START -> 3951319881548503150_39322242521_saving_the_mini_world_Miniature_rescue_ASMR_relaxi.mp4
2026-08-13 12:28:23 [INFO] ai_bulk_remix: [32/65] DONE  3950586311746814060_39322242521_saving_the_mini_world_Miniature_rescue_ASMR_relaxi.mp4 (154.2s)
2026-08-13 12:28:23 [INFO] ai_bulk_remix: [39/65] START -> 3951323669525153079_39322242521_saving_the_mini_world_Miniature_rescue_ASMR_relaxi.mp4
2026-08-13 12:28:35 [INFO] ai_bulk_remix: [31/65] DONE  3950581112764402027_39322242521_saving_the_mini_world_Miniature_rescue_ASMR_relaxi.mp4 (177.0s)
2026-08-13 12:28:35 [INFO] ai_bulk_remix: [40/65] START -> 3951325259518690104_39322242521_saving_the_mini_world_Miniature_rescue_ASMR_relaxi.mp4
2026-08-13 12:28:43 [INFO] ai_bulk_remix: [33/65] DONE  3950999419183427661_39322242521_saving_the_mini_world_Miniature_rescue_ASMR_relaxi.mp4 (174.5s)
2026-08-13 12:28:43 [INFO] ai_bulk_remix: [41/65] START -> 3951684903193746382_39322242521_saving_the_mini_world_Miniature_rescue_ASMR_relaxi.mp4
2026-08-13 12:28:49 [INFO] ai_bulk_remix: [35/65] DONE  3951002965912008897_39322242521_saving_the_mini_world_Miniature_rescue_ASMR_relaxi.mp4 (147.1s)
2026-08-13 12:28:49 [INFO] ai_bulk_remix: [42/65] START -> 3951686481585639902_39322242521_saving_the_mini_world_Miniature_rescue_ASMR_relaxi.mp4
2026-08-13 12:30:28 [INFO] ai_bulk_remix: [41/65] DONE  3951684903193746382_39322242521_saving_the_mini_world_Miniature_rescue_ASMR_relaxi.mp4 (102.3s)
2026-08-13 12:30:28 [INFO] ai_bulk_remix: [43/65] START -> 3951688676464987602_39322242521_saving_the_mini_world_Miniature_rescue_ASMR_relaxi.mp4
2026-08-13 12:30:49 [INFO] ai_bulk_remix: [38/65] DONE  3951319881548503150_39322242521_saving_the_mini_world_Miniature_rescue_ASMR_relaxi.mp4 (154.5s)
2026-08-13 12:30:49 [INFO] ai_bulk_remix: [44/65] START -> 3951690774220944041_39322242521_saving_the_mini_world_Miniature_rescue_ASMR_relaxi.mp4
2026-08-13 12:31:07 [INFO] ai_bulk_remix: [39/65] DONE  3951323669525153079_39322242521_saving_the_mini_world_Miniature_rescue_ASMR_relaxi.mp4 (161.0s)
2026-08-13 12:31:07 [INFO] ai_bulk_remix: [45/65] START -> Instagram_DbGmSv6oCFw.mp4
2026-08-13 12:31:21 [INFO] ai_bulk_remix: [40/65] DONE  3951325259518690104_39322242521_saving_the_mini_world_Miniature_rescue_ASMR_relaxi.mp4 (164.1s)
2026-08-13 12:31:21 [INFO] ai_bulk_remix: [46/65] START -> mini_rescue1_1784389002_3944062732107734143_39322242521.mp4
2026-08-13 12:31:38 [INFO] ai_bulk_remix: [36/65] DONE  3951004654991678461_39322242521_saving_the_mini_world_Miniature_rescue_ASMR_relaxi.mp4 (276.9s)
2026-08-13 12:31:43 [INFO] ai_bulk_remix: [47/65] START -> mini_rescue1_1784389601_3944067964661178956_39322242521.mp4
2026-08-13 12:31:56 [INFO] ai_bulk_remix: [42/65] DONE  3951686481585639902_39322242521_saving_the_mini_world_Miniature_rescue_ASMR_relaxi.mp4 (184.7s)
2026-08-13 12:31:56 [INFO] ai_bulk_remix: [48/65] START -> mini_rescue1_1784432656_3944429187147929899_39322242521.mp4
2026-08-13 12:31:58 [INFO] ai_bulk_remix: [45/65] DONE  Instagram_DbGmSv6oCFw.mp4 (47.5s)
2026-08-13 12:31:58 [INFO] ai_bulk_remix: [49/65] START -> mini_rescue1_1784479192_3944819592393911424_39322242521.mp4
2026-08-13 12:33:45 [INFO] ai_bulk_remix: [44/65] DONE  3951690774220944041_39322242521_saving_the_mini_world_Miniature_rescue_ASMR_relaxi.mp4 (174.0s)
2026-08-13 12:33:45 [INFO] ai_bulk_remix: [50/65] START -> mini_rescue1_1784479567_3944822703124548280_39322242521.mp4
2026-08-13 12:34:15 [INFO] ai_bulk_remix: [43/65] DONE  3951688676464987602_39322242521_saving_the_mini_world_Miniature_rescue_ASMR_relaxi.mp4 (224.8s)
2026-08-13 12:34:15 [INFO] ai_bulk_remix: [51/65] START -> mini_rescue1_1784479724_3944823736483592628_39322242521.mp4
2026-08-13 12:34:21 [INFO] ai_bulk_remix: [47/65] DONE  mini_rescue1_1784389601_3944067964661178956_39322242521.mp4 (155.2s)
2026-08-13 12:34:21 [INFO] ai_bulk_remix: [52/65] START -> mini_rescue1_1784523866_3945194410624674110_39322242521.mp4
2026-08-13 12:34:33 [INFO] ai_bulk_remix: [48/65] DONE  mini_rescue1_1784432656_3944429187147929899_39322242521.mp4 (154.8s)
2026-08-13 12:34:33 [INFO] ai_bulk_remix: [53/65] START -> mini_rescue1_1784524132_3945196556749356037_39322242521.mp4
2026-08-13 12:34:35 [INFO] ai_bulk_remix: [49/65] DONE  mini_rescue1_1784479192_3944819592393911424_39322242521.mp4 (154.7s)
2026-08-13 12:34:35 [INFO] ai_bulk_remix: [54/65] START -> mini_rescue1_1784565367_3945542567510323823_39322242521.mp4
2026-08-13 12:35:05 [INFO] ai_bulk_remix: [52/65] DONE  mini_rescue1_1784523866_3945194410624674110_39322242521.mp4 (42.0s)
2026-08-13 12:35:05 [INFO] ai_bulk_remix: [55/65] START -> mini_rescue1_1784565478_3945543340394714688_39322242521.mp4
2026-08-13 12:35:20 [INFO] ai_bulk_remix: [54/65] DONE  mini_rescue1_1784565367_3945542567510323823_39322242521.mp4 (42.0s)
2026-08-13 12:35:20 [INFO] ai_bulk_remix: [56/65] START -> mini_rescue1_1784656181_3946304343948540703_39322242521.mp4
2026-08-13 12:35:50 [INFO] ai_bulk_remix: [56/65] DONE  mini_rescue1_1784656181_3946304343948540703_39322242521.mp4 (28.2s)
2026-08-13 12:35:50 [INFO] ai_bulk_remix: [57/65] START -> mini_rescue1_1784694659_3946627097881015048_39322242521.mp4
2026-08-13 12:36:22 [INFO] ai_bulk_remix: [50/65] DONE  mini_rescue1_1784479567_3944822703124548280_39322242521.mp4 (153.4s)
2026-08-13 12:36:22 [INFO] ai_bulk_remix: [58/65] START -> mini_rescue1_1784740498_3947011545537531842_39322242521.mp4
2026-08-13 12:36:29 [INFO] ai_bulk_remix: [53/65] DONE  mini_rescue1_1784524132_3945196556749356037_39322242521.mp4 (113.7s)
2026-08-13 12:36:29 [INFO] ai_bulk_remix: [59/65] START -> mini_rescue1_1784740619_3947012584391215821_39322242521.mp4
2026-08-13 12:36:30 [INFO] ai_bulk_remix: [55/65] DONE  mini_rescue1_1784565478_3945543340394714688_39322242521.mp4 (83.4s)
2026-08-13 12:36:30 [INFO] ai_bulk_remix: [60/65] START -> mini_rescue1_1784782607_3947364860569917581_39322242521.mp4
2026-08-13 12:36:37 [INFO] ai_bulk_remix: [46/65] DONE  mini_rescue1_1784389002_3944062732107734143_39322242521.mp4 (312.9s)
2026-08-13 12:36:37 [INFO] ai_bulk_remix: [61/65] START -> mini_rescue1_2026-07-21_09-25-57_3945899739524097863_39322242521.mp4
2026-08-13 12:36:51 [INFO] ai_bulk_remix: [57/65] DONE  mini_rescue1_1784694659_3946627097881015048_39322242521.mp4 (58.3s)
2026-08-13 12:36:51 [INFO] ai_bulk_remix: [62/65] START -> mini_rescue1_2026-07-21_09-29-52_3945901799539652087_39322242521.mp4
2026-08-13 12:37:37 [INFO] ai_bulk_remix: [51/65] DONE  mini_rescue1_1784479724_3944823736483592628_39322242521.mp4 (200.0s)
2026-08-13 12:37:37 [INFO] ai_bulk_remix: [63/65] START -> mini_rescue1_2026-07-21_09-33-33_3945903605514680690_39322242521.mp4
2026-08-13 12:38:16 [INFO] ai_bulk_remix: [58/65] DONE  mini_rescue1_1784740498_3947011545537531842_39322242521.mp4 (111.5s)
2026-08-13 12:38:16 [INFO] ai_bulk_remix: [64/65] START -> mini_rescue1_2026-07-22_22-11-24_3947009633153110642_39322242521.mp4
2026-08-13 12:38:50 [INFO] ai_bulk_remix: [60/65] DONE  mini_rescue1_1784782607_3947364860569917581_39322242521.mp4 (137.5s)
2026-08-13 12:38:50 [INFO] ai_bulk_remix: [65/65] START -> mini_rescue1_20260723_3947362764282037007_39322242521_hd.mp4
2026-08-13 12:39:04 [INFO] ai_bulk_remix: [59/65] DONE  mini_rescue1_1784740619_3947012584391215821_39322242521.mp4 (153.1s)
2026-08-13 12:39:22 [INFO] ai_bulk_remix: [62/65] DONE  mini_rescue1_2026-07-21_09-29-52_3945901799539652087_39322242521.mp4 (149.0s)
2026-08-13 12:39:49 [INFO] ai_bulk_remix: [64/65] DONE  mini_rescue1_2026-07-22_22-11-24_3947009633153110642_39322242521.mp4 (90.8s)
2026-08-13 12:39:53 [INFO] ai_bulk_remix: [61/65] DONE  mini_rescue1_2026-07-21_09-25-57_3945899739524097863_39322242521.mp4 (194.4s)
2026-08-13 12:39:56 [INFO] ai_bulk_remix: [63/65] DONE  mini_rescue1_2026-07-21_09-33-33_3945903605514680690_39322242521.mp4 (137.0s)
2026-08-13 12:40:19 [INFO] ai_bulk_remix: [65/65] DONE  mini_rescue1_20260723_3947362764282037007_39322242521_hd.mp4 (87.3s)
2026-08-13 12:40:19 [INFO] ai_bulk_remix: ==================================================
2026-08-13 12:40:19 [INFO] ai_bulk_remix: BATCH PROCESSING COMPLETED
2026-08-13 12:40:19 [INFO] ai_bulk_remix: Successful: 65
2026-08-13 12:40:19 [INFO] ai_bulk_remix: Failed: 0
2026-08-13 12:40:19 [INFO] ai_bulk_remix: Skipped: 0
2026-08-13 12:40:19 [INFO] ai_bulk_remix: Total time: 1554.9s
2026-08-13 12:40:19 [INFO] ai_bulk_remix: ==================================================
2026-08-13 12:41:17 [INFO] ai_bulk_remix: Application exiting with code 0
2026-08-17 15:47:56 [INFO] ai_bulk_remix: ==================================================
2026-08-17 15:47:56 [INFO] ai_bulk_remix: AI Bulk Remix Studio v1.0.0 starting...
2026-08-17 15:47:56 [INFO] ai_bulk_remix: Base directory: C:\Users\h\ai-bulk-remix-studio
2026-08-17 15:47:56 [INFO] ai_bulk_remix: Python: 3.10.0 (tags/v3.10.0:b494f59, Oct  4 2021, 19:00:18) [MSC v.1929 64 bit (AMD64)]
2026-08-17 15:47:56 [INFO] ai_bulk_remix: Platform: win32
2026-08-17 15:47:56 [INFO] ai_bulk_remix: ==================================================
2026-08-17 15:48:18 [INFO] ai_bulk_remix: GPU encoders detected: h264_nvenc, hevc_nvenc, av1_nvenc, h264_qsv, hevc_qsv, h264_amf, hevc_amf
2026-08-17 15:48:18 [INFO] ai_bulk_remix: MainWindow initialized
2026-08-17 15:48:18 [INFO] ai_bulk_remix: MainWindow displayed successfully.
2026-08-17 15:48:18 [INFO] ai_bulk_remix: FFmpeg detected: version 8.1.2-full_build-www.gyan.dev
2026-08-17 15:48:52 [INFO] ai_bulk_remix: Scanned C:/Users/h/Videos/epic cat tales: 115 video(s) found
2026-08-17 16:00:29 [INFO] ai_bulk_remix: ==================================================
2026-08-17 16:00:29 [INFO] ai_bulk_remix: BATCH PROCESSING STARTED
2026-08-17 16:00:29 [INFO] ai_bulk_remix: Total files: 115
2026-08-17 16:00:29 [INFO] ai_bulk_remix: Output directory: C:/Users/h/Videos/epic cat tales/edit
2026-08-17 16:00:29 [INFO] ai_bulk_remix: Workers: 6
2026-08-17 16:00:29 [INFO] ai_bulk_remix: Encoder: h264_nvenc
2026-08-17 16:00:29 [INFO] ai_bulk_remix: ==================================================
2026-08-17 16:00:29 [INFO] ai_bulk_remix: [1/115] START -> 018cd22b-39ed-48fd-8ff6-334b93f99ee2.mp4
2026-08-17 16:00:29 [INFO] ai_bulk_remix: [2/115] START -> 0494110a-ebc0-40fb-a49e-9c3d47c9672e.mp4
2026-08-17 16:00:29 [INFO] ai_bulk_remix: [3/115] START -> 04f250f3-0a15-44ef-aaa9-e24e9502ed0f.mp4
2026-08-17 16:00:29 [INFO] ai_bulk_remix: [4/115] START -> 05394e79-243f-46f9-9496-5cfd1299d451.mp4
2026-08-17 16:00:29 [INFO] ai_bulk_remix: [5/115] START -> 062a7059-7b45-4148-bcc2-60167cd8f11e.mp4
2026-08-17 16:00:29 [INFO] ai_bulk_remix: [6/115] START -> 0e42d4e4-6129-44b2-8534-b8dea9284160.mp4
2026-08-17 16:06:15 [INFO] ai_bulk_remix: [1/115] DONE  018cd22b-39ed-48fd-8ff6-334b93f99ee2.mp4 (345.3s)
2026-08-17 16:06:15 [INFO] ai_bulk_remix: [7/115] START -> 19040e61-9337-4238-bc7f-6a06ba7cc04e.mp4
2026-08-17 16:06:18 [INFO] ai_bulk_remix: [4/115] DONE  05394e79-243f-46f9-9496-5cfd1299d451.mp4 (347.9s)
2026-08-17 16:06:18 [INFO] ai_bulk_remix: [8/115] START -> 1ab7988c-20cb-4ccf-87bb-0db631bf2793.mp4
2026-08-17 16:06:22 [INFO] ai_bulk_remix: [3/115] DONE  04f250f3-0a15-44ef-aaa9-e24e9502ed0f.mp4 (352.4s)
2026-08-17 16:06:22 [INFO] ai_bulk_remix: [9/115] START -> 1b81a34a-42bc-4d91-a18c-774a08a2980b.mp4
2026-08-17 16:06:49 [INFO] ai_bulk_remix: [6/115] DONE  0e42d4e4-6129-44b2-8534-b8dea9284160.mp4 (378.9s)
2026-08-17 16:06:49 [INFO] ai_bulk_remix: [10/115] START -> 22938f38-cae1-4e90-b6bd-d54c11649add.mp4
2026-08-17 16:09:11 [INFO] ai_bulk_remix: [5/115] DONE  062a7059-7b45-4148-bcc2-60167cd8f11e.mp4 (521.6s)
2026-08-17 16:09:11 [INFO] ai_bulk_remix: [11/115] START -> 236a70d4-9ae9-40e7-a3a9-e800d7f263c8.mp4
2026-08-17 16:09:18 [INFO] ai_bulk_remix: [2/115] DONE  0494110a-ebc0-40fb-a49e-9c3d47c9672e.mp4 (527.7s)
2026-08-17 16:09:18 [INFO] ai_bulk_remix: [12/115] START -> 23a49864-a44a-4c60-a12a-f1cd3f74e4be.mp4
2026-08-17 16:12:49 [INFO] ai_bulk_remix: [7/115] DONE  19040e61-9337-4238-bc7f-6a06ba7cc04e.mp4 (390.2s)
2026-08-17 16:12:49 [INFO] ai_bulk_remix: [13/115] START -> 26321643-6dba-44b8-9073-6e9465b8b0fd.mp4
2026-08-17 16:13:05 [INFO] ai_bulk_remix: [9/115] DONE  1b81a34a-42bc-4d91-a18c-774a08a2980b.mp4 (399.7s)
2026-08-17 16:13:05 [INFO] ai_bulk_remix: [14/115] START -> 26d42b19-d857-497b-a697-4995b1eaaa9f.mp4
2026-08-17 16:13:12 [INFO] ai_bulk_remix: [8/115] DONE  1ab7988c-20cb-4ccf-87bb-0db631bf2793.mp4 (411.6s)
2026-08-17 16:13:12 [INFO] ai_bulk_remix: [15/115] START -> 2b6282f6-be21-4e6b-98e5-4a6cab4e095e.mp4
2026-08-17 16:13:28 [INFO] ai_bulk_remix: [10/115] DONE  22938f38-cae1-4e90-b6bd-d54c11649add.mp4 (396.0s)
2026-08-17 16:13:28 [INFO] ai_bulk_remix: [16/115] START -> 2f6725d0-b689-418a-a046-1431e8223ff4.mp4
2026-08-17 16:16:01 [INFO] ai_bulk_remix: [11/115] DONE  236a70d4-9ae9-40e7-a3a9-e800d7f263c8.mp4 (406.7s)
2026-08-17 16:16:01 [INFO] ai_bulk_remix: [17/115] START -> 2fbc58c5-f4a9-454b-a34b-3e1139216906.mp4
2026-08-17 16:16:06 [INFO] ai_bulk_remix: [12/115] DONE  23a49864-a44a-4c60-a12a-f1cd3f74e4be.mp4 (406.6s)
2026-08-17 16:16:06 [INFO] ai_bulk_remix: [18/115] START -> 3186ad4b-584e-4e7a-a1f7-6ab8ed2f83c6.mp4
2026-08-17 16:19:26 [INFO] ai_bulk_remix: [14/115] DONE  26d42b19-d857-497b-a697-4995b1eaaa9f.mp4 (377.8s)
2026-08-17 16:19:26 [INFO] ai_bulk_remix: [19/115] START -> 328f6c37-a469-4b4f-80c2-900faa6558d4.mp4
2026-08-17 16:19:29 [INFO] ai_bulk_remix: [13/115] DONE  26321643-6dba-44b8-9073-6e9465b8b0fd.mp4 (397.5s)
2026-08-17 16:19:29 [INFO] ai_bulk_remix: [20/115] START -> 33e97d0e-b9ad-4592-936a-ff51dcbeb91a.mp4
2026-08-17 16:19:30 [INFO] ai_bulk_remix: [15/115] DONE  2b6282f6-be21-4e6b-98e5-4a6cab4e095e.mp4 (375.8s)
2026-08-17 16:19:30 [INFO] ai_bulk_remix: [21/115] START -> 34f80095-3119-42ba-a937-10ca082c1924.mp4
2026-08-17 16:19:57 [INFO] ai_bulk_remix: [16/115] DONE  2f6725d0-b689-418a-a046-1431e8223ff4.mp4 (385.0s)
2026-08-17 16:19:57 [INFO] ai_bulk_remix: [22/115] START -> 355241ac-5acf-4f66-a10f-83dfb03491cd.mp4
2026-08-17 16:22:24 [INFO] ai_bulk_remix: [18/115] DONE  3186ad4b-584e-4e7a-a1f7-6ab8ed2f83c6.mp4 (375.7s)
2026-08-17 16:22:24 [INFO] ai_bulk_remix: [23/115] START -> 38f152f0-6c6a-47bd-a571-63fa77e55aeb.mp4
2026-08-17 16:22:37 [INFO] ai_bulk_remix: [17/115] DONE  2fbc58c5-f4a9-454b-a34b-3e1139216906.mp4 (393.7s)
2026-08-17 16:22:37 [INFO] ai_bulk_remix: [24/115] START -> 3a403238-7c71-4d4f-969c-6265ebcbaed4.mp4
2026-08-17 16:26:48 [INFO] ai_bulk_remix: [20/115] DONE  33e97d0e-b9ad-4592-936a-ff51dcbeb91a.mp4 (434.4s)
2026-08-17 16:26:48 [INFO] ai_bulk_remix: [25/115] START -> 3c54fe75-8323-4042-8c7f-b8f15f1ee037.mp4
2026-08-17 16:26:57 [INFO] ai_bulk_remix: [21/115] DONE  34f80095-3119-42ba-a937-10ca082c1924.mp4 (444.3s)
2026-08-17 16:26:57 [INFO] ai_bulk_remix: [26/115] START -> 3fa5f636-bfc4-4c42-9d7f-d3551ab9ac38.mp4
2026-08-17 16:27:10 [INFO] ai_bulk_remix: [19/115] DONE  328f6c37-a469-4b4f-80c2-900faa6558d4.mp4 (461.0s)
2026-08-17 16:27:10 [INFO] ai_bulk_remix: [27/115] START -> 40f1e96f-6a53-41aa-9736-712afead440e.mp4
2026-08-17 16:29:34 [INFO] ai_bulk_remix: [24/115] DONE  3a403238-7c71-4d4f-969c-6265ebcbaed4.mp4 (413.3s)
2026-08-17 16:29:35 [INFO] ai_bulk_remix: [28/115] START -> 416aed2d-4456-41e3-97d2-33c1fa8fdd9f.mp4
2026-08-17 16:29:37 [INFO] ai_bulk_remix: [23/115] DONE  38f152f0-6c6a-47bd-a571-63fa77e55aeb.mp4 (429.4s)
2026-08-17 16:29:37 [INFO] ai_bulk_remix: [29/115] START -> 43c98988-e479-47cb-98a3-a0f45658d63e.mp4
2026-08-17 16:29:52 [INFO] ai_bulk_remix: [22/115] DONE  355241ac-5acf-4f66-a10f-83dfb03491cd.mp4 (591.7s)
2026-08-17 16:29:52 [INFO] ai_bulk_remix: [30/115] START -> 45f298d1-69a6-434c-8f84-1ab95e1b28eb.mp4
2026-08-17 16:33:29 [INFO] ai_bulk_remix: [25/115] DONE  3c54fe75-8323-4042-8c7f-b8f15f1ee037.mp4 (398.6s)
2026-08-17 16:33:29 [INFO] ai_bulk_remix: [31/115] START -> 46e9aeb2-6081-4df6-998e-c51962ada54d.mp4
2026-08-17 16:33:34 [INFO] ai_bulk_remix: [26/115] DONE  3fa5f636-bfc4-4c42-9d7f-d3551ab9ac38.mp4 (394.7s)
2026-08-17 16:33:34 [INFO] ai_bulk_remix: [32/115] START -> 47672b2e-d5ef-444e-8715-c2c3be18bc18.mp4
2026-08-17 16:33:46 [INFO] ai_bulk_remix: [27/115] DONE  40f1e96f-6a53-41aa-9736-712afead440e.mp4 (393.8s)
2026-08-17 16:33:46 [INFO] ai_bulk_remix: [33/115] START -> 4ba7bb65-cdb8-4720-85f3-b732c9385a67.mp4
2026-08-17 16:34:48 [INFO] ai_bulk_remix: [29/115] DONE  43c98988-e479-47cb-98a3-a0f45658d63e.mp4 (309.4s)
2026-08-17 16:34:48 [INFO] ai_bulk_remix: [34/115] START -> 4dd6a742-21e9-4f2c-9ec0-b3d40b106e26.mp4
2026-08-17 16:34:57 [INFO] ai_bulk_remix: [28/115] DONE  416aed2d-4456-41e3-97d2-33c1fa8fdd9f.mp4 (319.6s)
2026-08-17 16:34:57 [INFO] ai_bulk_remix: [35/115] START -> 4ef4b7c0-9822-499d-bcd1-db8f7ff2a32e.mp4
2026-08-17 16:38:35 [INFO] ai_bulk_remix: [33/115] DONE  4ba7bb65-cdb8-4720-85f3-b732c9385a67.mp4 (281.5s)
2026-08-17 16:38:35 [INFO] ai_bulk_remix: [36/115] START -> 5014096b-7330-4f28-b96a-939190727cf3.mp4
2026-08-17 16:39:06 [INFO] ai_bulk_remix: [34/115] DONE  4dd6a742-21e9-4f2c-9ec0-b3d40b106e26.mp4 (246.5s)
2026-08-17 16:39:06 [INFO] ai_bulk_remix: [37/115] START -> 505a6df6-462c-4097-b491-1bde5dd2d63d.mp4
2026-08-17 16:39:34 [INFO] ai_bulk_remix: [35/115] DONE  4ef4b7c0-9822-499d-bcd1-db8f7ff2a32e.mp4 (267.9s)
2026-08-17 16:39:34 [INFO] ai_bulk_remix: [38/115] START -> 51db8286-516f-42c1-a25b-933adf4f7958.mp4
2026-08-17 16:39:59 [INFO] ai_bulk_remix: [31/115] DONE  46e9aeb2-6081-4df6-998e-c51962ada54d.mp4 (381.4s)
2026-08-17 16:39:59 [INFO] ai_bulk_remix: [39/115] START -> 56c795a7-3518-4914-8c7b-55e1e58241a1.mp4
2026-08-17 16:41:50 [INFO] ai_bulk_remix: [32/115] DONE  47672b2e-d5ef-444e-8715-c2c3be18bc18.mp4 (487.4s)
2026-08-17 16:41:50 [INFO] ai_bulk_remix: [40/115] START -> 577ba8de-6f9e-406b-a8b1-423f6794907f.mp4
2026-08-17 16:42:13 [INFO] ai_bulk_remix: [30/115] DONE  45f298d1-69a6-434c-8f84-1ab95e1b28eb.mp4 (738.8s)
2026-08-17 16:42:13 [INFO] ai_bulk_remix: [41/115] START -> 579ce23c-54ea-46bf-b484-2d847a660018.mp4
2026-08-17 16:44:01 [INFO] ai_bulk_remix: [36/115] DONE  5014096b-7330-4f28-b96a-939190727cf3.mp4 (322.3s)
2026-08-17 16:44:01 [INFO] ai_bulk_remix: [42/115] START -> 58120b4f-7cb8-45f9-88a1-d937c7233c2e.mp4
2026-08-17 16:44:57 [INFO] ai_bulk_remix: [37/115] DONE  505a6df6-462c-4097-b491-1bde5dd2d63d.mp4 (348.0s)
2026-08-17 16:44:57 [INFO] ai_bulk_remix: [43/115] START -> 59f78120-6ae6-40e3-bbc2-19b7bb82d979.mp4
2026-08-17 16:45:22 [INFO] ai_bulk_remix: [38/115] DONE  51db8286-516f-42c1-a25b-933adf4f7958.mp4 (345.8s)
2026-08-17 16:45:22 [INFO] ai_bulk_remix: [44/115] START -> 5d0c2fb9-dada-4f37-81ea-f931815f9e3a.mp4
2026-08-17 16:45:34 [INFO] ai_bulk_remix: [39/115] DONE  56c795a7-3518-4914-8c7b-55e1e58241a1.mp4 (332.8s)
2026-08-17 16:45:34 [INFO] ai_bulk_remix: [45/115] START -> 5d1d6609-7323-4733-a9e5-a433016cb8df.mp4
2026-08-17 16:47:47 [INFO] ai_bulk_remix: [40/115] DONE  577ba8de-6f9e-406b-a8b1-423f6794907f.mp4 (354.9s)
2026-08-17 16:47:47 [INFO] ai_bulk_remix: [46/115] START -> 5f19164a-a8ee-4181-b906-4735fc602677.mp4
2026-08-17 16:48:24 [INFO] ai_bulk_remix: [41/115] DONE  579ce23c-54ea-46bf-b484-2d847a660018.mp4 (368.3s)
2026-08-17 16:48:24 [INFO] ai_bulk_remix: [47/115] START -> 60a806ed-f780-4b0d-ba7a-5de00f267c3a.mp4
2026-08-17 16:50:23 [INFO] ai_bulk_remix: [42/115] DONE  58120b4f-7cb8-45f9-88a1-d937c7233c2e.mp4 (379.2s)
2026-08-17 16:50:23 [INFO] ai_bulk_remix: [48/115] START -> 62f8f902-950d-4fb3-bc51-03576bbbd989.mp4
2026-08-17 16:51:12 [INFO] ai_bulk_remix: [43/115] DONE  59f78120-6ae6-40e3-bbc2-19b7bb82d979.mp4 (372.5s)
2026-08-17 16:51:12 [INFO] ai_bulk_remix: [49/115] START -> 647a8fdd-e639-4640-88c8-9170f6d55b0d.mp4
2026-08-17 16:52:08 [INFO] ai_bulk_remix: [44/115] DONE  5d0c2fb9-dada-4f37-81ea-f931815f9e3a.mp4 (402.9s)
2026-08-17 16:52:08 [INFO] ai_bulk_remix: [50/115] START -> 68afc36c-e6f2-4df5-ba25-bd8ab94a5e98.mp4
2026-08-17 16:52:51 [INFO] ai_bulk_remix: [45/115] DONE  5d1d6609-7323-4733-a9e5-a433016cb8df.mp4 (434.6s)
2026-08-17 16:52:51 [INFO] ai_bulk_remix: [51/115] START -> 68d095d4-4f76-48a4-8a17-593ba07ceceb.mp4
2026-08-17 16:53:40 [INFO] ai_bulk_remix: [47/115] DONE  60a806ed-f780-4b0d-ba7a-5de00f267c3a.mp4 (312.5s)
2026-08-17 16:53:40 [INFO] ai_bulk_remix: [52/115] START -> 6c755515-008b-4865-a45e-f6bfd1657f79.mp4
2026-08-17 16:53:50 [INFO] ai_bulk_remix: [46/115] DONE  5f19164a-a8ee-4181-b906-4735fc602677.mp4 (360.3s)
2026-08-17 16:53:50 [INFO] ai_bulk_remix: [53/115] START -> 6fafbc7f-ee53-4a0a-99d4-1dba15a0fb26.mp4
2026-08-17 16:54:43 [INFO] ai_bulk_remix: [49/115] DONE  647a8fdd-e639-4640-88c8-9170f6d55b0d.mp4 (206.5s)
2026-08-17 16:54:43 [INFO] ai_bulk_remix: [54/115] START -> 70ddb405-6e2a-4788-a509-0284bf59cc59.mp4
2026-08-17 16:55:45 [INFO] ai_bulk_remix: [48/115] DONE  62f8f902-950d-4fb3-bc51-03576bbbd989.mp4 (314.0s)
2026-08-17 16:55:45 [INFO] ai_bulk_remix: [55/115] START -> 731243a6-debd-4e8e-8076-69b0b44916eb.mp4
2026-08-17 16:57:03 [INFO] ai_bulk_remix: [52/115] DONE  6c755515-008b-4865-a45e-f6bfd1657f79.mp4 (199.0s)
2026-08-17 16:57:03 [INFO] ai_bulk_remix: [56/115] START -> 73a25bc2-f125-4187-b62b-2151b85a747d.mp4
2026-08-17 16:57:49 [INFO] ai_bulk_remix: [51/115] DONE  68d095d4-4f76-48a4-8a17-593ba07ceceb.mp4 (294.2s)
2026-08-17 16:57:49 [INFO] ai_bulk_remix: [57/115] START -> 7658f94a-1ea7-45d2-a8fb-d97b1c99fd9a.mp4
2026-08-17 16:58:37 [INFO] ai_bulk_remix: [53/115] DONE  6fafbc7f-ee53-4a0a-99d4-1dba15a0fb26.mp4 (284.3s)
2026-08-17 16:58:37 [INFO] ai_bulk_remix: [58/115] START -> 7957888f-6254-402b-9f9f-272d5e7c34c6.mp4
2026-08-17 17:00:13 [INFO] ai_bulk_remix: [55/115] DONE  731243a6-debd-4e8e-8076-69b0b44916eb.mp4 (265.6s)
2026-08-17 17:00:13 [INFO] ai_bulk_remix: [59/115] START -> 7b8fe04c-be41-4cf2-858b-373e18fe7696.mp4
2026-08-17 17:00:53 [INFO] ai_bulk_remix: [50/115] DONE  68afc36c-e6f2-4df5-ba25-bd8ab94a5e98.mp4 (521.2s)
2026-08-17 17:00:53 [INFO] ai_bulk_remix: [60/115] START -> 7c0b4c2f-1575-4eed-afd1-4ce3e216820e.mp4
2026-08-17 17:01:11 [INFO] ai_bulk_remix: [54/115] DONE  70ddb405-6e2a-4788-a509-0284bf59cc59.mp4 (385.3s)
2026-08-17 17:01:11 [INFO] ai_bulk_remix: [61/115] START -> 7cd69e82-c1a6-4521-bf48-85d9ed4c0434.mp4
2026-08-17 17:01:22 [INFO] ai_bulk_remix: [56/115] DONE  73a25bc2-f125-4187-b62b-2151b85a747d.mp4 (256.9s)
2026-08-17 17:01:22 [INFO] ai_bulk_remix: [62/115] START -> 84da3efe-70c4-4893-ae13-1f38809511e0.mp4
2026-08-17 17:02:19 [INFO] ai_bulk_remix: [57/115] DONE  7658f94a-1ea7-45d2-a8fb-d97b1c99fd9a.mp4 (267.8s)
2026-08-17 17:02:19 [INFO] ai_bulk_remix: [63/115] START -> 8502d1ec-cf78-40d9-a057-5ee48a91662a.mp4
2026-08-17 17:04:11 [INFO] ai_bulk_remix: [58/115] DONE  7957888f-6254-402b-9f9f-272d5e7c34c6.mp4 (331.8s)
2026-08-17 17:04:11 [INFO] ai_bulk_remix: [64/115] START -> 85b7c302-360a-4ed8-8d7b-cd8455fe515c.mp4
2026-08-17 17:05:00 [INFO] ai_bulk_remix: [59/115] DONE  7b8fe04c-be41-4cf2-858b-373e18fe7696.mp4 (284.5s)
2026-08-17 17:05:00 [INFO] ai_bulk_remix: [65/115] START -> 889510a6-0c5b-4895-a71b-6ae5bf214762.mp4
2026-08-17 17:05:27 [INFO] ai_bulk_remix: [60/115] DONE  7c0b4c2f-1575-4eed-afd1-4ce3e216820e.mp4 (271.2s)
2026-08-17 17:05:27 [INFO] ai_bulk_remix: [66/115] START -> 8ab5b422-0b56-4d33-b1a9-f1a14cedc725.mp4
2026-08-17 17:05:49 [INFO] ai_bulk_remix: [62/115] DONE  84da3efe-70c4-4893-ae13-1f38809511e0.mp4 (264.0s)
2026-08-17 17:05:49 [INFO] ai_bulk_remix: [67/115] START -> 8b3c9eaf-3d77-4d14-82b8-dc75effd8e08.mp4
2026-08-17 17:07:01 [INFO] ai_bulk_remix: [63/115] DONE  8502d1ec-cf78-40d9-a057-5ee48a91662a.mp4 (279.3s)
2026-08-17 17:07:02 [INFO] ai_bulk_remix: [68/115] START -> 8f47bcb2-8ca8-4efb-a3fd-8cba2fe1004f.mp4
2026-08-17 17:09:59 [INFO] ai_bulk_remix: [65/115] DONE  889510a6-0c5b-4895-a71b-6ae5bf214762.mp4 (294.8s)
2026-08-17 17:09:59 [INFO] ai_bulk_remix: [69/115] START -> 8f6cbb6b-f395-4775-95ae-6450c6d80f2e.mp4
2026-08-17 17:10:08 [INFO] ai_bulk_remix: [64/115] DONE  85b7c302-360a-4ed8-8d7b-cd8455fe515c.mp4 (346.3s)
2026-08-17 17:10:08 [INFO] ai_bulk_remix: [70/115] START -> 90182259-0483-4e7d-ba7d-decaf1826d25.mp4
2026-08-17 17:10:28 [INFO] ai_bulk_remix: [61/115] DONE  7cd69e82-c1a6-4521-bf48-85d9ed4c0434.mp4 (554.7s)
2026-08-17 17:10:28 [INFO] ai_bulk_remix: [71/115] START -> 93acf692-94ff-487c-b65e-817efb8b70c4.mp4
2026-08-17 17:11:06 [INFO] ai_bulk_remix: [67/115] DONE  8b3c9eaf-3d77-4d14-82b8-dc75effd8e08.mp4 (308.8s)
2026-08-17 17:11:06 [INFO] ai_bulk_remix: [72/115] START -> 99e247f7-5e9b-4e47-90e8-6e42dab5abef.mp4
2026-08-17 17:11:56 [INFO] ai_bulk_remix: [66/115] DONE  8ab5b422-0b56-4d33-b1a9-f1a14cedc725.mp4 (382.1s)
2026-08-17 17:11:56 [INFO] ai_bulk_remix: [73/115] START -> 9a340583-4d0b-4c0d-9dfc-ffc9fb53850d.mp4
2026-08-17 17:12:15 [INFO] ai_bulk_remix: [68/115] DONE  8f47bcb2-8ca8-4efb-a3fd-8cba2fe1004f.mp4 (310.2s)
2026-08-17 17:12:15 [INFO] ai_bulk_remix: [74/115] START -> 9a54f9bf-7288-4ee3-a1d0-ef6aa94d971c.mp4
2026-08-17 17:15:27 [INFO] ai_bulk_remix: [69/115] DONE  8f6cbb6b-f395-4775-95ae-6450c6d80f2e.mp4 (325.6s)
2026-08-17 17:15:27 [INFO] ai_bulk_remix: [75/115] START -> 9a9e7b4c-a920-4d9c-b019-d0c9338883b2.mp4
2026-08-17 17:15:58 [INFO] ai_bulk_remix: [70/115] DONE  90182259-0483-4e7d-ba7d-decaf1826d25.mp4 (347.9s)
2026-08-17 17:15:58 [INFO] ai_bulk_remix: [76/115] START -> 9e33b51d-306a-44d5-bd1c-fc2918c8aa38.mp4
2026-08-17 17:16:57 [INFO] ai_bulk_remix: [72/115] DONE  99e247f7-5e9b-4e47-90e8-6e42dab5abef.mp4 (347.9s)
2026-08-17 17:16:57 [INFO] ai_bulk_remix: [77/115] START -> a071de1c-f4c7-4dd4-97fb-b9d8a7b515f2.mp4
2026-08-17 17:17:12 [INFO] ai_bulk_remix: [73/115] DONE  9a340583-4d0b-4c0d-9dfc-ffc9fb53850d.mp4 (314.0s)
2026-08-17 17:17:12 [INFO] ai_bulk_remix: [78/115] START -> a640ed97-d584-46fa-9468-d1635da744c8.mp4
2026-08-17 17:17:37 [INFO] ai_bulk_remix: [74/115] DONE  9a54f9bf-7288-4ee3-a1d0-ef6aa94d971c.mp4 (319.6s)
2026-08-17 17:17:37 [INFO] ai_bulk_remix: [79/115] START -> aa9cd18c-d9a8-4e93-af7a-2259b20e676d.mp4
2026-08-17 17:18:57 [INFO] ai_bulk_remix: [71/115] DONE  93acf692-94ff-487c-b65e-817efb8b70c4.mp4 (506.2s)
2026-08-17 17:18:57 [INFO] ai_bulk_remix: [80/115] START -> ab04b1a8-6d70-4c3d-a989-ae3c0bedcb39.mp4
2026-08-17 17:20:29 [INFO] ai_bulk_remix: [75/115] DONE  9a9e7b4c-a920-4d9c-b019-d0c9338883b2.mp4 (299.2s)
2026-08-17 17:20:29 [INFO] ai_bulk_remix: [81/115] START -> abe62367-d97f-4ad9-803d-902ca1274c31.mp4
2026-08-17 17:20:35 [INFO] ai_bulk_remix: [78/115] DONE  a640ed97-d584-46fa-9468-d1635da744c8.mp4 (200.4s)
2026-08-17 17:20:35 [INFO] ai_bulk_remix: [82/115] START -> abe9e7dd-9d01-49f3-902d-33ae11cfa6bc.mp4
2026-08-17 17:20:52 [INFO] ai_bulk_remix: [76/115] DONE  9e33b51d-306a-44d5-bd1c-fc2918c8aa38.mp4 (290.9s)
2026-08-17 17:20:52 [INFO] ai_bulk_remix: [83/115] START -> ac8bda60-41b5-4170-9642-c1e70991e8e8.mp4
2026-08-17 17:22:46 [INFO] ai_bulk_remix: [79/115] DONE  aa9cd18c-d9a8-4e93-af7a-2259b20e676d.mp4 (304.8s)
2026-08-17 17:22:46 [INFO] ai_bulk_remix: [84/115] START -> addb693c-302d-4d91-b105-fccd0319c42e.mp4
2026-08-17 17:22:55 [INFO] ai_bulk_remix: [77/115] DONE  a071de1c-f4c7-4dd4-97fb-b9d8a7b515f2.mp4 (350.1s)
2026-08-17 17:22:55 [INFO] ai_bulk_remix: [85/115] START -> afbe3ed9-da18-4768-a48e-b9290f060426.mp4
2026-08-17 17:23:53 [INFO] ai_bulk_remix: [80/115] DONE  ab04b1a8-6d70-4c3d-a989-ae3c0bedcb39.mp4 (293.0s)
2026-08-17 17:23:53 [INFO] ai_bulk_remix: [86/115] START -> b0411bff-fa41-4789-b44d-891fecc91a99.mp4
2026-08-17 17:24:10 [INFO] ai_bulk_remix: [81/115] DONE  abe62367-d97f-4ad9-803d-902ca1274c31.mp4 (211.7s)
2026-08-17 17:24:10 [INFO] ai_bulk_remix: [87/115] START -> b6a97f89-5664-40b9-8506-11778b8494eb.mp4
2026-08-17 17:25:01 [INFO] ai_bulk_remix: [83/115] DONE  ac8bda60-41b5-4170-9642-c1e70991e8e8.mp4 (238.8s)
2026-08-17 17:25:01 [INFO] ai_bulk_remix: [88/115] START -> bd559128-c06b-4b25-9baf-96cc603d68a7.mp4
2026-08-17 17:25:37 [INFO] ai_bulk_remix: [82/115] DONE  abe9e7dd-9d01-49f3-902d-33ae11cfa6bc.mp4 (295.4s)
2026-08-17 17:25:37 [INFO] ai_bulk_remix: [89/115] START -> c7c96723-e8b0-4132-9f17-b13930d698a2.mp4
2026-08-17 17:26:28 [INFO] ai_bulk_remix: [84/115] DONE  addb693c-302d-4d91-b105-fccd0319c42e.mp4 (209.0s)
2026-08-17 17:26:28 [INFO] ai_bulk_remix: [90/115] START -> c85646e4-1c3a-40ab-876e-585cfdfb6fbd.mp4
2026-08-17 17:28:05 [INFO] ai_bulk_remix: [86/115] DONE  b0411bff-fa41-4789-b44d-891fecc91a99.mp4 (237.6s)
2026-08-17 17:28:05 [INFO] ai_bulk_remix: [91/115] START -> catbabyai_1779010803_3898945714313666340_77791600608.mp4
2026-08-17 17:28:11 [INFO] ai_bulk_remix: [85/115] DONE  afbe3ed9-da18-4768-a48e-b9290f060426.mp4 (305.1s)
2026-08-17 17:28:11 [INFO] ai_bulk_remix: [92/115] START -> catbabyai_1779097650_3899674560944024442_77791600608.mp4
2026-08-17 17:29:39 [INFO] ai_bulk_remix: [88/115] DONE  bd559128-c06b-4b25-9baf-96cc603d68a7.mp4 (260.3s)
2026-08-17 17:29:39 [INFO] ai_bulk_remix: [93/115] START -> catbabyai_1779718302_3904881053016444518_77791600608.mp4
2026-08-17 17:29:42 [INFO] ai_bulk_remix: [89/115] DONE  c7c96723-e8b0-4132-9f17-b13930d698a2.mp4 (229.9s)
2026-08-17 17:29:42 [INFO] ai_bulk_remix: [94/115] START -> catbabyai_1779874072_3906187657976334266_77791600608.mp4
2026-08-17 17:31:37 [INFO] ai_bulk_remix: [87/115] DONE  b6a97f89-5664-40b9-8506-11778b8494eb.mp4 (432.8s)
2026-08-17 17:31:37 [INFO] ai_bulk_remix: [95/115] START -> catbabyai_1779981241_3907086457628557570_77791600608.mp4
2026-08-17 17:32:14 [INFO] ai_bulk_remix: [92/115] DONE  catbabyai_1779097650_3899674560944024442_77791600608.mp4 (232.9s)
2026-08-17 17:32:14 [INFO] ai_bulk_remix: [96/115] START -> catbabyai_1780060897_3907752375354437830_77791600608.mp4
2026-08-17 17:33:01 [INFO] ai_bulk_remix: [91/115] DONE  catbabyai_1779010803_3898945714313666340_77791600608.mp4 (282.0s)
2026-08-17 17:33:01 [INFO] ai_bulk_remix: [97/115] START -> catbabyai_1780147201_3908478858494676239_77791600608.mp4
2026-08-17 17:34:10 [INFO] ai_bulk_remix: [90/115] DONE  c85646e4-1c3a-40ab-876e-585cfdfb6fbd.mp4 (446.3s)
2026-08-17 17:34:10 [INFO] ai_bulk_remix: [98/115] START -> cd6b545f-6704-491e-9b89-92d4493e2706.mp4
2026-08-17 17:34:11 [INFO] ai_bulk_remix: [93/115] DONE  catbabyai_1779718302_3904881053016444518_77791600608.mp4 (261.9s)
2026-08-17 17:34:11 [INFO] ai_bulk_remix: [99/115] START -> cdeb362c-a6d6-4f37-a6e8-82b2a65524b1.mp4
2026-08-17 17:34:29 [INFO] ai_bulk_remix: [94/115] DONE  catbabyai_1779874072_3906187657976334266_77791600608.mp4 (277.8s)
2026-08-17 17:34:29 [INFO] ai_bulk_remix: [100/115] START -> ce069dfb-6c2d-400d-8d1a-81bf38e1df0b.mp4
2026-08-17 17:36:23 [INFO] ai_bulk_remix: [96/115] DONE  catbabyai_1780060897_3907752375354437830_77791600608.mp4 (237.3s)
2026-08-17 17:36:23 [INFO] ai_bulk_remix: [101/115] START -> d11e5505-b17e-4830-ae9d-c7e68b0abd9d.mp4
2026-08-17 17:36:46 [INFO] ai_bulk_remix: [95/115] DONE  catbabyai_1779981241_3907086457628557570_77791600608.mp4 (299.9s)
2026-08-17 17:36:46 [INFO] ai_bulk_remix: [102/115] START -> d269e95f-1f8a-408d-8187-c9f5b3786058.mp4
2026-08-17 17:37:02 [INFO] ai_bulk_remix: [97/115] DONE  catbabyai_1780147201_3908478858494676239_77791600608.mp4 (230.6s)
2026-08-17 17:37:02 [INFO] ai_bulk_remix: [103/115] START -> d7cf0270-b419-4caa-b2f6-062e23c89e62.mp4
2026-08-17 17:38:30 [INFO] ai_bulk_remix: [99/115] DONE  cdeb362c-a6d6-4f37-a6e8-82b2a65524b1.mp4 (251.5s)
2026-08-17 17:38:30 [INFO] ai_bulk_remix: [104/115] START -> d7d8d0e3-b207-488c-bb9f-03c3b10159ed.mp4
2026-08-17 17:38:45 [INFO] ai_bulk_remix: [98/115] DONE  cd6b545f-6704-491e-9b89-92d4493e2706.mp4 (265.0s)
2026-08-17 17:38:45 [INFO] ai_bulk_remix: [105/115] START -> d7e32fcb-7b20-4e79-81d1-9b6da34401ff.mp4
2026-08-17 17:39:43 [INFO] ai_bulk_remix: [100/115] DONE  ce069dfb-6c2d-400d-8d1a-81bf38e1df0b.mp4 (309.0s)
2026-08-17 17:39:43 [INFO] ai_bulk_remix: [106/115] START -> da18a713-acfe-4a4d-995b-1f8a6566b935.mp4
2026-08-17 17:40:41 [INFO] ai_bulk_remix: [102/115] DONE  d269e95f-1f8a-408d-8187-c9f5b3786058.mp4 (224.0s)
2026-08-17 17:40:41 [INFO] ai_bulk_remix: [107/115] START -> dad97e8b-8d16-4309-91ae-638571166192.mp4
2026-08-17 17:40:48 [INFO] ai_bulk_remix: [101/115] DONE  d11e5505-b17e-4830-ae9d-c7e68b0abd9d.mp4 (257.4s)
2026-08-17 17:40:48 [INFO] ai_bulk_remix: [108/115] START -> dd51d4df-0260-4f10-b512-59fd292890b0.mp4
2026-08-17 17:41:02 [INFO] ai_bulk_remix: [103/115] DONE  d7cf0270-b419-4caa-b2f6-062e23c89e62.mp4 (231.2s)
2026-08-17 17:41:02 [INFO] ai_bulk_remix: [109/115] START -> defa574d-a9fe-41fc-b34c-0d401d53cede.mp4
2026-08-17 17:43:01 [INFO] ai_bulk_remix: [104/115] DONE  d7d8d0e3-b207-488c-bb9f-03c3b10159ed.mp4 (261.0s)
2026-08-17 17:43:01 [INFO] ai_bulk_remix: [110/115] START -> df380ca9-2a54-4ba1-a44f-a0e1b8d18d99.mp4
2026-08-17 17:43:12 [INFO] ai_bulk_remix: [106/115] DONE  da18a713-acfe-4a4d-995b-1f8a6566b935.mp4 (197.5s)
2026-08-17 17:43:12 [INFO] ai_bulk_remix: [111/115] START -> f1893d4c-74c9-40d9-a67a-a143bd1b1556.mp4
2026-08-17 17:43:27 [INFO] ai_bulk_remix: [105/115] DONE  d7e32fcb-7b20-4e79-81d1-9b6da34401ff.mp4 (273.6s)
2026-08-17 17:43:27 [INFO] ai_bulk_remix: [112/115] START -> f5824900-7aab-4b5c-be3f-b15906db52de.mp4
2026-08-17 17:45:36 [INFO] ai_bulk_remix: [108/115] DONE  dd51d4df-0260-4f10-b512-59fd292890b0.mp4 (282.2s)
2026-08-17 17:45:36 [INFO] ai_bulk_remix: [113/115] START -> f6d6fc84-6180-429e-a13c-0413770de010.mp4
2026-08-17 17:45:53 [INFO] ai_bulk_remix: [107/115] DONE  dad97e8b-8d16-4309-91ae-638571166192.mp4 (302.9s)
2026-08-17 17:45:53 [INFO] ai_bulk_remix: [114/115] START -> f8a940d6-d13a-4327-8ba6-1fb6662c9053.mp4
2026-08-17 17:46:11 [INFO] ai_bulk_remix: [109/115] DONE  defa574d-a9fe-41fc-b34c-0d401d53cede.mp4 (300.5s)
2026-08-17 17:46:12 [INFO] ai_bulk_remix: [115/115] START -> fc115930-bf19-4e4a-8ef1-587ce61a0a9c.mp4
2026-08-17 17:47:13 [INFO] ai_bulk_remix: [110/115] DONE  df380ca9-2a54-4ba1-a44f-a0e1b8d18d99.mp4 (245.0s)
2026-08-17 17:47:27 [INFO] ai_bulk_remix: [111/115] DONE  f1893d4c-74c9-40d9-a67a-a143bd1b1556.mp4 (250.8s)
2026-08-17 17:47:36 [INFO] ai_bulk_remix: [112/115] DONE  f5824900-7aab-4b5c-be3f-b15906db52de.mp4 (245.5s)
2026-08-17 17:48:41 [INFO] ai_bulk_remix: [114/115] DONE  f8a940d6-d13a-4327-8ba6-1fb6662c9053.mp4 (165.4s)
2026-08-17 17:48:45 [INFO] ai_bulk_remix: [115/115] DONE  fc115930-bf19-4e4a-8ef1-587ce61a0a9c.mp4 (147.8s)
2026-08-17 17:48:48 [INFO] ai_bulk_remix: [113/115] DONE  f6d6fc84-6180-429e-a13c-0413770de010.mp4 (188.3s)
2026-08-17 17:48:48 [INFO] ai_bulk_remix: ==================================================
2026-08-17 17:48:48 [INFO] ai_bulk_remix: BATCH PROCESSING COMPLETED
2026-08-17 17:48:48 [INFO] ai_bulk_remix: Successful: 115
2026-08-17 17:48:48 [INFO] ai_bulk_remix: Failed: 0
2026-08-17 17:48:48 [INFO] ai_bulk_remix: Skipped: 0
2026-08-17 17:48:48 [INFO] ai_bulk_remix: Total time: 6499.7s
2026-08-17 17:48:48 [INFO] ai_bulk_remix: ==================================================
2026-08-17 18:38:41 [INFO] ai_bulk_remix: Application exiting with code 0
2026-08-17 18:52:47 [INFO] ai_bulk_remix: ==================================================
2026-08-17 18:52:47 [INFO] ai_bulk_remix: AI Bulk Remix Studio v1.0.0 starting...
2026-08-17 18:52:47 [INFO] ai_bulk_remix: Base directory: C:\Users\h\ai-bulk-remix-studio
2026-08-17 18:52:47 [INFO] ai_bulk_remix: Python: 3.10.0 (tags/v3.10.0:b494f59, Oct  4 2021, 19:00:18) [MSC v.1929 64 bit (AMD64)]
2026-08-17 18:52:47 [INFO] ai_bulk_remix: Platform: win32
2026-08-17 18:52:47 [INFO] ai_bulk_remix: ==================================================
2026-08-17 18:52:57 [INFO] ai_bulk_remix: GPU encoders detected: h264_nvenc, hevc_nvenc, av1_nvenc, h264_qsv, hevc_qsv, h264_amf, hevc_amf
2026-08-17 18:52:57 [INFO] ai_bulk_remix: MainWindow initialized
2026-08-17 18:52:57 [INFO] ai_bulk_remix: MainWindow displayed successfully.
2026-08-17 18:52:57 [INFO] ai_bulk_remix: FFmpeg detected: version 8.1.2-full_build-www.gyan.dev
2026-08-17 18:53:36 [INFO] ai_bulk_remix: Application exiting with code 0
2026-08-17 18:55:47 [INFO] ai_bulk_remix: ==================================================
2026-08-17 18:55:47 [INFO] ai_bulk_remix: AI Bulk Remix Studio v1.0.0 starting...
2026-08-17 18:55:47 [INFO] ai_bulk_remix: Base directory: C:\Users\h\ai-bulk-remix-studio
2026-08-17 18:55:47 [INFO] ai_bulk_remix: Python: 3.10.0 (tags/v3.10.0:b494f59, Oct  4 2021, 19:00:18) [MSC v.1929 64 bit (AMD64)]
2026-08-17 18:55:47 [INFO] ai_bulk_remix: Platform: win32
2026-08-17 18:55:47 [INFO] ai_bulk_remix: ==================================================
2026-08-17 18:55:53 [INFO] ai_bulk_remix: GPU encoders detected: h264_nvenc, hevc_nvenc, av1_nvenc, h264_qsv, hevc_qsv, h264_amf, hevc_amf
2026-08-17 18:55:53 [INFO] ai_bulk_remix: MainWindow initialized
2026-08-17 18:55:53 [INFO] ai_bulk_remix: MainWindow displayed successfully.
2026-08-17 18:55:53 [INFO] ai_bulk_remix: FFmpeg detected: version 8.1.2-full_build-www.gyan.dev
2026-08-17 18:56:22 [INFO] ai_bulk_remix: Scanned C:/Users/h/Videos/animation: 48 video(s) found
2026-08-17 18:57:43 [INFO] ai_bulk_remix: ==================================================
2026-08-17 18:57:43 [INFO] ai_bulk_remix: BATCH PROCESSING STARTED
2026-08-17 18:57:43 [INFO] ai_bulk_remix: Total files: 48
2026-08-17 18:57:43 [INFO] ai_bulk_remix: Output directory: C:/Users/h/Videos/animation/edit
2026-08-17 18:57:43 [INFO] ai_bulk_remix: Workers: 7
2026-08-17 18:57:43 [INFO] ai_bulk_remix: Encoder: h264_nvenc
2026-08-17 18:57:43 [INFO] ai_bulk_remix: ==================================================
2026-08-17 18:57:43 [INFO] ai_bulk_remix: [1/48] START -> 3882395196331969287_65480930210_pov_-_me_every_morning_.mp4
2026-08-17 18:57:43 [INFO] ai_bulk_remix: [2/48] START -> 3883842706787307258_65480930210_relationship_starting_vs_ending_.mp4
2026-08-17 18:57:43 [INFO] ai_bulk_remix: [3/48] START -> 3885681821555922309_65480930210__.mp4
2026-08-17 18:57:43 [INFO] ai_bulk_remix: [4/48] START -> 3886800646657535390_65480930210__.mp4
2026-08-17 18:57:43 [INFO] ai_bulk_remix: [5/48] START -> 3888130746279674069_65480930210_long_distance_relationships_be_like_.mp4
2026-08-17 18:57:43 [INFO] ai_bulk_remix: [6/48] START -> 3890382540018792554_65480930210_pov_me_every_morning_when_i_try_to_wake_up_early.mp4
2026-08-17 18:57:43 [INFO] ai_bulk_remix: [7/48] START -> 3891860666787783592_65480930210_pov_-_that_one_person_at_late_night_.mp4
2026-08-17 18:58:16 [INFO] ai_bulk_remix: [3/48] DONE  3885681821555922309_65480930210__.mp4 (32.6s)
2026-08-17 18:58:16 [INFO] ai_bulk_remix: [8/48] START -> 3893235918990045533_65480930210_mention_that_sister_brother_.mp4
2026-08-17 18:58:17 [INFO] ai_bulk_remix: [4/48] DONE  3886800646657535390_65480930210__.mp4 (33.4s)
2026-08-17 18:58:17 [INFO] ai_bulk_remix: [9/48] START -> 3894008119725107651_65480930210_pov_my_happiness_level_after_her_one_text_.mp4
2026-08-17 18:58:18 [INFO] ai_bulk_remix: [5/48] DONE  3888130746279674069_65480930210_long_distance_relationships_be_like_.mp4 (34.2s)
2026-08-17 18:58:18 [INFO] ai_bulk_remix: [10/48] START -> 3895492822130814474_65480930210__.mp4
2026-08-17 18:58:19 [INFO] ai_bulk_remix: [7/48] DONE  3891860666787783592_65480930210_pov_-_that_one_person_at_late_night_.mp4 (35.7s)
2026-08-17 18:58:19 [INFO] ai_bulk_remix: [11/48] START -> 3896948716246360065_65480930210_Pov_me_watching_reels_at_late_nights_.mp4
2026-08-17 18:58:20 [INFO] ai_bulk_remix: [2/48] DONE  3883842706787307258_65480930210_relationship_starting_vs_ending_.mp4 (36.2s)
2026-08-17 18:58:20 [INFO] ai_bulk_remix: [12/48] START -> 3898379950042755643_65480930210__.mp4
2026-08-17 18:58:21 [INFO] ai_bulk_remix: [6/48] DONE  3890382540018792554_65480930210_pov_me_every_morning_when_i_try_to_wake_up_early.mp4 (37.7s)
2026-08-17 18:58:21 [INFO] ai_bulk_remix: [13/48] START -> 3899062174625235933_65480930210_pov_-_when_i_try_to_sleep_early_.mp4
2026-08-17 18:58:24 [INFO] ai_bulk_remix: Processing cancelled by user
2026-08-17 18:58:25 [INFO] ai_bulk_remix: [1/48] DONE  3882395196331969287_65480930210_pov_-_me_every_morning_.mp4 (41.1s)
2026-08-17 18:58:31 [INFO] ai_bulk_remix: Processing cancelled by user
2026-08-17 18:58:31 [INFO] ai_bulk_remix: Application exiting with code 0
2026-08-17 18:59:12 [INFO] ai_bulk_remix: ==================================================
2026-08-17 18:59:12 [INFO] ai_bulk_remix: AI Bulk Remix Studio v1.0.0 starting...
2026-08-17 18:59:12 [INFO] ai_bulk_remix: Base directory: C:\Users\h\ai-bulk-remix-studio
2026-08-17 18:59:12 [INFO] ai_bulk_remix: Python: 3.10.0 (tags/v3.10.0:b494f59, Oct  4 2021, 19:00:18) [MSC v.1929 64 bit (AMD64)]
2026-08-17 18:59:12 [INFO] ai_bulk_remix: Platform: win32
2026-08-17 18:59:12 [INFO] ai_bulk_remix: ==================================================
2026-08-17 18:59:20 [INFO] ai_bulk_remix: GPU encoders detected: h264_nvenc, hevc_nvenc, av1_nvenc, h264_qsv, hevc_qsv, h264_amf, hevc_amf
2026-08-17 18:59:20 [INFO] ai_bulk_remix: MainWindow initialized
2026-08-17 18:59:20 [INFO] ai_bulk_remix: MainWindow displayed successfully.
2026-08-17 18:59:20 [INFO] ai_bulk_remix: FFmpeg detected: version 8.1.2-full_build-www.gyan.dev
2026-08-17 18:59:33 [INFO] ai_bulk_remix: Scanned C:/Users/h/Videos/animation: 48 video(s) found
2026-08-17 19:00:17 [INFO] ai_bulk_remix: ==================================================
2026-08-17 19:00:17 [INFO] ai_bulk_remix: BATCH PROCESSING STARTED
2026-08-17 19:00:17 [INFO] ai_bulk_remix: Total files: 48
2026-08-17 19:00:17 [INFO] ai_bulk_remix: Output directory: C:/Users/h/Videos/animation/edit
2026-08-17 19:00:17 [INFO] ai_bulk_remix: Workers: 7
2026-08-17 19:00:17 [INFO] ai_bulk_remix: Encoder: h264_nvenc
2026-08-17 19:00:17 [INFO] ai_bulk_remix: ==================================================
2026-08-17 19:00:17 [INFO] ai_bulk_remix: [1/48] START -> 3882395196331969287_65480930210_pov_-_me_every_morning_.mp4
2026-08-17 19:00:17 [INFO] ai_bulk_remix: [2/48] START -> 3883842706787307258_65480930210_relationship_starting_vs_ending_.mp4
2026-08-17 19:00:17 [INFO] ai_bulk_remix: [3/48] START -> 3885681821555922309_65480930210__.mp4
2026-08-17 19:00:17 [INFO] ai_bulk_remix: [4/48] START -> 3886800646657535390_65480930210__.mp4
2026-08-17 19:00:17 [INFO] ai_bulk_remix: [5/48] START -> 3888130746279674069_65480930210_long_distance_relationships_be_like_.mp4
2026-08-17 19:00:17 [INFO] ai_bulk_remix: [6/48] START -> 3890382540018792554_65480930210_pov_me_every_morning_when_i_try_to_wake_up_early.mp4
2026-08-17 19:00:17 [INFO] ai_bulk_remix: [7/48] START -> 3891860666787783592_65480930210_pov_-_that_one_person_at_late_night_.mp4
2026-08-17 19:00:55 [INFO] ai_bulk_remix: [4/48] DONE  3886800646657535390_65480930210__.mp4 (37.3s)
2026-08-17 19:00:55 [INFO] ai_bulk_remix: [8/48] START -> 3893235918990045533_65480930210_mention_that_sister_brother_.mp4
2026-08-17 19:00:57 [INFO] ai_bulk_remix: [3/48] DONE  3885681821555922309_65480930210__.mp4 (39.3s)
2026-08-17 19:00:57 [INFO] ai_bulk_remix: [9/48] START -> 3894008119725107651_65480930210_pov_my_happiness_level_after_her_one_text_.mp4
2026-08-17 19:00:59 [INFO] ai_bulk_remix: [5/48] DONE  3888130746279674069_65480930210_long_distance_relationships_be_like_.mp4 (41.4s)
2026-08-17 19:00:59 [INFO] ai_bulk_remix: [10/48] START -> 3895492822130814474_65480930210__.mp4
2026-08-17 19:01:00 [INFO] ai_bulk_remix: [2/48] DONE  3883842706787307258_65480930210_relationship_starting_vs_ending_.mp4 (42.3s)
2026-08-17 19:01:00 [INFO] ai_bulk_remix: [11/48] START -> 3896948716246360065_65480930210_Pov_me_watching_reels_at_late_nights_.mp4
2026-08-17 19:01:01 [INFO] ai_bulk_remix: [7/48] DONE  3891860666787783592_65480930210_pov_-_that_one_person_at_late_night_.mp4 (43.2s)
2026-08-17 19:01:01 [INFO] ai_bulk_remix: [12/48] START -> 3898379950042755643_65480930210__.mp4
2026-08-17 19:01:08 [INFO] ai_bulk_remix: [6/48] DONE  3890382540018792554_65480930210_pov_me_every_morning_when_i_try_to_wake_up_early.mp4 (49.9s)
2026-08-17 19:01:08 [INFO] ai_bulk_remix: [13/48] START -> 3899062174625235933_65480930210_pov_-_when_i_try_to_sleep_early_.mp4
2026-08-17 19:01:19 [INFO] ai_bulk_remix: [1/48] DONE  3882395196331969287_65480930210_pov_-_me_every_morning_.mp4 (61.5s)
2026-08-17 19:01:19 [INFO] ai_bulk_remix: [14/48] START -> 3901194900389283442_65480930210__.mp4
2026-08-17 19:01:45 [INFO] ai_bulk_remix: [9/48] DONE  3894008119725107651_65480930210_pov_my_happiness_level_after_her_one_text_.mp4 (45.8s)
2026-08-17 19:01:45 [INFO] ai_bulk_remix: [15/48] START -> 3902748367124458582_65480930210_me_vs_my_life_.mp4
2026-08-17 19:01:47 [INFO] ai_bulk_remix: [8/48] DONE  3893235918990045533_65480930210_mention_that_sister_brother_.mp4 (49.7s)
2026-08-17 19:01:47 [INFO] ai_bulk_remix: [16/48] START -> 3904163170229428648_65480930210_one_day_you_and_me_.mp4
2026-08-17 19:01:48 [INFO] ai_bulk_remix: [11/48] DONE  3896948716246360065_65480930210_Pov_me_watching_reels_at_late_nights_.mp4 (45.9s)
2026-08-17 19:01:48 [INFO] ai_bulk_remix: [17/48] START -> 3906303670042576072_65480930210_the_kind_of_weather_my_soul_craves_.mp4
2026-08-17 19:01:54 [INFO] ai_bulk_remix: [13/48] DONE  3899062174625235933_65480930210_pov_-_when_i_try_to_sleep_early_.mp4 (43.2s)
2026-08-17 19:01:54 [INFO] ai_bulk_remix: [18/48] START -> 3907805553844548539_65480930210__.mp4
2026-08-17 19:02:00 [INFO] ai_bulk_remix: [10/48] DONE  3895492822130814474_65480930210__.mp4 (59.2s)
2026-08-17 19:02:00 [INFO] ai_bulk_remix: [19/48] START -> 3908667168627949294_65480930210_one_day_you_and_me_.mp4
2026-08-17 19:02:08 [INFO] ai_bulk_remix: [12/48] DONE  3898379950042755643_65480930210__.mp4 (65.0s)
2026-08-17 19:02:08 [INFO] ai_bulk_remix: [20/48] START -> 3910860234562682447_65480930210_you_and_me_tag_your_love_.mp4
2026-08-17 19:02:10 [INFO] ai_bulk_remix: [14/48] DONE  3901194900389283442_65480930210__.mp4 (48.1s)
2026-08-17 19:02:10 [INFO] ai_bulk_remix: [21/48] START -> 3912125326170284681_65480930210_only_men_can_feel_this_.mp4
2026-08-17 19:02:32 [INFO] ai_bulk_remix: [15/48] DONE  3902748367124458582_65480930210_me_vs_my_life_.mp4 (44.6s)
2026-08-17 19:02:32 [INFO] ai_bulk_remix: [22/48] START -> 3912376541376242416_65480930210_best_alarm_.mp4
2026-08-17 19:02:42 [INFO] ai_bulk_remix: [16/48] DONE  3904163170229428648_65480930210_one_day_you_and_me_.mp4 (52.7s)
2026-08-17 19:02:42 [INFO] ai_bulk_remix: [23/48] START -> 3913783314242443326_65480930210_how_it_feels_like_to_wake_up_early_in_the_morning_.mp4
2026-08-17 19:02:43 [INFO] ai_bulk_remix: [17/48] DONE  3906303670042576072_65480930210_the_kind_of_weather_my_soul_craves_.mp4 (52.1s)
2026-08-17 19:02:43 [INFO] ai_bulk_remix: [24/48] START -> 3915014431485184918_65480930210__.mp4
2026-08-17 19:02:50 [INFO] ai_bulk_remix: [19/48] DONE  3908667168627949294_65480930210_one_day_you_and_me_.mp4 (47.2s)
2026-08-17 19:02:50 [INFO] ai_bulk_remix: [25/48] START -> 3916545397047192904_65480930210_pov_my_family_caught_me_apologising_to_my_gf_.mp4
2026-08-17 19:02:53 [INFO] ai_bulk_remix: [18/48] DONE  3907805553844548539_65480930210__.mp4 (56.1s)
2026-08-17 19:02:53 [INFO] ai_bulk_remix: [26/48] START -> 3917846071160740625_65480930210__.mp4
2026-08-17 19:03:12 [INFO] ai_bulk_remix: [20/48] DONE  3910860234562682447_65480930210_you_and_me_tag_your_love_.mp4 (61.7s)
2026-08-17 19:03:12 [INFO] ai_bulk_remix: [27/48] START -> 3919368866914904052_65480930210_what_if_your_child_WorldCup2026_FIFAWor.mp4
2026-08-17 19:03:13 [INFO] ai_bulk_remix: [21/48] DONE  3912125326170284681_65480930210_only_men_can_feel_this_.mp4 (60.7s)
2026-08-17 19:03:13 [INFO] ai_bulk_remix: [28/48] START -> 3920947247666351468_65480930210_one_day_you_and_me_.mp4
2026-08-17 19:03:22 [INFO] ai_bulk_remix: [23/48] DONE  3913783314242443326_65480930210_how_it_feels_like_to_wake_up_early_in_the_morning_.mp4 (36.9s)
2026-08-17 19:03:22 [INFO] ai_bulk_remix: [29/48] START -> 3923015754885253534_65480930210__.mp4
2026-08-17 19:03:25 [INFO] ai_bulk_remix: [22/48] DONE  3912376541376242416_65480930210_best_alarm_.mp4 (49.9s)
2026-08-17 19:03:25 [INFO] ai_bulk_remix: [30/48] START -> 3925153321680353344_65480930210_who_else_relates_this_.mp4
2026-08-17 19:03:27 [INFO] ai_bulk_remix: [25/48] DONE  3916545397047192904_65480930210_pov_my_family_caught_me_apologising_to_my_gf_.mp4 (34.3s)
2026-08-17 19:03:27 [INFO] ai_bulk_remix: [31/48] START -> 3928111614975404593_65480930210__.mp4
2026-08-17 19:03:30 [INFO] ai_bulk_remix: [24/48] DONE  3915014431485184918_65480930210__.mp4 (44.8s)
2026-08-17 19:03:30 [INFO] ai_bulk_remix: [32/48] START -> 3929607412791743582_65480930210_based_on_true_story_.mp4
2026-08-17 19:03:35 [INFO] ai_bulk_remix: [26/48] DONE  3917846071160740625_65480930210__.mp4 (40.1s)
2026-08-17 19:03:35 [INFO] ai_bulk_remix: [33/48] START -> 3930324158662289932_65480930210_alarm_then_vs_now_.mp4
2026-08-17 19:03:57 [INFO] ai_bulk_remix: [28/48] DONE  3920947247666351468_65480930210_one_day_you_and_me_.mp4 (37.6s)
2026-08-17 19:03:57 [INFO] ai_bulk_remix: [34/48] START -> 3933140818121044998_65480930210_that_one_person_.mp4
2026-08-17 19:03:59 [INFO] ai_bulk_remix: [27/48] DONE  3919368866914904052_65480930210_what_if_your_child_WorldCup2026_FIFAWor.mp4 (40.9s)
2026-08-17 19:03:59 [INFO] ai_bulk_remix: [35/48] START -> 3933925886116702299_65480930210_tag_your_favourite_person_.mp4
2026-08-17 19:04:05 [INFO] ai_bulk_remix: [29/48] DONE  3923015754885253534_65480930210__.mp4 (38.1s)
2026-08-17 19:04:05 [INFO] ai_bulk_remix: [36/48] START -> 3935311554696933521_65480930210_best_feeling_ever_.mp4
2026-08-17 19:04:14 [INFO] ai_bulk_remix: [31/48] DONE  3928111614975404593_65480930210__.mp4 (41.5s)
2026-08-17 19:04:14 [INFO] ai_bulk_remix: [37/48] START -> 3936787242251710359_65480930210_me_every_time_.mp4
2026-08-17 19:04:27 [INFO] ai_bulk_remix: [30/48] DONE  3925153321680353344_65480930210_who_else_relates_this_.mp4 (56.6s)
2026-08-17 19:04:27 [INFO] ai_bulk_remix: [38/48] START -> 3938170792498495004_65480930210_pov_when_someone_breaks_your_heart_but_you_re_30.mp4
2026-08-17 19:04:31 [INFO] ai_bulk_remix: [33/48] DONE  3930324158662289932_65480930210_alarm_then_vs_now_.mp4 (45.1s)
2026-08-17 19:04:31 [INFO] ai_bulk_remix: [39/48] START -> 3939005966815821327_65480930210_same_same_but_different_but_still_same_.mp4
2026-08-17 19:04:43 [INFO] ai_bulk_remix: [34/48] DONE  3933140818121044998_65480930210_that_one_person_.mp4 (37.5s)
2026-08-17 19:04:43 [INFO] ai_bulk_remix: [40/48] START -> 3941067915099540392_65480930210__.mp4
2026-08-17 19:04:46 [INFO] ai_bulk_remix: [36/48] DONE  3935311554696933521_65480930210_best_feeling_ever_.mp4 (34.2s)
2026-08-17 19:04:46 [INFO] ai_bulk_remix: [41/48] START -> 3942590336126344298_65480930210_how_to_avoid_an_argument_with_your_gf_.mp4
2026-08-17 19:04:50 [INFO] ai_bulk_remix: [32/48] DONE  3929607412791743582_65480930210_based_on_true_story_.mp4 (71.4s)
2026-08-17 19:04:50 [INFO] ai_bulk_remix: [42/48] START -> 3944025485405713266_65480930210_nights_then_vs_now_.mp4
2026-08-17 19:04:53 [INFO] ai_bulk_remix: [35/48] DONE  3933925886116702299_65480930210_tag_your_favourite_person_.mp4 (45.7s)
2026-08-17 19:04:53 [INFO] ai_bulk_remix: [43/48] START -> 3944853663607042028_65480930210_when_you_tattooed_her_name_but_.mp4
2026-08-17 19:05:05 [INFO] ai_bulk_remix: [37/48] DONE  3936787242251710359_65480930210_me_every_time_.mp4 (39.5s)
2026-08-17 19:05:05 [INFO] ai_bulk_remix: [44/48] START -> 3945415226983586098_65480930210_ronaldo_and_messi_fan_right_now_.mp4
2026-08-17 19:05:16 [INFO] ai_bulk_remix: [38/48] DONE  3938170792498495004_65480930210_pov_when_someone_breaks_your_heart_but_you_re_30.mp4 (40.6s)
2026-08-17 19:05:16 [INFO] ai_bulk_remix: [45/48] START -> 3946827930378171494_65480930210_She_believed_until_the_end_.mp4
2026-08-17 19:05:24 [INFO] ai_bulk_remix: [39/48] DONE  3939005966815821327_65480930210_same_same_but_different_but_still_same_.mp4 (45.3s)
2026-08-17 19:05:24 [INFO] ai_bulk_remix: [46/48] START -> 3948291013007653894_65480930210_pov_me_in_1754_if_you_know_you_know_.mp4
2026-08-17 19:05:29 [INFO] ai_bulk_remix: [41/48] DONE  3942590336126344298_65480930210_how_to_avoid_an_argument_with_your_gf_.mp4 (35.6s)
2026-08-17 19:05:29 [INFO] ai_bulk_remix: [47/48] START -> 3949768638506999472_65480930210_me_vs_my_family_.mp4
2026-08-17 19:05:34 [INFO] ai_bulk_remix: [40/48] DONE  3941067915099540392_65480930210__.mp4 (43.4s)
2026-08-17 19:05:34 [INFO] ai_bulk_remix: [48/48] START -> 3950464907953275314_65480930210_only_love_can_heart_like_this_.mp4
2026-08-17 19:05:35 [INFO] ai_bulk_remix: [43/48] DONE  3944853663607042028_65480930210_when_you_tattooed_her_name_but_.mp4 (37.7s)
2026-08-17 19:05:54 [INFO] ai_bulk_remix: [44/48] DONE  3945415226983586098_65480930210_ronaldo_and_messi_fan_right_now_.mp4 (37.7s)
2026-08-17 19:05:56 [INFO] ai_bulk_remix: [42/48] DONE  3944025485405713266_65480930210_nights_then_vs_now_.mp4 (62.0s)
2026-08-17 19:06:09 [INFO] ai_bulk_remix: [46/48] DONE  3948291013007653894_65480930210_pov_me_in_1754_if_you_know_you_know_.mp4 (37.6s)
2026-08-17 19:06:13 [INFO] ai_bulk_remix: [47/48] DONE  3949768638506999472_65480930210_me_vs_my_family_.mp4 (38.5s)
2026-08-17 19:06:15 [INFO] ai_bulk_remix: [48/48] DONE  3950464907953275314_65480930210_only_love_can_heart_like_this_.mp4 (37.2s)
2026-08-17 19:06:15 [INFO] ai_bulk_remix: [45/48] DONE  3946827930378171494_65480930210_She_believed_until_the_end_.mp4 (50.1s)
2026-08-17 19:06:15 [INFO] ai_bulk_remix: ==================================================
2026-08-17 19:06:15 [INFO] ai_bulk_remix: BATCH PROCESSING COMPLETED
2026-08-17 19:06:15 [INFO] ai_bulk_remix: Successful: 48
2026-08-17 19:06:15 [INFO] ai_bulk_remix: Failed: 0
2026-08-17 19:06:15 [INFO] ai_bulk_remix: Skipped: 0
2026-08-17 19:06:15 [INFO] ai_bulk_remix: Total time: 358.0s
2026-08-17 19:06:15 [INFO] ai_bulk_remix: ==================================================
2026-08-17 19:08:54 [INFO] ai_bulk_remix: Scanned C:/Users/h/Videos/feng.family88_feed_2026_06_04/aug: 59 video(s) found
2026-08-17 19:11:23 [INFO] ai_bulk_remix: ==================================================
2026-08-17 19:11:23 [INFO] ai_bulk_remix: BATCH PROCESSING STARTED
2026-08-17 19:11:23 [INFO] ai_bulk_remix: Total files: 59
2026-08-17 19:11:23 [INFO] ai_bulk_remix: Output directory: C:/Users/h/Videos/feng.family88_feed_2026_06_04/aug/edit
2026-08-17 19:11:23 [INFO] ai_bulk_remix: Workers: 6
2026-08-17 19:11:23 [INFO] ai_bulk_remix: Encoder: h264_nvenc
2026-08-17 19:11:23 [INFO] ai_bulk_remix: ==================================================
2026-08-17 19:11:23 [INFO] ai_bulk_remix: [1/59] START -> feng.family88_reel_05_09_2024_08_51_013450135529262313382.mp4
2026-08-17 19:11:23 [INFO] ai_bulk_remix: [2/59] START -> feng.family88_reel_05_09_2024_08_52_213450135980602902521.mp4
2026-08-17 19:11:23 [INFO] ai_bulk_remix: [3/59] START -> feng.family88_reel_05_09_2024_08_52_583450136521005558516.mp4
2026-08-17 19:11:23 [INFO] ai_bulk_remix: [4/59] START -> feng.family88_reel_06_08_2024_19_31_253428714709018835396.mp4
2026-08-17 19:11:23 [INFO] ai_bulk_remix: [5/59] START -> feng.family88_reel_06_08_2024_19_33_393428715643927703436.mp4
2026-08-17 19:11:23 [INFO] ai_bulk_remix: [6/59] START -> feng.family88_reel_06_08_2024_19_34_073428716064960231081.mp4
2026-08-17 19:11:29 [INFO] ai_bulk_remix: [1/59] DONE  feng.family88_reel_05_09_2024_08_51_013450135529262313382.mp4 (5.3s)
2026-08-17 19:11:29 [INFO] ai_bulk_remix: [7/59] START -> feng.family88_reel_06_09_2024_06_43_453450796379892964317.mp4
2026-08-17 19:11:30 [INFO] ai_bulk_remix: [3/59] DONE  feng.family88_reel_05_09_2024_08_52_583450136521005558516.mp4 (6.1s)
2026-08-17 19:11:30 [INFO] ai_bulk_remix: [8/59] START -> feng.family88_reel_06_09_2024_06_45_433450797419828843772.mp4
2026-08-17 19:11:31 [INFO] ai_bulk_remix: [2/59] DONE  feng.family88_reel_05_09_2024_08_52_213450135980602902521.mp4 (7.3s)
2026-08-17 19:11:31 [INFO] ai_bulk_remix: [9/59] START -> feng.family88_reel_06_09_2024_06_50_083450799098213053422.mp4
2026-08-17 19:11:32 [INFO] ai_bulk_remix: [4/59] DONE  feng.family88_reel_06_08_2024_19_31_253428714709018835396.mp4 (8.0s)
2026-08-17 19:11:32 [INFO] ai_bulk_remix: [10/59] START -> feng.family88_reel_06_09_2024_08_19_253450843226265794864.mp4
2026-08-17 19:11:33 [INFO] ai_bulk_remix: [6/59] DONE  feng.family88_reel_06_08_2024_19_34_073428716064960231081.mp4 (9.4s)
2026-08-17 19:11:33 [INFO] ai_bulk_remix: [11/59] START -> feng.family88_reel_07_08_2024_10_09_013429156274019316959.mp4
2026-08-17 19:11:33 [INFO] ai_bulk_remix: [5/59] DONE  feng.family88_reel_06_08_2024_19_33_393428715643927703436.mp4 (9.6s)
2026-08-17 19:11:33 [INFO] ai_bulk_remix: [12/59] START -> feng.family88_reel_07_08_2024_10_09_453429156760944535214.mp4
2026-08-17 19:11:40 [INFO] ai_bulk_remix: [10/59] DONE  feng.family88_reel_06_09_2024_08_19_253450843226265794864.mp4 (6.7s)
2026-08-17 19:11:40 [INFO] ai_bulk_remix: [13/59] START -> feng.family88_reel_07_08_2024_10_10_403429157323409053985.mp4
2026-08-17 19:11:43 [INFO] ai_bulk_remix: [8/59] DONE  feng.family88_reel_06_09_2024_06_45_433450797419828843772.mp4 (10.9s)
2026-08-17 19:11:43 [INFO] ai_bulk_remix: [14/59] START -> feng.family88_reel_07_08_2024_10_12_153429157667492865255.mp4
2026-08-17 19:11:44 [INFO] ai_bulk_remix: [12/59] DONE  feng.family88_reel_07_08_2024_10_09_453429156760944535214.mp4 (9.0s)
2026-08-17 19:11:44 [INFO] ai_bulk_remix: [15/59] START -> feng.family88_reel_07_08_2024_10_13_333429158653305314006.mp4
2026-08-17 19:11:45 [INFO] ai_bulk_remix: [9/59] DONE  feng.family88_reel_06_09_2024_06_50_083450799098213053422.mp4 (12.8s)
2026-08-17 19:11:45 [INFO] ai_bulk_remix: [16/59] START -> feng.family88_reel_07_08_2024_10_14_203429159034827765050.mp4
2026-08-17 19:11:45 [INFO] ai_bulk_remix: [11/59] DONE  feng.family88_reel_07_08_2024_10_09_013429156274019316959.mp4 (10.7s)
2026-08-17 19:11:45 [INFO] ai_bulk_remix: [17/59] START -> feng.family88_reel_07_09_2024_08_45_303451582052831548349.mp4
2026-08-17 19:11:47 [INFO] ai_bulk_remix: [7/59] DONE  feng.family88_reel_06_09_2024_06_43_453450796379892964317.mp4 (15.1s)
2026-08-17 19:11:47 [INFO] ai_bulk_remix: [18/59] START -> feng.family88_reel_07_09_2024_08_55_513451584864693986860.mp4
2026-08-17 19:11:55 [INFO] ai_bulk_remix: [17/59] DONE  feng.family88_reel_07_09_2024_08_45_303451582052831548349.mp4 (8.7s)
2026-08-17 19:11:55 [INFO] ai_bulk_remix: [19/59] START -> feng.family88_reel_07_09_2024_09_07_143451592459546677379.mp4
2026-08-17 19:11:57 [INFO] ai_bulk_remix: [16/59] DONE  feng.family88_reel_07_08_2024_10_14_203429159034827765050.mp4 (10.6s)
2026-08-17 19:11:57 [INFO] ai_bulk_remix: [20/59] START -> feng.family88_reel_07_09_2024_15_06_503451774405183066665.mp4
2026-08-17 19:11:58 [INFO] ai_bulk_remix: [15/59] DONE  feng.family88_reel_07_08_2024_10_13_333429158653305314006.mp4 (11.8s)
2026-08-17 19:11:58 [INFO] ai_bulk_remix: [21/59] START -> feng.family88_reel_07_09_2024_15_07_583451774644367478802.mp4
2026-08-17 19:11:58 [INFO] ai_bulk_remix: [13/59] DONE  feng.family88_reel_07_08_2024_10_10_403429157323409053985.mp4 (14.2s)
2026-08-17 19:11:58 [INFO] ai_bulk_remix: [22/59] START -> feng.family88_reel_07_09_2024_15_09_043451775315036826692.mp4
2026-08-17 19:12:00 [INFO] ai_bulk_remix: [14/59] DONE  feng.family88_reel_07_08_2024_10_12_153429157667492865255.mp4 (15.0s)
2026-08-17 19:12:00 [INFO] ai_bulk_remix: [23/59] START -> feng.family88_reel_07_09_2024_15_10_003451775833419091784.mp4
2026-08-17 19:12:10 [INFO] ai_bulk_remix: [19/59] DONE  feng.family88_reel_07_09_2024_09_07_143451592459546677379.mp4 (11.1s)
2026-08-17 19:12:10 [INFO] ai_bulk_remix: [24/59] START -> feng.family88_reel_07_09_2024_15_11_003451776423616572074.mp4
2026-08-17 19:12:15 [INFO] ai_bulk_remix: [20/59] DONE  feng.family88_reel_07_09_2024_15_06_503451774405183066665.mp4 (15.5s)
2026-08-17 19:12:15 [INFO] ai_bulk_remix: [25/59] START -> feng.family88_reel_07_09_2024_15_11_483451776906372565065.mp4
2026-08-17 19:12:15 [INFO] ai_bulk_remix: [18/59] DONE  feng.family88_reel_07_09_2024_08_55_513451584864693986860.mp4 (22.2s)
2026-08-17 19:12:15 [INFO] ai_bulk_remix: [26/59] START -> feng.family88_reel_08_08_2024_19_40_033430153127674320660.mp4
2026-08-17 19:12:15 [INFO] ai_bulk_remix: [22/59] DONE  feng.family88_reel_07_09_2024_15_09_043451775315036826692.mp4 (14.5s)
2026-08-17 19:12:15 [INFO] ai_bulk_remix: [27/59] START -> feng.family88_reel_08_08_2024_19_40_063430151071450326326.mp4
2026-08-17 19:12:15 [INFO] ai_bulk_remix: [21/59] DONE  feng.family88_reel_07_09_2024_15_07_583451774644367478802.mp4 (15.6s)
2026-08-17 19:12:15 [INFO] ai_bulk_remix: [28/59] START -> feng.family88_reel_08_09_2024_08_25_243452296409971894443.mp4
2026-08-17 19:12:25 [INFO] ai_bulk_remix: [24/59] DONE  feng.family88_reel_07_09_2024_15_11_003451776423616572074.mp4 (10.2s)
2026-08-17 19:12:25 [INFO] ai_bulk_remix: [29/59] START -> feng.family88_reel_08_09_2024_08_32_523452300835147163210.mp4
2026-08-17 19:12:27 [INFO] ai_bulk_remix: [23/59] DONE  feng.family88_reel_07_09_2024_15_10_003451775833419091784.mp4 (20.7s)
2026-08-17 19:12:27 [INFO] ai_bulk_remix: [30/59] START -> feng.family88_reel_08_09_2024_08_37_323452302895322133026.mp4
2026-08-17 19:12:28 [INFO] ai_bulk_remix: [25/59] DONE  feng.family88_reel_07_09_2024_15_11_483451776906372565065.mp4 (13.0s)
2026-08-17 19:12:28 [INFO] ai_bulk_remix: [31/59] START -> feng.family88_reel_09_08_2024_09_35_583430589279371881223.mp4
2026-08-17 19:12:29 [INFO] ai_bulk_remix: [26/59] DONE  feng.family88_reel_08_08_2024_19_40_033430153127674320660.mp4 (13.0s)
2026-08-17 19:12:29 [INFO] ai_bulk_remix: [32/59] START -> feng.family88_reel_09_08_2024_09_36_393430589749209485591.mp4
2026-08-17 19:12:31 [INFO] ai_bulk_remix: [27/59] DONE  feng.family88_reel_08_08_2024_19_40_063430151071450326326.mp4 (15.0s)
2026-08-17 19:12:31 [INFO] ai_bulk_remix: [33/59] START -> feng.family88_reel_09_08_2024_09_37_183430589988796367971.mp4
2026-08-17 19:12:33 [INFO] ai_bulk_remix: [28/59] DONE  feng.family88_reel_08_09_2024_08_25_243452296409971894443.mp4 (16.6s)
2026-08-17 19:12:33 [INFO] ai_bulk_remix: [34/59] START -> feng.family88_reel_09_08_2024_09_38_213430590400870129088.mp4
2026-08-17 19:12:38 [INFO] ai_bulk_remix: [32/59] DONE  feng.family88_reel_09_08_2024_09_36_393430589749209485591.mp4 (8.1s)
2026-08-17 19:12:38 [INFO] ai_bulk_remix: [35/59] START -> feng.family88_reel_09_08_2024_19_43_013430894843343681222.mp4
2026-08-17 19:12:40 [INFO] ai_bulk_remix: [30/59] DONE  feng.family88_reel_08_09_2024_08_37_323452302895322133026.mp4 (10.0s)
2026-08-17 19:12:40 [INFO] ai_bulk_remix: [36/59] START -> feng.family88_reel_09_08_2024_19_44_213430895559739282155.mp4
2026-08-17 19:12:43 [INFO] ai_bulk_remix: [29/59] DONE  feng.family88_reel_08_09_2024_08_32_523452300835147163210.mp4 (13.9s)
2026-08-17 19:12:43 [INFO] ai_bulk_remix: [37/59] START -> feng.family88_reel_09_09_2024_05_41_043452939226185383305.mp4
2026-08-17 19:12:56 [INFO] ai_bulk_remix: [35/59] DONE  feng.family88_reel_09_08_2024_19_43_013430894843343681222.mp4 (14.4s)
2026-08-17 19:12:56 [INFO] ai_bulk_remix: [38/59] START -> feng.family88_reel_09_09_2024_05_50_043452943247179700640.mp4
2026-08-17 19:12:57 [INFO] ai_bulk_remix: [31/59] DONE  feng.family88_reel_09_08_2024_09_35_583430589279371881223.mp4 (26.9s)
2026-08-17 19:12:57 [INFO] ai_bulk_remix: [39/59] START -> feng.family88_reel_09_09_2024_06_02_143452949820862038413.mp4
2026-08-17 19:12:58 [INFO] ai_bulk_remix: [34/59] DONE  feng.family88_reel_09_08_2024_09_38_213430590400870129088.mp4 (20.0s)
2026-08-17 19:12:58 [INFO] ai_bulk_remix: [40/59] START -> feng.family88_reel_09_09_2024_06_18_093452957872321783963.mp4
2026-08-17 19:12:59 [INFO] ai_bulk_remix: [33/59] DONE  feng.family88_reel_09_08_2024_09_37_183430589988796367971.mp4 (23.7s)
2026-08-17 19:12:59 [INFO] ai_bulk_remix: [41/59] START -> feng.family88_reel_10_08_2024_19_42_423431619289234949479.mp4
2026-08-17 19:12:59 [INFO] ai_bulk_remix: [36/59] DONE  feng.family88_reel_09_08_2024_19_44_213430895559739282155.mp4 (15.3s)
2026-08-17 19:12:59 [INFO] ai_bulk_remix: [42/59] START -> feng.family88_reel_10_08_2024_19_43_333431619851556943382.mp4
2026-08-17 19:12:59 [INFO] ai_bulk_remix: [37/59] DONE  feng.family88_reel_09_09_2024_05_41_043452939226185383305.mp4 (12.9s)
2026-08-17 19:12:59 [INFO] ai_bulk_remix: [43/59] START -> feng.family88_reel_10_08_2024_19_44_183431620279837285196.mp4
2026-08-17 19:13:07 [INFO] ai_bulk_remix: [40/59] DONE  feng.family88_reel_09_09_2024_06_18_093452957872321783963.mp4 (7.2s)
2026-08-17 19:13:07 [INFO] ai_bulk_remix: [44/59] START -> feng.family88_reel_10_08_2024_19_45_063431620723787545580.mp4
2026-08-17 19:13:13 [INFO] ai_bulk_remix: [42/59] DONE  feng.family88_reel_10_08_2024_19_43_333431619851556943382.mp4 (13.5s)
2026-08-17 19:13:13 [INFO] ai_bulk_remix: [45/59] START -> feng.family88_reel_10_08_2024_19_45_553431621114646397010.mp4
2026-08-17 19:13:15 [INFO] ai_bulk_remix: [39/59] DONE  feng.family88_reel_09_09_2024_06_02_143452949820862038413.mp4 (15.5s)
2026-08-17 19:13:15 [INFO] ai_bulk_remix: [46/59] START -> feng.family88_reel_10_08_2024_19_46_353431621471682182454.mp4
2026-08-17 19:13:21 [INFO] ai_bulk_remix: [41/59] DONE  feng.family88_reel_10_08_2024_19_42_423431619289234949479.mp4 (21.1s)
2026-08-17 19:13:21 [INFO] ai_bulk_remix: [47/59] START -> feng.family88_reel_10_09_2024_07_49_413453728682764088314.mp4
2026-08-17 19:13:27 [INFO] ai_bulk_remix: [43/59] DONE  feng.family88_reel_10_08_2024_19_44_183431620279837285196.mp4 (26.3s)
2026-08-17 19:13:27 [INFO] ai_bulk_remix: [48/59] START -> feng.family88_reel_10_09_2024_07_57_473453732596576675946.mp4
2026-08-17 19:13:34 [INFO] ai_bulk_remix: [44/59] DONE  feng.family88_reel_10_08_2024_19_45_063431620723787545580.mp4 (19.2s)
2026-08-17 19:13:34 [INFO] ai_bulk_remix: [49/59] START -> feng.family88_reel_10_09_2024_07_58_173453733027725905014.mp4
2026-08-17 19:13:34 [INFO] ai_bulk_remix: [45/59] DONE  feng.family88_reel_10_08_2024_19_45_553431621114646397010.mp4 (15.7s)
2026-08-17 19:13:34 [INFO] ai_bulk_remix: [50/59] START -> feng.family88_reel_10_09_2024_07_59_263453733610750845897.mp4
2026-08-17 19:13:36 [INFO] ai_bulk_remix: [46/59] DONE  feng.family88_reel_10_08_2024_19_46_353431621471682182454.mp4 (16.4s)
2026-08-17 19:13:36 [INFO] ai_bulk_remix: [51/59] START -> feng.family88_reel_10_09_2024_08_08_303453738014006602538.mp4
2026-08-17 19:13:38 [INFO] ai_bulk_remix: [47/59] DONE  feng.family88_reel_10_09_2024_07_49_413453728682764088314.mp4 (11.0s)
2026-08-17 19:13:38 [INFO] ai_bulk_remix: [52/59] START -> feng.family88_reel_11_08_2024_07_46_123431983217785771589.mp4
2026-08-17 19:13:48 [INFO] ai_bulk_remix: [50/59] DONE  feng.family88_reel_10_09_2024_07_59_263453733610750845897.mp4 (9.9s)
2026-08-17 19:13:48 [INFO] ai_bulk_remix: [53/59] START -> feng.family88_reel_11_09_2024_06_21_483454408518497665500.mp4
2026-08-17 19:13:48 [INFO] ai_bulk_remix: [49/59] DONE  feng.family88_reel_10_09_2024_07_58_173453733027725905014.mp4 (10.2s)
2026-08-17 19:13:48 [INFO] ai_bulk_remix: [54/59] START -> feng.family88_reel_11_09_2024_06_23_183454409809395270145.mp4
2026-08-17 19:13:53 [INFO] ai_bulk_remix: [52/59] DONE  feng.family88_reel_11_08_2024_07_46_123431983217785771589.mp4 (12.6s)
2026-08-17 19:13:53 [INFO] ai_bulk_remix: [55/59] START -> feng.family88_reel_12_07_2024_07_23_373410228795930416555.mp4
2026-08-17 19:13:54 [INFO] ai_bulk_remix: [48/59] DONE  feng.family88_reel_10_09_2024_07_57_473453732596576675946.mp4 (21.1s)
2026-08-17 19:13:54 [INFO] ai_bulk_remix: [56/59] START -> feng.family88_reel_12_07_2024_07_26_443410230412524230180.mp4
2026-08-17 19:14:00 [INFO] ai_bulk_remix: [38/59] DONE  feng.family88_reel_09_09_2024_05_50_043452943247179700640.mp4 (60.7s)
2026-08-17 19:14:00 [INFO] ai_bulk_remix: [57/59] START -> feng.family88_reel_12_07_2024_07_28_493410231349431006842.mp4
2026-08-17 19:14:17 [INFO] ai_bulk_remix: [53/59] DONE  feng.family88_reel_11_09_2024_06_21_483454408518497665500.mp4 (22.7s)
2026-08-17 19:14:17 [INFO] ai_bulk_remix: [58/59] START -> feng.family88_reel_12_07_2024_07_29_473410231714067175377.mp4
2026-08-17 19:14:25 [INFO] ai_bulk_remix: [54/59] DONE  feng.family88_reel_11_09_2024_06_23_183454409809395270145.mp4 (30.6s)
2026-08-17 19:14:25 [INFO] ai_bulk_remix: [59/59] START -> feng.family88_reel_12_07_2024_07_30_543410232546108100065.mp4
2026-08-17 19:15:07 [INFO] ai_bulk_remix: [55/59] DONE  feng.family88_reel_12_07_2024_07_23_373410228795930416555.mp4 (70.3s)
2026-08-17 19:15:13 [INFO] ai_bulk_remix: [51/59] DONE  feng.family88_reel_10_09_2024_08_08_303453738014006602538.mp4 (93.6s)
2026-08-17 19:15:15 [INFO] ai_bulk_remix: [59/59] DONE  feng.family88_reel_12_07_2024_07_30_543410232546108100065.mp4 (44.2s)
2026-08-17 19:15:19 [INFO] ai_bulk_remix: [56/59] DONE  feng.family88_reel_12_07_2024_07_26_443410230412524230180.mp4 (81.9s)
2026-08-17 19:15:23 [INFO] ai_bulk_remix: [58/59] DONE  feng.family88_reel_12_07_2024_07_29_473410231714067175377.mp4 (59.7s)
2026-08-17 19:15:32 [INFO] ai_bulk_remix: [57/59] DONE  feng.family88_reel_12_07_2024_07_28_493410231349431006842.mp4 (88.8s)
2026-08-17 19:15:32 [INFO] ai_bulk_remix: ==================================================
2026-08-17 19:15:32 [INFO] ai_bulk_remix: BATCH PROCESSING COMPLETED
2026-08-17 19:15:32 [INFO] ai_bulk_remix: Successful: 59
2026-08-17 19:15:32 [INFO] ai_bulk_remix: Failed: 0
2026-08-17 19:15:32 [INFO] ai_bulk_remix: Skipped: 0
2026-08-17 19:15:32 [INFO] ai_bulk_remix: Total time: 249.3s
2026-08-17 19:15:32 [INFO] ai_bulk_remix: ==================================================
2026-08-17 19:20:33 [INFO] ai_bulk_remix: ==================================================
2026-08-17 19:20:33 [INFO] ai_bulk_remix: BATCH PROCESSING STARTED
2026-08-17 19:20:33 [INFO] ai_bulk_remix: Total files: 59
2026-08-17 19:20:33 [INFO] ai_bulk_remix: Output directory: C:/Users/h/Videos/feng.family88_feed_2026_06_04/aug/edit
2026-08-17 19:20:33 [INFO] ai_bulk_remix: Workers: 6
2026-08-17 19:20:33 [INFO] ai_bulk_remix: Encoder: h264_nvenc
2026-08-17 19:20:33 [INFO] ai_bulk_remix: ==================================================
2026-08-17 19:20:33 [INFO] ai_bulk_remix: [1/59] START -> feng.family88_reel_05_09_2024_08_51_013450135529262313382.mp4
2026-08-17 19:20:33 [INFO] ai_bulk_remix: [2/59] START -> feng.family88_reel_05_09_2024_08_52_213450135980602902521.mp4
2026-08-17 19:20:33 [INFO] ai_bulk_remix: [3/59] START -> feng.family88_reel_05_09_2024_08_52_583450136521005558516.mp4
2026-08-17 19:20:33 [INFO] ai_bulk_remix: [4/59] START -> feng.family88_reel_06_08_2024_19_31_253428714709018835396.mp4
2026-08-17 19:20:33 [INFO] ai_bulk_remix: [5/59] START -> feng.family88_reel_06_08_2024_19_33_393428715643927703436.mp4
2026-08-17 19:20:33 [INFO] ai_bulk_remix: [6/59] START -> feng.family88_reel_06_08_2024_19_34_073428716064960231081.mp4
2026-08-17 19:20:38 [INFO] ai_bulk_remix: [1/59] DONE  feng.family88_reel_05_09_2024_08_51_013450135529262313382.mp4 (5.0s)
2026-08-17 19:20:38 [INFO] ai_bulk_remix: [7/59] START -> feng.family88_reel_06_09_2024_06_43_453450796379892964317.mp4
2026-08-17 19:20:40 [INFO] ai_bulk_remix: [3/59] DONE  feng.family88_reel_05_09_2024_08_52_583450136521005558516.mp4 (6.9s)
2026-08-17 19:20:40 [INFO] ai_bulk_remix: [8/59] START -> feng.family88_reel_06_09_2024_06_45_433450797419828843772.mp4
2026-08-17 19:20:41 [INFO] ai_bulk_remix: [2/59] DONE  feng.family88_reel_05_09_2024_08_52_213450135980602902521.mp4 (7.5s)
2026-08-17 19:20:41 [INFO] ai_bulk_remix: [9/59] START -> feng.family88_reel_06_09_2024_06_50_083450799098213053422.mp4
2026-08-17 19:20:42 [INFO] ai_bulk_remix: [4/59] DONE  feng.family88_reel_06_08_2024_19_31_253428714709018835396.mp4 (8.6s)
2026-08-17 19:20:42 [INFO] ai_bulk_remix: [10/59] START -> feng.family88_reel_06_09_2024_08_19_253450843226265794864.mp4
2026-08-17 19:20:44 [INFO] ai_bulk_remix: [6/59] DONE  feng.family88_reel_06_08_2024_19_34_073428716064960231081.mp4 (11.0s)
2026-08-17 19:20:44 [INFO] ai_bulk_remix: [11/59] START -> feng.family88_reel_07_08_2024_10_09_013429156274019316959.mp4
2026-08-17 19:20:45 [INFO] ai_bulk_remix: [5/59] DONE  feng.family88_reel_06_08_2024_19_33_393428715643927703436.mp4 (11.3s)
2026-08-17 19:20:45 [INFO] ai_bulk_remix: [12/59] START -> feng.family88_reel_07_08_2024_10_09_453429156760944535214.mp4
2026-08-17 19:20:53 [INFO] ai_bulk_remix: [10/59] DONE  feng.family88_reel_06_09_2024_08_19_253450843226265794864.mp4 (8.8s)
2026-08-17 19:20:53 [INFO] ai_bulk_remix: [13/59] START -> feng.family88_reel_07_08_2024_10_10_403429157323409053985.mp4
2026-08-17 19:20:55 [INFO] ai_bulk_remix: [8/59] DONE  feng.family88_reel_06_09_2024_06_45_433450797419828843772.mp4 (12.6s)
2026-08-17 19:20:55 [INFO] ai_bulk_remix: [14/59] START -> feng.family88_reel_07_08_2024_10_12_153429157667492865255.mp4
2026-08-17 19:20:57 [INFO] ai_bulk_remix: [12/59] DONE  feng.family88_reel_07_08_2024_10_09_453429156760944535214.mp4 (10.5s)
2026-08-17 19:20:57 [INFO] ai_bulk_remix: [15/59] START -> feng.family88_reel_07_08_2024_10_13_333429158653305314006.mp4
2026-08-17 19:20:58 [INFO] ai_bulk_remix: [9/59] DONE  feng.family88_reel_06_09_2024_06_50_083450799098213053422.mp4 (15.4s)
2026-08-17 19:20:58 [INFO] ai_bulk_remix: [16/59] START -> feng.family88_reel_07_08_2024_10_14_203429159034827765050.mp4
2026-08-17 19:20:58 [INFO] ai_bulk_remix: [11/59] DONE  feng.family88_reel_07_08_2024_10_09_013429156274019316959.mp4 (11.7s)
2026-08-17 19:20:58 [INFO] ai_bulk_remix: [17/59] START -> feng.family88_reel_07_09_2024_08_45_303451582052831548349.mp4
2026-08-17 19:20:58 [INFO] ai_bulk_remix: [7/59] DONE  feng.family88_reel_06_09_2024_06_43_453450796379892964317.mp4 (16.1s)
2026-08-17 19:20:58 [INFO] ai_bulk_remix: [18/59] START -> feng.family88_reel_07_09_2024_08_55_513451584864693986860.mp4
2026-08-17 19:21:10 [INFO] ai_bulk_remix: [17/59] DONE  feng.family88_reel_07_09_2024_08_45_303451582052831548349.mp4 (11.0s)
2026-08-17 19:21:10 [INFO] ai_bulk_remix: [19/59] START -> feng.family88_reel_07_09_2024_09_07_143451592459546677379.mp4
2026-08-17 19:21:10 [INFO] ai_bulk_remix: [15/59] DONE  feng.family88_reel_07_08_2024_10_13_333429158653305314006.mp4 (12.3s)
2026-08-17 19:21:10 [INFO] ai_bulk_remix: [20/59] START -> feng.family88_reel_07_09_2024_15_06_503451774405183066665.mp4
2026-08-17 19:21:11 [INFO] ai_bulk_remix: [16/59] DONE  feng.family88_reel_07_08_2024_10_14_203429159034827765050.mp4 (12.8s)
2026-08-17 19:21:11 [INFO] ai_bulk_remix: [21/59] START -> feng.family88_reel_07_09_2024_15_07_583451774644367478802.mp4
2026-08-17 19:21:14 [INFO] ai_bulk_remix: [13/59] DONE  feng.family88_reel_07_08_2024_10_10_403429157323409053985.mp4 (17.0s)
2026-08-17 19:21:14 [INFO] ai_bulk_remix: [22/59] START -> feng.family88_reel_07_09_2024_15_09_043451775315036826692.mp4
2026-08-17 19:21:15 [INFO] ai_bulk_remix: [14/59] DONE  feng.family88_reel_07_08_2024_10_12_153429157667492865255.mp4 (16.9s)
2026-08-17 19:21:15 [INFO] ai_bulk_remix: [23/59] START -> feng.family88_reel_07_09_2024_15_10_003451775833419091784.mp4
2026-08-17 19:21:23 [INFO] ai_bulk_remix: [18/59] DONE  feng.family88_reel_07_09_2024_08_55_513451584864693986860.mp4 (23.4s)
2026-08-17 19:21:23 [INFO] ai_bulk_remix: [24/59] START -> feng.family88_reel_07_09_2024_15_11_003451776423616572074.mp4
2026-08-17 19:21:25 [INFO] ai_bulk_remix: [19/59] DONE  feng.family88_reel_07_09_2024_09_07_143451592459546677379.mp4 (12.2s)
2026-08-17 19:21:25 [INFO] ai_bulk_remix: [25/59] START -> feng.family88_reel_07_09_2024_15_11_483451776906372565065.mp4
2026-08-17 19:21:30 [INFO] ai_bulk_remix: [22/59] DONE  feng.family88_reel_07_09_2024_15_09_043451775315036826692.mp4 (13.7s)
2026-08-17 19:21:30 [INFO] ai_bulk_remix: [26/59] START -> feng.family88_reel_08_08_2024_19_40_033430153127674320660.mp4
2026-08-17 19:21:30 [INFO] ai_bulk_remix: [20/59] DONE  feng.family88_reel_07_09_2024_15_06_503451774405183066665.mp4 (16.5s)
2026-08-17 19:21:30 [INFO] ai_bulk_remix: [27/59] START -> feng.family88_reel_08_08_2024_19_40_063430151071450326326.mp4
2026-08-17 19:21:32 [INFO] ai_bulk_remix: [21/59] DONE  feng.family88_reel_07_09_2024_15_07_583451774644367478802.mp4 (17.7s)
2026-08-17 19:21:32 [INFO] ai_bulk_remix: [28/59] START -> feng.family88_reel_08_09_2024_08_25_243452296409971894443.mp4
2026-08-17 19:21:37 [INFO] ai_bulk_remix: [24/59] DONE  feng.family88_reel_07_09_2024_15_11_003451776423616572074.mp4 (9.7s)
2026-08-17 19:21:37 [INFO] ai_bulk_remix: [29/59] START -> feng.family88_reel_08_09_2024_08_32_523452300835147163210.mp4
2026-08-17 19:21:38 [INFO] ai_bulk_remix: [23/59] DONE  feng.family88_reel_07_09_2024_15_10_003451775833419091784.mp4 (20.1s)
2026-08-17 19:21:38 [INFO] ai_bulk_remix: [30/59] START -> feng.family88_reel_08_09_2024_08_37_323452302895322133026.mp4
2026-08-17 19:21:41 [INFO] ai_bulk_remix: [25/59] DONE  feng.family88_reel_07_09_2024_15_11_483451776906372565065.mp4 (12.1s)
2026-08-17 19:21:41 [INFO] ai_bulk_remix: [31/59] START -> feng.family88_reel_09_08_2024_09_35_583430589279371881223.mp4
2026-08-17 19:21:45 [INFO] ai_bulk_remix: [26/59] DONE  feng.family88_reel_08_08_2024_19_40_033430153127674320660.mp4 (11.8s)
2026-08-17 19:21:45 [INFO] ai_bulk_remix: [32/59] START -> feng.family88_reel_09_08_2024_09_36_393430589749209485591.mp4
2026-08-17 19:21:47 [INFO] ai_bulk_remix: [27/59] DONE  feng.family88_reel_08_08_2024_19_40_063430151071450326326.mp4 (14.2s)
2026-08-17 19:21:47 [INFO] ai_bulk_remix: [33/59] START -> feng.family88_reel_09_08_2024_09_37_183430589988796367971.mp4
2026-08-17 19:21:53 [INFO] ai_bulk_remix: [28/59] DONE  feng.family88_reel_08_09_2024_08_25_243452296409971894443.mp4 (18.8s)
2026-08-17 19:21:53 [INFO] ai_bulk_remix: [34/59] START -> feng.family88_reel_09_08_2024_09_38_213430590400870129088.mp4
2026-08-17 19:21:55 [INFO] ai_bulk_remix: [30/59] DONE  feng.family88_reel_08_09_2024_08_37_323452302895322133026.mp4 (13.0s)
2026-08-17 19:21:55 [INFO] ai_bulk_remix: [35/59] START -> feng.family88_reel_09_08_2024_19_43_013430894843343681222.mp4
2026-08-17 19:21:59 [INFO] ai_bulk_remix: [32/59] DONE  feng.family88_reel_09_08_2024_09_36_393430589749209485591.mp4 (10.7s)
2026-08-17 19:21:59 [INFO] ai_bulk_remix: [36/59] START -> feng.family88_reel_09_08_2024_19_44_213430895559739282155.mp4
2026-08-17 19:22:00 [INFO] ai_bulk_remix: [29/59] DONE  feng.family88_reel_08_09_2024_08_32_523452300835147163210.mp4 (19.2s)
2026-08-17 19:22:00 [INFO] ai_bulk_remix: [37/59] START -> feng.family88_reel_09_09_2024_05_41_043452939226185383305.mp4
2026-08-17 19:22:16 [INFO] ai_bulk_remix: [35/59] DONE  feng.family88_reel_09_08_2024_19_43_013430894843343681222.mp4 (17.0s)
2026-08-17 19:22:16 [INFO] ai_bulk_remix: [38/59] START -> feng.family88_reel_09_09_2024_05_50_043452943247179700640.mp4
2026-08-17 19:22:17 [INFO] ai_bulk_remix: [37/59] DONE  feng.family88_reel_09_09_2024_05_41_043452939226185383305.mp4 (13.4s)
2026-08-17 19:22:17 [INFO] ai_bulk_remix: [39/59] START -> feng.family88_reel_09_09_2024_06_02_143452949820862038413.mp4
2026-08-17 19:22:17 [INFO] ai_bulk_remix: [33/59] DONE  feng.family88_reel_09_08_2024_09_37_183430589988796367971.mp4 (26.7s)
2026-08-17 19:22:17 [INFO] ai_bulk_remix: [40/59] START -> feng.family88_reel_09_09_2024_06_18_093452957872321783963.mp4
2026-08-17 19:22:18 [INFO] ai_bulk_remix: [31/59] DONE  feng.family88_reel_09_08_2024_09_35_583430589279371881223.mp4 (33.7s)
2026-08-17 19:22:18 [INFO] ai_bulk_remix: [41/59] START -> feng.family88_reel_10_08_2024_19_42_423431619289234949479.mp4
2026-08-17 19:22:19 [INFO] ai_bulk_remix: [36/59] DONE  feng.family88_reel_09_08_2024_19_44_213430895559739282155.mp4 (16.4s)
2026-08-17 19:22:19 [INFO] ai_bulk_remix: [42/59] START -> feng.family88_reel_10_08_2024_19_43_333431619851556943382.mp4
2026-08-17 19:22:19 [INFO] ai_bulk_remix: [34/59] DONE  feng.family88_reel_09_08_2024_09_38_213430590400870129088.mp4 (22.7s)
2026-08-17 19:22:19 [INFO] ai_bulk_remix: [43/59] START -> feng.family88_reel_10_08_2024_19_44_183431620279837285196.mp4
2026-08-17 19:22:27 [INFO] ai_bulk_remix: [40/59] DONE  feng.family88_reel_09_09_2024_06_18_093452957872321783963.mp4 (8.4s)
2026-08-17 19:22:27 [INFO] ai_bulk_remix: [44/59] START -> feng.family88_reel_10_08_2024_19_45_063431620723787545580.mp4
2026-08-17 19:22:31 [INFO] ai_bulk_remix: [42/59] DONE  feng.family88_reel_10_08_2024_19_43_333431619851556943382.mp4 (11.6s)
2026-08-17 19:22:31 [INFO] ai_bulk_remix: [45/59] START -> feng.family88_reel_10_08_2024_19_45_553431621114646397010.mp4
2026-08-17 19:22:37 [INFO] ai_bulk_remix: [39/59] DONE  feng.family88_reel_09_09_2024_06_02_143452949820862038413.mp4 (17.8s)
2026-08-17 19:22:37 [INFO] ai_bulk_remix: [46/59] START -> feng.family88_reel_10_08_2024_19_46_353431621471682182454.mp4
2026-08-17 19:22:48 [INFO] ai_bulk_remix: [41/59] DONE  feng.family88_reel_10_08_2024_19_42_423431619289234949479.mp4 (28.9s)
2026-08-17 19:22:48 [INFO] ai_bulk_remix: [47/59] START -> feng.family88_reel_10_09_2024_07_49_413453728682764088314.mp4
2026-08-17 19:22:50 [INFO] ai_bulk_remix: [43/59] DONE  feng.family88_reel_10_08_2024_19_44_183431620279837285196.mp4 (28.3s)
2026-08-17 19:22:50 [INFO] ai_bulk_remix: [48/59] START -> feng.family88_reel_10_09_2024_07_57_473453732596576675946.mp4
2026-08-17 19:22:53 [INFO] ai_bulk_remix: [45/59] DONE  feng.family88_reel_10_08_2024_19_45_553431621114646397010.mp4 (17.7s)
2026-08-17 19:22:53 [INFO] ai_bulk_remix: [49/59] START -> feng.family88_reel_10_09_2024_07_58_173453733027725905014.mp4
2026-08-17 19:22:56 [INFO] ai_bulk_remix: [44/59] DONE  feng.family88_reel_10_08_2024_19_45_063431620723787545580.mp4 (23.4s)
2026-08-17 19:22:56 [INFO] ai_bulk_remix: [50/59] START -> feng.family88_reel_10_09_2024_07_59_263453733610750845897.mp4
2026-08-17 19:23:00 [INFO] ai_bulk_remix: [46/59] DONE  feng.family88_reel_10_08_2024_19_46_353431621471682182454.mp4 (19.6s)
2026-08-17 19:23:00 [INFO] ai_bulk_remix: [51/59] START -> feng.family88_reel_10_09_2024_08_08_303453738014006602538.mp4
2026-08-17 19:23:06 [INFO] ai_bulk_remix: [47/59] DONE  feng.family88_reel_10_09_2024_07_49_413453728682764088314.mp4 (11.9s)
2026-08-17 19:23:06 [INFO] ai_bulk_remix: [52/59] START -> feng.family88_reel_11_08_2024_07_46_123431983217785771589.mp4
2026-08-17 19:23:10 [INFO] ai_bulk_remix: [49/59] DONE  feng.family88_reel_10_09_2024_07_58_173453733027725905014.mp4 (12.4s)
2026-08-17 19:23:10 [INFO] ai_bulk_remix: [53/59] START -> feng.family88_reel_11_09_2024_06_21_483454408518497665500.mp4
2026-08-17 19:23:11 [INFO] ai_bulk_remix: [50/59] DONE  feng.family88_reel_10_09_2024_07_59_263453733610750845897.mp4 (11.6s)
2026-08-17 19:23:11 [INFO] ai_bulk_remix: [54/59] START -> feng.family88_reel_11_09_2024_06_23_183454409809395270145.mp4
2026-08-17 19:23:17 [INFO] ai_bulk_remix: [48/59] DONE  feng.family88_reel_10_09_2024_07_57_473453732596576675946.mp4 (22.1s)
2026-08-17 19:23:17 [INFO] ai_bulk_remix: [55/59] START -> feng.family88_reel_12_07_2024_07_23_373410228795930416555.mp4
2026-08-17 19:23:22 [INFO] ai_bulk_remix: [52/59] DONE  feng.family88_reel_11_08_2024_07_46_123431983217785771589.mp4 (11.6s)
2026-08-17 19:23:22 [INFO] ai_bulk_remix: [56/59] START -> feng.family88_reel_12_07_2024_07_26_443410230412524230180.mp4
2026-08-17 19:23:24 [INFO] ai_bulk_remix: [38/59] DONE  feng.family88_reel_09_09_2024_05_50_043452943247179700640.mp4 (65.0s)
2026-08-17 19:23:24 [INFO] ai_bulk_remix: [57/59] START -> feng.family88_reel_12_07_2024_07_28_493410231349431006842.mp4
2026-08-17 19:23:41 [INFO] ai_bulk_remix: [53/59] DONE  feng.family88_reel_11_09_2024_06_21_483454408518497665500.mp4 (26.1s)
2026-08-17 19:23:41 [INFO] ai_bulk_remix: [58/59] START -> feng.family88_reel_12_07_2024_07_29_473410231714067175377.mp4
2026-08-17 19:23:53 [INFO] ai_bulk_remix: [54/59] DONE  feng.family88_reel_11_09_2024_06_23_183454409809395270145.mp4 (34.9s)
2026-08-17 19:23:53 [INFO] ai_bulk_remix: [59/59] START -> feng.family88_reel_12_07_2024_07_30_543410232546108100065.mp4
2026-08-17 19:24:30 [INFO] ai_bulk_remix: [51/59] DONE  feng.family88_reel_10_09_2024_08_08_303453738014006602538.mp4 (83.5s)
2026-08-17 19:24:31 [INFO] ai_bulk_remix: [55/59] DONE  feng.family88_reel_12_07_2024_07_23_373410228795930416555.mp4 (68.7s)
2026-08-17 19:24:48 [INFO] ai_bulk_remix: [56/59] DONE  feng.family88_reel_12_07_2024_07_26_443410230412524230180.mp4 (82.1s)
2026-08-17 19:24:52 [INFO] ai_bulk_remix: [58/59] DONE  feng.family88_reel_12_07_2024_07_29_473410231714067175377.mp4 (62.2s)
2026-08-17 19:25:01 [INFO] ai_bulk_remix: [59/59] DONE  feng.family88_reel_12_07_2024_07_30_543410232546108100065.mp4 (59.2s)
2026-08-17 19:25:06 [INFO] ai_bulk_remix: [57/59] DONE  feng.family88_reel_12_07_2024_07_28_493410231349431006842.mp4 (97.5s)
2026-08-17 19:25:06 [INFO] ai_bulk_remix: ==================================================
2026-08-17 19:25:06 [INFO] ai_bulk_remix: BATCH PROCESSING COMPLETED
2026-08-17 19:25:06 [INFO] ai_bulk_remix: Successful: 59
2026-08-17 19:25:06 [INFO] ai_bulk_remix: Failed: 0
2026-08-17 19:25:06 [INFO] ai_bulk_remix: Skipped: 0
2026-08-17 19:25:06 [INFO] ai_bulk_remix: Total time: 273.1s
2026-08-17 19:25:06 [INFO] ai_bulk_remix: ==================================================
2026-08-17 19:25:56 [INFO] ai_bulk_remix: ==================================================
2026-08-17 19:25:56 [INFO] ai_bulk_remix: BATCH PROCESSING STARTED
2026-08-17 19:25:56 [INFO] ai_bulk_remix: Total files: 59
2026-08-17 19:25:56 [INFO] ai_bulk_remix: Output directory: C:/Users/h/Videos/feng.family88_feed_2026_06_04/aug/edit
2026-08-17 19:25:56 [INFO] ai_bulk_remix: Workers: 6
2026-08-17 19:25:56 [INFO] ai_bulk_remix: Encoder: h264_nvenc
2026-08-17 19:25:56 [INFO] ai_bulk_remix: ==================================================
2026-08-17 19:25:56 [INFO] ai_bulk_remix: [1/59] START -> feng.family88_reel_05_09_2024_08_51_013450135529262313382.mp4
2026-08-17 19:25:56 [INFO] ai_bulk_remix: [2/59] START -> feng.family88_reel_05_09_2024_08_52_213450135980602902521.mp4
2026-08-17 19:25:56 [INFO] ai_bulk_remix: [3/59] START -> feng.family88_reel_05_09_2024_08_52_583450136521005558516.mp4
2026-08-17 19:25:56 [INFO] ai_bulk_remix: [4/59] START -> feng.family88_reel_06_08_2024_19_31_253428714709018835396.mp4
2026-08-17 19:25:56 [INFO] ai_bulk_remix: [5/59] START -> feng.family88_reel_06_08_2024_19_33_393428715643927703436.mp4
2026-08-17 19:25:56 [INFO] ai_bulk_remix: [6/59] START -> feng.family88_reel_06_08_2024_19_34_073428716064960231081.mp4
2026-08-17 19:25:59 [INFO] ai_bulk_remix: [1/59] DONE  feng.family88_reel_05_09_2024_08_51_013450135529262313382.mp4 (2.9s)
2026-08-17 19:25:59 [INFO] ai_bulk_remix: [7/59] START -> feng.family88_reel_06_09_2024_06_43_453450796379892964317.mp4
2026-08-17 19:26:00 [INFO] ai_bulk_remix: [3/59] DONE  feng.family88_reel_05_09_2024_08_52_583450136521005558516.mp4 (4.1s)
2026-08-17 19:26:00 [INFO] ai_bulk_remix: [8/59] START -> feng.family88_reel_06_09_2024_06_45_433450797419828843772.mp4
2026-08-17 19:26:01 [INFO] ai_bulk_remix: [4/59] DONE  feng.family88_reel_06_08_2024_19_31_253428714709018835396.mp4 (5.1s)
2026-08-17 19:26:01 [INFO] ai_bulk_remix: [9/59] START -> feng.family88_reel_06_09_2024_06_50_083450799098213053422.mp4
2026-08-17 19:26:01 [INFO] ai_bulk_remix: [2/59] DONE  feng.family88_reel_05_09_2024_08_52_213450135980602902521.mp4 (5.1s)
2026-08-17 19:26:01 [INFO] ai_bulk_remix: [10/59] START -> feng.family88_reel_06_09_2024_08_19_253450843226265794864.mp4
2026-08-17 19:26:02 [INFO] ai_bulk_remix: [6/59] DONE  feng.family88_reel_06_08_2024_19_34_073428716064960231081.mp4 (5.7s)
2026-08-17 19:26:02 [INFO] ai_bulk_remix: [11/59] START -> feng.family88_reel_07_08_2024_10_09_013429156274019316959.mp4
2026-08-17 19:26:02 [INFO] ai_bulk_remix: [5/59] DONE  feng.family88_reel_06_08_2024_19_33_393428715643927703436.mp4 (5.7s)
2026-08-17 19:26:02 [INFO] ai_bulk_remix: [12/59] START -> feng.family88_reel_07_08_2024_10_09_453429156760944535214.mp4
2026-08-17 19:26:06 [INFO] ai_bulk_remix: [10/59] DONE  feng.family88_reel_06_09_2024_08_19_253450843226265794864.mp4 (4.3s)
2026-08-17 19:26:06 [INFO] ai_bulk_remix: [13/59] START -> feng.family88_reel_07_08_2024_10_10_403429157323409053985.mp4
2026-08-17 19:26:09 [INFO] ai_bulk_remix: [9/59] DONE  feng.family88_reel_06_09_2024_06_50_083450799098213053422.mp4 (7.1s)
2026-08-17 19:26:09 [INFO] ai_bulk_remix: [14/59] START -> feng.family88_reel_07_08_2024_10_12_153429157667492865255.mp4
2026-08-17 19:26:09 [INFO] ai_bulk_remix: [8/59] DONE  feng.family88_reel_06_09_2024_06_45_433450797419828843772.mp4 (7.3s)
2026-08-17 19:26:09 [INFO] ai_bulk_remix: [15/59] START -> feng.family88_reel_07_08_2024_10_13_333429158653305314006.mp4
2026-08-17 19:26:10 [INFO] ai_bulk_remix: [12/59] DONE  feng.family88_reel_07_08_2024_10_09_453429156760944535214.mp4 (7.2s)
2026-08-17 19:26:10 [INFO] ai_bulk_remix: [16/59] START -> feng.family88_reel_07_08_2024_10_14_203429159034827765050.mp4
2026-08-17 19:26:10 [INFO] ai_bulk_remix: [7/59] DONE  feng.family88_reel_06_09_2024_06_43_453450796379892964317.mp4 (8.6s)
2026-08-17 19:26:10 [INFO] ai_bulk_remix: [17/59] START -> feng.family88_reel_07_09_2024_08_45_303451582052831548349.mp4
2026-08-17 19:26:12 [INFO] ai_bulk_remix: [11/59] DONE  feng.family88_reel_07_08_2024_10_09_013429156274019316959.mp4 (9.0s)
2026-08-17 19:26:12 [INFO] ai_bulk_remix: [18/59] START -> feng.family88_reel_07_09_2024_08_55_513451584864693986860.mp4
2026-08-17 19:26:17 [INFO] ai_bulk_remix: [17/59] DONE  feng.family88_reel_07_09_2024_08_45_303451582052831548349.mp4 (6.5s)
2026-08-17 19:26:17 [INFO] ai_bulk_remix: [19/59] START -> feng.family88_reel_07_09_2024_09_07_143451592459546677379.mp4
2026-08-17 19:26:18 [INFO] ai_bulk_remix: [15/59] DONE  feng.family88_reel_07_08_2024_10_13_333429158653305314006.mp4 (7.8s)
2026-08-17 19:26:18 [INFO] ai_bulk_remix: [20/59] START -> feng.family88_reel_07_09_2024_15_06_503451774405183066665.mp4
2026-08-17 19:26:18 [INFO] ai_bulk_remix: [16/59] DONE  feng.family88_reel_07_08_2024_10_14_203429159034827765050.mp4 (7.7s)
2026-08-17 19:26:18 [INFO] ai_bulk_remix: [21/59] START -> feng.family88_reel_07_09_2024_15_07_583451774644367478802.mp4
2026-08-17 19:26:19 [INFO] ai_bulk_remix: [13/59] DONE  feng.family88_reel_07_08_2024_10_10_403429157323409053985.mp4 (9.6s)
2026-08-17 19:26:19 [INFO] ai_bulk_remix: [22/59] START -> feng.family88_reel_07_09_2024_15_09_043451775315036826692.mp4
2026-08-17 19:26:19 [INFO] ai_bulk_remix: [14/59] DONE  feng.family88_reel_07_08_2024_10_12_153429157667492865255.mp4 (9.0s)
2026-08-17 19:26:19 [INFO] ai_bulk_remix: [23/59] START -> feng.family88_reel_07_09_2024_15_10_003451775833419091784.mp4
2026-08-17 19:26:24 [INFO] ai_bulk_remix: [19/59] DONE  feng.family88_reel_07_09_2024_09_07_143451592459546677379.mp4 (5.4s)
2026-08-17 19:26:24 [INFO] ai_bulk_remix: [24/59] START -> feng.family88_reel_07_09_2024_15_11_003451776423616572074.mp4
2026-08-17 19:26:29 [INFO] ai_bulk_remix: [21/59] DONE  feng.family88_reel_07_09_2024_15_07_583451774644367478802.mp4 (10.3s)
2026-08-17 19:26:29 [INFO] ai_bulk_remix: [25/59] START -> feng.family88_reel_07_09_2024_15_11_483451776906372565065.mp4
2026-08-17 19:26:31 [INFO] ai_bulk_remix: [22/59] DONE  feng.family88_reel_07_09_2024_15_09_043451775315036826692.mp4 (10.6s)
2026-08-17 19:26:31 [INFO] ai_bulk_remix: [26/59] START -> feng.family88_reel_08_08_2024_19_40_033430153127674320660.mp4
2026-08-17 19:26:31 [INFO] ai_bulk_remix: [20/59] DONE  feng.family88_reel_07_09_2024_15_06_503451774405183066665.mp4 (12.3s)
2026-08-17 19:26:31 [INFO] ai_bulk_remix: [27/59] START -> feng.family88_reel_08_08_2024_19_40_063430151071450326326.mp4
2026-08-17 19:26:32 [INFO] ai_bulk_remix: [18/59] DONE  feng.family88_reel_07_09_2024_08_55_513451584864693986860.mp4 (16.0s)
2026-08-17 19:26:32 [INFO] ai_bulk_remix: [28/59] START -> feng.family88_reel_08_09_2024_08_25_243452296409971894443.mp4
2026-08-17 19:26:33 [INFO] ai_bulk_remix: [23/59] DONE  feng.family88_reel_07_09_2024_15_10_003451775833419091784.mp4 (13.4s)
2026-08-17 19:26:33 [INFO] ai_bulk_remix: [29/59] START -> feng.family88_reel_08_09_2024_08_32_523452300835147163210.mp4
2026-08-17 19:26:35 [INFO] ai_bulk_remix: [24/59] DONE  feng.family88_reel_07_09_2024_15_11_003451776423616572074.mp4 (5.5s)
2026-08-17 19:26:35 [INFO] ai_bulk_remix: [30/59] START -> feng.family88_reel_08_09_2024_08_37_323452302895322133026.mp4
2026-08-17 19:26:39 [INFO] ai_bulk_remix: [25/59] DONE  feng.family88_reel_07_09_2024_15_11_483451776906372565065.mp4 (7.0s)
2026-08-17 19:26:39 [INFO] ai_bulk_remix: [31/59] START -> feng.family88_reel_09_08_2024_09_35_583430589279371881223.mp4
2026-08-17 19:26:41 [INFO] ai_bulk_remix: [26/59] DONE  feng.family88_reel_08_08_2024_19_40_033430153127674320660.mp4 (8.6s)
2026-08-17 19:26:41 [INFO] ai_bulk_remix: [32/59] START -> feng.family88_reel_09_08_2024_09_36_393430589749209485591.mp4
2026-08-17 19:26:42 [INFO] ai_bulk_remix: [27/59] DONE  feng.family88_reel_08_08_2024_19_40_063430151071450326326.mp4 (8.9s)
2026-08-17 19:26:42 [INFO] ai_bulk_remix: [33/59] START -> feng.family88_reel_09_08_2024_09_37_183430589988796367971.mp4
2026-08-17 19:26:43 [INFO] ai_bulk_remix: [28/59] DONE  feng.family88_reel_08_09_2024_08_25_243452296409971894443.mp4 (9.4s)
2026-08-17 19:26:43 [INFO] ai_bulk_remix: [34/59] START -> feng.family88_reel_09_08_2024_09_38_213430590400870129088.mp4
2026-08-17 19:26:45 [INFO] ai_bulk_remix: [29/59] DONE  feng.family88_reel_08_09_2024_08_32_523452300835147163210.mp4 (9.8s)
2026-08-17 19:26:45 [INFO] ai_bulk_remix: [35/59] START -> feng.family88_reel_09_08_2024_19_43_013430894843343681222.mp4
2026-08-17 19:26:47 [INFO] ai_bulk_remix: [30/59] DONE  feng.family88_reel_08_09_2024_08_37_323452302895322133026.mp4 (8.0s)
2026-08-17 19:26:47 [INFO] ai_bulk_remix: [36/59] START -> feng.family88_reel_09_08_2024_19_44_213430895559739282155.mp4
2026-08-17 19:26:48 [INFO] ai_bulk_remix: [32/59] DONE  feng.family88_reel_09_08_2024_09_36_393430589749209485591.mp4 (4.9s)
2026-08-17 19:26:48 [INFO] ai_bulk_remix: [37/59] START -> feng.family88_reel_09_09_2024_05_41_043452939226185383305.mp4
2026-08-17 19:26:57 [INFO] ai_bulk_remix: [35/59] DONE  feng.family88_reel_09_08_2024_19_43_013430894843343681222.mp4 (8.7s)
2026-08-17 19:26:57 [INFO] ai_bulk_remix: [38/59] START -> feng.family88_reel_09_09_2024_05_50_043452943247179700640.mp4
2026-08-17 19:26:57 [INFO] ai_bulk_remix: [34/59] DONE  feng.family88_reel_09_08_2024_09_38_213430590400870129088.mp4 (11.8s)
2026-08-17 19:26:57 [INFO] ai_bulk_remix: [39/59] START -> feng.family88_reel_09_09_2024_06_02_143452949820862038413.mp4
2026-08-17 19:26:58 [INFO] ai_bulk_remix: [36/59] DONE  feng.family88_reel_09_08_2024_19_44_213430895559739282155.mp4 (9.0s)
2026-08-17 19:26:58 [INFO] ai_bulk_remix: [40/59] START -> feng.family88_reel_09_09_2024_06_18_093452957872321783963.mp4
2026-08-17 19:26:58 [INFO] ai_bulk_remix: [37/59] DONE  feng.family88_reel_09_09_2024_05_41_043452939226185383305.mp4 (7.7s)
2026-08-17 19:26:58 [INFO] ai_bulk_remix: [41/59] START -> feng.family88_reel_10_08_2024_19_42_423431619289234949479.mp4
2026-08-17 19:26:58 [INFO] ai_bulk_remix: [31/59] DONE  feng.family88_reel_09_08_2024_09_35_583430589279371881223.mp4 (16.6s)
2026-08-17 19:26:58 [INFO] ai_bulk_remix: [42/59] START -> feng.family88_reel_10_08_2024_19_43_333431619851556943382.mp4
2026-08-17 19:26:59 [INFO] ai_bulk_remix: [33/59] DONE  feng.family88_reel_09_08_2024_09_37_183430589988796367971.mp4 (13.9s)
2026-08-17 19:26:59 [INFO] ai_bulk_remix: [43/59] START -> feng.family88_reel_10_08_2024_19_44_183431620279837285196.mp4
2026-08-17 19:27:03 [INFO] ai_bulk_remix: [40/59] DONE  feng.family88_reel_09_09_2024_06_18_093452957872321783963.mp4 (4.6s)
2026-08-17 19:27:03 [INFO] ai_bulk_remix: [44/59] START -> feng.family88_reel_10_08_2024_19_45_063431620723787545580.mp4
2026-08-17 19:27:06 [INFO] ai_bulk_remix: [42/59] DONE  feng.family88_reel_10_08_2024_19_43_333431619851556943382.mp4 (6.8s)
2026-08-17 19:27:06 [INFO] ai_bulk_remix: [45/59] START -> feng.family88_reel_10_08_2024_19_45_553431621114646397010.mp4
2026-08-17 19:27:10 [INFO] ai_bulk_remix: [39/59] DONE  feng.family88_reel_09_09_2024_06_02_143452949820862038413.mp4 (11.7s)
2026-08-17 19:27:10 [INFO] ai_bulk_remix: [46/59] START -> feng.family88_reel_10_08_2024_19_46_353431621471682182454.mp4
2026-08-17 19:27:11 [INFO] ai_bulk_remix: [41/59] DONE  feng.family88_reel_10_08_2024_19_42_423431619289234949479.mp4 (12.3s)
2026-08-17 19:27:11 [INFO] ai_bulk_remix: [47/59] START -> feng.family88_reel_10_09_2024_07_49_413453728682764088314.mp4
2026-08-17 19:27:13 [INFO] ai_bulk_remix: [43/59] DONE  feng.family88_reel_10_08_2024_19_44_183431620279837285196.mp4 (13.7s)
2026-08-17 19:27:13 [INFO] ai_bulk_remix: [48/59] START -> feng.family88_reel_10_09_2024_07_57_473453732596576675946.mp4
2026-08-17 19:27:18 [INFO] ai_bulk_remix: [45/59] DONE  feng.family88_reel_10_08_2024_19_45_553431621114646397010.mp4 (8.6s)
2026-08-17 19:27:18 [INFO] ai_bulk_remix: [49/59] START -> feng.family88_reel_10_09_2024_07_58_173453733027725905014.mp4
2026-08-17 19:27:20 [INFO] ai_bulk_remix: [44/59] DONE  feng.family88_reel_10_08_2024_19_45_063431620723787545580.mp4 (11.9s)
2026-08-17 19:27:20 [INFO] ai_bulk_remix: [50/59] START -> feng.family88_reel_10_09_2024_07_59_263453733610750845897.mp4
2026-08-17 19:27:22 [INFO] ai_bulk_remix: [47/59] DONE  feng.family88_reel_10_09_2024_07_49_413453728682764088314.mp4 (7.5s)
2026-08-17 19:27:22 [INFO] ai_bulk_remix: [51/59] START -> feng.family88_reel_10_09_2024_08_08_303453738014006602538.mp4
2026-08-17 19:27:24 [INFO] ai_bulk_remix: [46/59] DONE  feng.family88_reel_10_08_2024_19_46_353431621471682182454.mp4 (10.8s)
2026-08-17 19:27:24 [INFO] ai_bulk_remix: [52/59] START -> feng.family88_reel_11_08_2024_07_46_123431983217785771589.mp4
2026-08-17 19:27:29 [INFO] ai_bulk_remix: [48/59] DONE  feng.family88_reel_10_09_2024_07_57_473453732596576675946.mp4 (13.0s)
2026-08-17 19:27:29 [INFO] ai_bulk_remix: [53/59] START -> feng.family88_reel_11_09_2024_06_21_483454408518497665500.mp4
2026-08-17 19:27:29 [INFO] ai_bulk_remix: [49/59] DONE  feng.family88_reel_10_09_2024_07_58_173453733027725905014.mp4 (7.5s)
2026-08-17 19:27:29 [INFO] ai_bulk_remix: [54/59] START -> feng.family88_reel_11_09_2024_06_23_183454409809395270145.mp4
2026-08-17 19:27:29 [INFO] ai_bulk_remix: [50/59] DONE  feng.family88_reel_10_09_2024_07_59_263453733610750845897.mp4 (6.0s)
2026-08-17 19:27:29 [INFO] ai_bulk_remix: [55/59] START -> feng.family88_reel_12_07_2024_07_23_373410228795930416555.mp4
2026-08-17 19:27:32 [INFO] ai_bulk_remix: [52/59] DONE  feng.family88_reel_11_08_2024_07_46_123431983217785771589.mp4 (5.5s)
2026-08-17 19:27:32 [INFO] ai_bulk_remix: [56/59] START -> feng.family88_reel_12_07_2024_07_26_443410230412524230180.mp4
2026-08-17 19:27:37 [INFO] ai_bulk_remix: [38/59] DONE  feng.family88_reel_09_09_2024_05_50_043452943247179700640.mp4 (38.4s)
2026-08-17 19:27:37 [INFO] ai_bulk_remix: [57/59] START -> feng.family88_reel_12_07_2024_07_28_493410231349431006842.mp4
2026-08-17 19:27:41 [INFO] ai_bulk_remix: [53/59] DONE  feng.family88_reel_11_09_2024_06_21_483454408518497665500.mp4 (9.8s)
2026-08-17 19:27:41 [INFO] ai_bulk_remix: [58/59] START -> feng.family88_reel_12_07_2024_07_29_473410231714067175377.mp4
2026-08-17 19:27:48 [INFO] ai_bulk_remix: [54/59] DONE  feng.family88_reel_11_09_2024_06_23_183454409809395270145.mp4 (16.1s)
2026-08-17 19:27:48 [INFO] ai_bulk_remix: [59/59] START -> feng.family88_reel_12_07_2024_07_30_543410232546108100065.mp4
2026-08-17 19:28:11 [INFO] ai_bulk_remix: [55/59] DONE  feng.family88_reel_12_07_2024_07_23_373410228795930416555.mp4 (38.9s)
2026-08-17 19:28:15 [INFO] ai_bulk_remix: [51/59] DONE  feng.family88_reel_10_09_2024_08_08_303453738014006602538.mp4 (50.1s)
2026-08-17 19:28:22 [INFO] ai_bulk_remix: [56/59] DONE  feng.family88_reel_12_07_2024_07_26_443410230412524230180.mp4 (46.0s)
2026-08-17 19:28:24 [INFO] ai_bulk_remix: [58/59] DONE  feng.family88_reel_12_07_2024_07_29_473410231714067175377.mp4 (38.5s)
2026-08-17 19:28:29 [INFO] ai_bulk_remix: [59/59] DONE  feng.family88_reel_12_07_2024_07_30_543410232546108100065.mp4 (34.8s)
2026-08-17 19:28:33 [INFO] ai_bulk_remix: [57/59] DONE  feng.family88_reel_12_07_2024_07_28_493410231349431006842.mp4 (51.1s)
2026-08-17 19:28:33 [INFO] ai_bulk_remix: ==================================================
2026-08-17 19:28:33 [INFO] ai_bulk_remix: BATCH PROCESSING COMPLETED
2026-08-17 19:28:33 [INFO] ai_bulk_remix: Successful: 59
2026-08-17 19:28:33 [INFO] ai_bulk_remix: Failed: 0
2026-08-17 19:28:33 [INFO] ai_bulk_remix: Skipped: 0
2026-08-17 19:28:33 [INFO] ai_bulk_remix: Total time: 156.9s
2026-08-17 19:28:33 [INFO] ai_bulk_remix: ==================================================
2026-08-17 19:30:06 [INFO] ai_bulk_remix: Application exiting with code 0
2026-08-31 19:04:11 [INFO] ai_bulk_remix: ==================================================
2026-08-31 19:04:11 [INFO] ai_bulk_remix: AI Bulk Remix Studio v1.0.0 starting...
2026-08-31 19:04:11 [INFO] ai_bulk_remix: Base directory: C:\Users\h\ai-bulk-remix-studio
2026-08-31 19:04:11 [INFO] ai_bulk_remix: Python: 3.10.0 (tags/v3.10.0:b494f59, Oct  4 2021, 19:00:18) [MSC v.1929 64 bit (AMD64)]
2026-08-31 19:04:11 [INFO] ai_bulk_remix: Platform: win32
2026-08-31 19:04:11 [INFO] ai_bulk_remix: ==================================================
2026-08-31 19:04:48 [INFO] ai_bulk_remix: GPU encoders detected: h264_nvenc, hevc_nvenc, av1_nvenc, h264_qsv, hevc_qsv, h264_amf, hevc_amf
2026-08-31 19:04:48 [INFO] ai_bulk_remix: MainWindow initialized
2026-08-31 19:04:48 [INFO] ai_bulk_remix: MainWindow displayed successfully.
2026-08-31 19:04:48 [INFO] ai_bulk_remix: FFmpeg detected: version 8.1.2-full_build-www.gyan.dev
2026-08-31 19:06:47 [INFO] ai_bulk_remix: Application exiting with code 0
2026-09-02 11:07:45 [INFO] ai_bulk_remix: ==================================================
2026-09-02 11:07:45 [INFO] ai_bulk_remix: AI Bulk Remix Studio v1.0.0 starting...
2026-09-02 11:07:45 [INFO] ai_bulk_remix: Base directory: C:\Users\h\ai-bulk-remix-studio
2026-09-02 11:07:45 [INFO] ai_bulk_remix: Python: 3.10.0 (tags/v3.10.0:b494f59, Oct  4 2021, 19:00:18) [MSC v.1929 64 bit (AMD64)]
2026-09-02 11:07:45 [INFO] ai_bulk_remix: Platform: win32
2026-09-02 11:07:45 [INFO] ai_bulk_remix: ==================================================
2026-09-02 11:08:08 [INFO] ai_bulk_remix: GPU encoders detected: h264_nvenc, hevc_nvenc, av1_nvenc, h264_qsv, hevc_qsv, h264_amf, hevc_amf
2026-09-02 11:08:08 [INFO] ai_bulk_remix: MainWindow initialized
2026-09-02 11:08:09 [INFO] ai_bulk_remix: MainWindow displayed successfully.
2026-09-02 11:08:09 [INFO] ai_bulk_remix: FFmpeg detected: version 8.1.2-full_build-www.gyan.dev
2026-09-02 11:08:44 [INFO] ai_bulk_remix: Scanned C:/Users/h/Videos/reapyworld/15: 15 video(s) found
2026-09-02 11:10:37 [INFO] ai_bulk_remix: ==================================================
2026-09-02 11:10:37 [INFO] ai_bulk_remix: BATCH PROCESSING STARTED
2026-09-02 11:10:37 [INFO] ai_bulk_remix: Total files: 15
2026-09-02 11:10:37 [INFO] ai_bulk_remix: Output directory: C:/Users/h/Videos/reapyworld/15/edit
2026-09-02 11:10:37 [INFO] ai_bulk_remix: Workers: 5
2026-09-02 11:10:37 [INFO] ai_bulk_remix: Encoder: h264_nvenc
2026-09-02 11:10:37 [INFO] ai_bulk_remix: ==================================================
2026-09-02 11:10:37 [INFO] ai_bulk_remix: [1/15] START -> 1초만 늦었어도 ᄃᄃ(720P_HD).mp4
2026-09-02 11:10:37 [INFO] ai_bulk_remix: [2/15] START -> Grim Reaper Vs The Angel. episode 1(720P_HD).mp4
2026-09-02 11:10:37 [INFO] ai_bulk_remix: [3/15] START -> Grim Reaper Vs The Angel. episode 2 _funny _animation _illustration _grimreaper _angel _usa _humor(720P_HD).mp4
2026-09-02 11:10:37 [INFO] ai_bulk_remix: [4/15] START -> Grim Reaper Vs The Angel. episode 3 _funny _animation _illustration _grimreaper _angel _usa _humor(720P_HD).mp4
2026-09-02 11:10:37 [INFO] ai_bulk_remix: [5/15] START -> Grim Reaper Vs The Angel. episode 4(720P_HD).mp4
2026-09-02 11:11:19 [INFO] ai_bulk_remix: [2/15] DONE  Grim Reaper Vs The Angel. episode 1(720P_HD).mp4 (41.4s)
2026-09-02 11:11:19 [INFO] ai_bulk_remix: [6/15] START -> Grim Reaper Vs The Angel. episode 5 _funny _animation _illustration _grimreaper _angel _usa _humor(720P_HD).mp4
2026-09-02 11:11:21 [INFO] ai_bulk_remix: [3/15] DONE  Grim Reaper Vs The Angel. episode 2 _funny _animation _illustration _grimreaper _angel _usa _humor(720P_HD).mp4 (43.6s)
2026-09-02 11:11:21 [INFO] ai_bulk_remix: [7/15] START -> Grim Reaper Vs The Angel. episode 6 _funny _animation _illustration _grimreaper _angel _usa _humor(720P_HD).mp4
2026-09-02 11:11:21 [INFO] ai_bulk_remix: [4/15] DONE  Grim Reaper Vs The Angel. episode 3 _funny _animation _illustration _grimreaper _angel _usa _humor(720P_HD).mp4 (44.1s)
2026-09-02 11:11:21 [INFO] ai_bulk_remix: [8/15] START -> Grim Reaper Vs The Angel. episode 7 _funny _animation _illustration _grimreaper _angel _usa _humor(720P_HD).mp4
2026-09-02 11:11:28 [INFO] ai_bulk_remix: [1/15] DONE  1초만 늦었어도 ᄃᄃ(720P_HD).mp4 (50.2s)
2026-09-02 11:11:28 [INFO] ai_bulk_remix: [9/15] START -> Grim Reaper Vs The Angel. episode 8 _funny _animation _illustration _grimreaper _angel _usa _humor(720P_HD).mp4
2026-09-02 11:11:29 [INFO] ai_bulk_remix: [5/15] DONE  Grim Reaper Vs The Angel. episode 4(720P_HD).mp4 (51.4s)
2026-09-02 11:11:29 [INFO] ai_bulk_remix: [10/15] START -> Grim Reaper Vs The Angel. episode 9 _funny _animation _illustration _grimreaper _angel _usa _humor(720P_HD).mp4
2026-09-02 11:12:10 [INFO] ai_bulk_remix: [8/15] DONE  Grim Reaper Vs The Angel. episode 7 _funny _animation _illustration _grimreaper _angel _usa _humor(720P_HD).mp4 (46.6s)
2026-09-02 11:12:10 [INFO] ai_bulk_remix: [11/15] START -> 곰 대처법 레전드 ᄏᄏᄏ(720P_HD).mp4
2026-09-02 11:12:10 [INFO] ai_bulk_remix: [10/15] DONE  Grim Reaper Vs The Angel. episode 9 _funny _animation _illustration _grimreaper _angel _usa _humor(720P_HD).mp4 (40.2s)
2026-09-02 11:12:10 [INFO] ai_bulk_remix: [12/15] START -> 너무 피곤해ᄏᄏᄏ(720P_HD).mp4
2026-09-02 11:12:12 [INFO] ai_bulk_remix: [6/15] DONE  Grim Reaper Vs The Angel. episode 5 _funny _animation _illustration _grimreaper _angel _usa _humor(720P_HD).mp4 (51.3s)
2026-09-02 11:12:12 [INFO] ai_bulk_remix: [13/15] START -> 노트북 수리 레전드 ᄏᄏᄏ(720P_HD).mp4
2026-09-02 11:12:15 [INFO] ai_bulk_remix: [7/15] DONE  Grim Reaper Vs The Angel. episode 6 _funny _animation _illustration _grimreaper _angel _usa _humor(720P_HD).mp4 (52.6s)
2026-09-02 11:12:15 [INFO] ai_bulk_remix: [14/15] START -> 놀이기구 고장의 진짜 이유 ᄏᄏ(720P_HD).mp4
2026-09-02 11:12:18 [INFO] ai_bulk_remix: [9/15] DONE  Grim Reaper Vs The Angel. episode 8 _funny _animation _illustration _grimreaper _angel _usa _humor(720P_HD).mp4 (48.4s)
2026-09-02 11:12:18 [INFO] ai_bulk_remix: [15/15] START -> 니가 왜 거기서 나와 ᄏᄏᄏ(720P_HD).mp4
2026-09-02 11:12:37 [INFO] ai_bulk_remix: [12/15] DONE  너무 피곤해ᄏᄏᄏ(720P_HD).mp4 (25.2s)
2026-09-02 11:12:48 [INFO] ai_bulk_remix: [15/15] DONE  니가 왜 거기서 나와 ᄏᄏᄏ(720P_HD).mp4 (27.6s)
2026-09-02 11:12:50 [INFO] ai_bulk_remix: [11/15] DONE  곰 대처법 레전드 ᄏᄏᄏ(720P_HD).mp4 (38.7s)
2026-09-02 11:12:55 [INFO] ai_bulk_remix: [14/15] DONE  놀이기구 고장의 진짜 이유 ᄏᄏ(720P_HD).mp4 (37.2s)
2026-09-02 11:13:02 [INFO] ai_bulk_remix: [13/15] DONE  노트북 수리 레전드 ᄏᄏᄏ(720P_HD).mp4 (48.5s)
2026-09-02 11:13:02 [INFO] ai_bulk_remix: ==================================================
2026-09-02 11:13:02 [INFO] ai_bulk_remix: BATCH PROCESSING COMPLETED
2026-09-02 11:13:02 [INFO] ai_bulk_remix: Successful: 15
2026-09-02 11:13:02 [INFO] ai_bulk_remix: Failed: 0
2026-09-02 11:13:02 [INFO] ai_bulk_remix: Skipped: 0
2026-09-02 11:13:02 [INFO] ai_bulk_remix: Total time: 145.3s
2026-09-02 11:13:02 [INFO] ai_bulk_remix: ==================================================
2026-09-02 14:16:17 [INFO] ai_bulk_remix: Application exiting with code 0
2026-09-11 09:53:52 [INFO] ai_bulk_remix: ==================================================
2026-09-11 09:53:52 [INFO] ai_bulk_remix: AI Bulk Remix Studio v1.0.0 starting...
2026-09-11 09:53:52 [INFO] ai_bulk_remix: Base directory: C:\Users\h\ai-bulk-remix-studio
2026-09-11 09:53:52 [INFO] ai_bulk_remix: Python: 3.10.0 (tags/v3.10.0:b494f59, Oct  4 2021, 19:00:18) [MSC v.1929 64 bit (AMD64)]
2026-09-11 09:53:52 [INFO] ai_bulk_remix: Platform: win32
2026-09-11 09:53:52 [INFO] ai_bulk_remix: ==================================================
2026-09-11 09:54:17 [INFO] ai_bulk_remix: GPU encoders detected: h264_nvenc, hevc_nvenc, av1_nvenc, h264_qsv, hevc_qsv, h264_amf, hevc_amf
2026-09-11 09:54:17 [INFO] ai_bulk_remix: MainWindow initialized
2026-09-11 09:54:18 [INFO] ai_bulk_remix: MainWindow displayed successfully.
2026-09-11 09:54:18 [INFO] ai_bulk_remix: FFmpeg detected: version 8.1.2-full_build-www.gyan.dev
2026-09-11 09:55:10 [INFO] ai_bulk_remix: Imported 1 individual video file(s)
2026-09-11 09:55:59 [INFO] ai_bulk_remix: ==================================================
2026-09-11 09:55:59 [INFO] ai_bulk_remix: BATCH PROCESSING STARTED
2026-09-11 09:55:59 [INFO] ai_bulk_remix: Total files: 1
2026-09-11 09:55:59 [INFO] ai_bulk_remix: Output directory: C:/Users/h/Documents
2026-09-11 09:55:59 [INFO] ai_bulk_remix: Workers: 8
2026-09-11 09:55:59 [INFO] ai_bulk_remix: Encoder: h264_nvenc
2026-09-11 09:55:59 [INFO] ai_bulk_remix: ==================================================
2026-09-11 09:55:59 [INFO] ai_bulk_remix: [1/1] START -> 0b96d4f9-dcb4-4278-8fcd-5baec9187238.mp4
2026-09-11 09:56:03 [INFO] ai_bulk_remix: [1/1] FAIL  0b96d4f9-dcb4-4278-8fcd-5baec9187238.mp4
2026-09-11 09:56:03 [INFO] ai_bulk_remix:   CMD: ffmpeg -y -i C:/Users/h/Videos/reverse/0b96d4f9-dcb4-4278-8fcd-5baec9187238.mp4 -vf format=yuv420p,eq=brightness=0.030,eq=contrast=1.234,eq=saturation=1.559,delogo=x=532:y=943:w=188:h=91 -c:v h264_nvenc -preset fast -rc vbr -b:v 0 -b:v 5M -r 30 -c:a copy -pix_fmt yuv420p -movflags +faststart C:/User...
2026-09-11 09:56:03 [INFO] ai_bulk_remix:   ERR: Command: ffmpeg -y -i C:/Users/h/Videos/reverse/0b96d4f9-dcb4-4278-8fcd-5baec9187238.mp4 -vf "format=yuv420p,eq=brightness=0.030,eq=contrast=1.234,eq=saturation=1.559,delogo=x=532:y=943:w=188:h=91" -c:v h264_nvenc -preset fast -rc vbr -b:v 0 -b:v 5M -r 30 -c:a copy -pix_fmt yuv420p -movflags +faststart C:/Users/h/Documents\0b96d4f9-dcb4-4278-8fcd-5baec9187238.mp4
Error: GPU encoder failed: [Parsed_delogo_4 @ 000002534799aac0] Failed to configure input pad on Parsed_delogo_4
[vf#0:0 @ 00000253479
2026-09-11 09:56:03 [INFO] ai_bulk_remix: ==================================================
2026-09-11 09:56:03 [INFO] ai_bulk_remix: BATCH PROCESSING COMPLETED
2026-09-11 09:56:03 [INFO] ai_bulk_remix: Successful: 0
2026-09-11 09:56:03 [INFO] ai_bulk_remix: Failed: 1
2026-09-11 09:56:03 [INFO] ai_bulk_remix: Skipped: 0
2026-09-11 09:56:03 [INFO] ai_bulk_remix: Total time: 3.7s
2026-09-11 09:56:03 [INFO] ai_bulk_remix: Failed: 0b96d4f9-dcb4-4278-8fcd-5baec9187238.mp4
2026-09-11 09:56:03 [INFO] ai_bulk_remix: ==================================================
2026-09-11 09:57:17 [INFO] ai_bulk_remix: Imported 1 individual video file(s)
2026-09-11 09:57:49 [INFO] ai_bulk_remix: ==================================================
2026-09-11 09:57:49 [INFO] ai_bulk_remix: BATCH PROCESSING STARTED
2026-09-11 09:57:49 [INFO] ai_bulk_remix: Total files: 2
2026-09-11 09:57:49 [INFO] ai_bulk_remix: Output directory: C:/Users/h/Documents
2026-09-11 09:57:49 [INFO] ai_bulk_remix: Workers: 1
2026-09-11 09:57:49 [INFO] ai_bulk_remix: Encoder: h264_nvenc
2026-09-11 09:57:49 [INFO] ai_bulk_remix: ==================================================
2026-09-11 09:57:49 [INFO] ai_bulk_remix: [1/2] START -> 0b96d4f9-dcb4-4278-8fcd-5baec9187238.mp4
2026-09-11 09:57:52 [INFO] ai_bulk_remix: [1/2] FAIL  0b96d4f9-dcb4-4278-8fcd-5baec9187238.mp4
2026-09-11 09:57:52 [INFO] ai_bulk_remix:   CMD: ffmpeg -y -i C:/Users/h/Videos/reverse/0b96d4f9-dcb4-4278-8fcd-5baec9187238.mp4 -vf format=yuv420p,eq=brightness=-0.089,eq=contrast=1.079,eq=saturation=0.504,delogo=x=466:y=917:w=254:h=117 -c:v h264_nvenc -preset fast -rc vbr -b:v 0 -b:v 5M -r 30 -c:a copy -pix_fmt yuv420p -movflags +faststart C:/Us...
2026-09-11 09:57:52 [INFO] ai_bulk_remix:   ERR: Command: ffmpeg -y -i C:/Users/h/Videos/reverse/0b96d4f9-dcb4-4278-8fcd-5baec9187238.mp4 -vf "format=yuv420p,eq=brightness=-0.089,eq=contrast=1.079,eq=saturation=0.504,delogo=x=466:y=917:w=254:h=117" -c:v h264_nvenc -preset fast -rc vbr -b:v 0 -b:v 5M -r 30 -c:a copy -pix_fmt yuv420p -movflags +faststart C:/Users/h/Documents\0b96d4f9-dcb4-4278-8fcd-5baec9187238_1.mp4
Error: GPU encoder failed: [Parsed_delogo_4 @ 000001dd894f54c0] Failed to configure input pad on Parsed_delogo_4
[vf#0:0 @ 000001d
2026-09-11 09:57:52 [INFO] ai_bulk_remix: [2/2] START -> 0e64beed-0a0a-47f1-81d0-9aabdac6cdb2.mp4
2026-09-11 09:57:56 [INFO] ai_bulk_remix: [2/2] FAIL  0e64beed-0a0a-47f1-81d0-9aabdac6cdb2.mp4
2026-09-11 09:57:56 [INFO] ai_bulk_remix:   CMD: ffmpeg -y -i C:/Users/h/Videos/reverse/0e64beed-0a0a-47f1-81d0-9aabdac6cdb2.mp4 -vf format=yuv420p,eq=brightness=-0.167,eq=contrast=1.022,eq=saturation=1.125,delogo=x=466:y=917:w=254:h=117 -c:v h264_nvenc -preset fast -rc vbr -b:v 0 -b:v 5M -r 30 -c:a copy -pix_fmt yuv420p -movflags +faststart C:/Us...
2026-09-11 09:57:56 [INFO] ai_bulk_remix:   ERR: Command: ffmpeg -y -i C:/Users/h/Videos/reverse/0e64beed-0a0a-47f1-81d0-9aabdac6cdb2.mp4 -vf "format=yuv420p,eq=brightness=-0.167,eq=contrast=1.022,eq=saturation=1.125,delogo=x=466:y=917:w=254:h=117" -c:v h264_nvenc -preset fast -rc vbr -b:v 0 -b:v 5M -r 30 -c:a copy -pix_fmt yuv420p -movflags +faststart C:/Users/h/Documents\0e64beed-0a0a-47f1-81d0-9aabdac6cdb2.mp4
Error: GPU encoder failed: [Parsed_delogo_4 @ 00000229a4efadc0] Failed to configure input pad on Parsed_delogo_4
[vf#0:0 @ 00000229a
2026-09-11 09:57:56 [INFO] ai_bulk_remix: ==================================================
2026-09-11 09:57:56 [INFO] ai_bulk_remix: BATCH PROCESSING COMPLETED
2026-09-11 09:57:56 [INFO] ai_bulk_remix: Successful: 0
2026-09-11 09:57:56 [INFO] ai_bulk_remix: Failed: 2
2026-09-11 09:57:56 [INFO] ai_bulk_remix: Skipped: 0
2026-09-11 09:57:56 [INFO] ai_bulk_remix: Total time: 7.3s
2026-09-11 09:57:56 [INFO] ai_bulk_remix: Failed: 0b96d4f9-dcb4-4278-8fcd-5baec9187238.mp4, 0e64beed-0a0a-47f1-81d0-9aabdac6cdb2.mp4
2026-09-11 09:57:56 [INFO] ai_bulk_remix: ==================================================
2026-09-11 10:04:10 [INFO] ai_bulk_remix: Imported 1 individual video file(s)
2026-09-11 10:04:40 [INFO] ai_bulk_remix: ==================================================
2026-09-11 10:04:40 [INFO] ai_bulk_remix: BATCH PROCESSING STARTED
2026-09-11 10:04:40 [INFO] ai_bulk_remix: Total files: 1
2026-09-11 10:04:40 [INFO] ai_bulk_remix: Output directory: C:/Users/h/Documents
2026-09-11 10:04:40 [INFO] ai_bulk_remix: Workers: 1
2026-09-11 10:04:40 [INFO] ai_bulk_remix: Encoder: h264_nvenc
2026-09-11 10:04:40 [INFO] ai_bulk_remix: ==================================================
2026-09-11 10:04:40 [INFO] ai_bulk_remix: [1/1] START -> 0e64beed-0a0a-47f1-81d0-9aabdac6cdb2.mp4
2026-09-11 10:04:43 [INFO] ai_bulk_remix: [1/1] FAIL  0e64beed-0a0a-47f1-81d0-9aabdac6cdb2.mp4
2026-09-11 10:04:43 [INFO] ai_bulk_remix:   CMD: ffmpeg -y -i C:/Users/h/Videos/reverse/0e64beed-0a0a-47f1-81d0-9aabdac6cdb2.mp4 -vf format=yuv420p,eq=brightness=-0.103,eq=contrast=1.460,eq=saturation=0.974,delogo=x=489:y=852:w=231:h=182 -c:v h264_nvenc -preset fast -rc vbr -b:v 0 -b:v 5M -r 30 -c:a copy -pix_fmt yuv420p -movflags +faststart C:/Us...
2026-09-11 10:04:43 [INFO] ai_bulk_remix:   ERR: Command: ffmpeg -y -i C:/Users/h/Videos/reverse/0e64beed-0a0a-47f1-81d0-9aabdac6cdb2.mp4 -vf "format=yuv420p,eq=brightness=-0.103,eq=contrast=1.460,eq=saturation=0.974,delogo=x=489:y=852:w=231:h=182" -c:v h264_nvenc -preset fast -rc vbr -b:v 0 -b:v 5M -r 30 -c:a copy -pix_fmt yuv420p -movflags +faststart C:/Users/h/Documents\0e64beed-0a0a-47f1-81d0-9aabdac6cdb2_1.mp4
Error: GPU encoder failed: [Parsed_delogo_4 @ 000001876241cb80] Failed to configure input pad on Parsed_delogo_4
[vf#0:0 @ 0000018
2026-09-11 10:04:43 [INFO] ai_bulk_remix: ==================================================
2026-09-11 10:04:43 [INFO] ai_bulk_remix: BATCH PROCESSING COMPLETED
2026-09-11 10:04:43 [INFO] ai_bulk_remix: Successful: 0
2026-09-11 10:04:43 [INFO] ai_bulk_remix: Failed: 1
2026-09-11 10:04:43 [INFO] ai_bulk_remix: Skipped: 0
2026-09-11 10:04:43 [INFO] ai_bulk_remix: Total time: 3.6s
2026-09-11 10:04:43 [INFO] ai_bulk_remix: Failed: 0e64beed-0a0a-47f1-81d0-9aabdac6cdb2.mp4
2026-09-11 10:04:43 [INFO] ai_bulk_remix: ==================================================
2026-09-11 10:04:47 [INFO] ai_bulk_remix: Application exiting with code 0
2026-09-11 10:18:07 [INFO] ai_bulk_remix: ==================================================
2026-09-11 10:18:07 [INFO] ai_bulk_remix: AI Bulk Remix Studio v1.0.0 starting...
2026-09-11 10:18:07 [INFO] ai_bulk_remix: Base directory: C:\Users\h\ai-bulk-remix-studio
2026-09-11 10:18:07 [INFO] ai_bulk_remix: Python: 3.10.0 (tags/v3.10.0:b494f59, Oct  4 2021, 19:00:18) [MSC v.1929 64 bit (AMD64)]
2026-09-11 10:18:07 [INFO] ai_bulk_remix: Platform: win32
2026-09-11 10:18:07 [INFO] ai_bulk_remix: ==================================================
2026-09-11 10:18:12 [INFO] ai_bulk_remix: GPU encoders detected: h264_nvenc, hevc_nvenc, av1_nvenc, h264_qsv, hevc_qsv, h264_amf, hevc_amf
2026-09-11 10:18:12 [INFO] ai_bulk_remix: MainWindow initialized
2026-09-11 10:18:12 [INFO] ai_bulk_remix: MainWindow displayed successfully.
2026-09-11 10:18:12 [INFO] ai_bulk_remix: FFmpeg detected: version 8.1.2-full_build-www.gyan.dev
2026-09-11 10:18:26 [INFO] ai_bulk_remix: Imported 1 individual video file(s)
2026-09-11 10:19:10 [INFO] ai_bulk_remix: ==================================================
2026-09-11 10:19:10 [INFO] ai_bulk_remix: BATCH PROCESSING STARTED
2026-09-11 10:19:10 [INFO] ai_bulk_remix: Total files: 1
2026-09-11 10:19:10 [INFO] ai_bulk_remix: Output directory: C:/Users/h/Documents
2026-09-11 10:19:10 [INFO] ai_bulk_remix: Workers: 8
2026-09-11 10:19:10 [INFO] ai_bulk_remix: Encoder: h264_nvenc
2026-09-11 10:19:10 [INFO] ai_bulk_remix: ==================================================
2026-09-11 10:19:10 [INFO] ai_bulk_remix: [1/1] START -> 0b96d4f9-dcb4-4278-8fcd-5baec9187238.mp4
2026-09-11 10:19:14 [INFO] ai_bulk_remix: [1/1] FAIL  0b96d4f9-dcb4-4278-8fcd-5baec9187238.mp4
2026-09-11 10:19:14 [INFO] ai_bulk_remix:   CMD: ffmpeg -y -i C:/Users/h/Videos/reverse/0b96d4f9-dcb4-4278-8fcd-5baec9187238.mp4 -vf format=yuv420p,eq=brightness=-0.063,eq=contrast=1.057,eq=saturation=0.979,delogo=x=465:y=875:w=255:h=159 -c:v h264_nvenc -preset fast -rc vbr -b:v 0 -b:v 5M -r 30 -c:a copy -pix_fmt yuv420p -movflags +faststart C:/Us...
2026-09-11 10:19:14 [INFO] ai_bulk_remix:   ERR: Command: ffmpeg -y -i C:/Users/h/Videos/reverse/0b96d4f9-dcb4-4278-8fcd-5baec9187238.mp4 -vf "format=yuv420p,eq=brightness=-0.063,eq=contrast=1.057,eq=saturation=0.979,delogo=x=465:y=875:w=255:h=159" -c:v h264_nvenc -preset fast -rc vbr -b:v 0 -b:v 5M -r 30 -c:a copy -pix_fmt yuv420p -movflags +faststart C:/Users/h/Documents\0b96d4f9-dcb4-4278-8fcd-5baec9187238_2.mp4
Error: GPU encoder failed: [Parsed_delogo_4 @ 00000213dc097380] Failed to configure input pad on Parsed_delogo_4
[vf#0:0 @ 0000021
2026-09-11 10:19:14 [INFO] ai_bulk_remix: ==================================================
2026-09-11 10:19:14 [INFO] ai_bulk_remix: BATCH PROCESSING COMPLETED
2026-09-11 10:19:14 [INFO] ai_bulk_remix: Successful: 0
2026-09-11 10:19:14 [INFO] ai_bulk_remix: Failed: 1
2026-09-11 10:19:14 [INFO] ai_bulk_remix: Skipped: 0
2026-09-11 10:19:14 [INFO] ai_bulk_remix: Total time: 3.6s
2026-09-11 10:19:14 [INFO] ai_bulk_remix: Failed: 0b96d4f9-dcb4-4278-8fcd-5baec9187238.mp4
2026-09-11 10:19:14 [INFO] ai_bulk_remix: ==================================================
2026-09-11 15:19:20 [INFO] ai_bulk_remix: ==================================================
2026-09-11 15:19:20 [INFO] ai_bulk_remix: AI Bulk Remix Studio v1.0.0 starting...
2026-09-11 15:19:20 [INFO] ai_bulk_remix: Base directory: C:\Users\h\ai-bulk-remix-studio
2026-09-11 15:19:20 [INFO] ai_bulk_remix: Python: 3.10.0 (tags/v3.10.0:b494f59, Oct  4 2021, 19:00:18) [MSC v.1929 64 bit (AMD64)]
2026-09-11 15:19:20 [INFO] ai_bulk_remix: Platform: win32
2026-09-11 15:19:20 [INFO] ai_bulk_remix: ==================================================
2026-09-11 15:19:32 [INFO] ai_bulk_remix: GPU encoders detected: h264_nvenc, hevc_nvenc, av1_nvenc, h264_qsv, hevc_qsv, h264_amf, hevc_amf
2026-09-11 15:19:32 [INFO] ai_bulk_remix: MainWindow initialized
2026-09-11 15:19:32 [INFO] ai_bulk_remix: MainWindow displayed successfully.
2026-09-11 15:19:32 [INFO] ai_bulk_remix: FFmpeg detected: version 8.1.2-full_build-www.gyan.dev
2026-09-11 15:19:47 [INFO] ai_bulk_remix: Imported 1 individual video file(s)
2026-09-11 15:22:02 [INFO] ai_bulk_remix: ==================================================
2026-09-11 15:22:02 [INFO] ai_bulk_remix: BATCH PROCESSING STARTED
2026-09-11 15:22:02 [INFO] ai_bulk_remix: Total files: 1
2026-09-11 15:22:02 [INFO] ai_bulk_remix: Output directory: C:/Users/h/Documents
2026-09-11 15:22:02 [INFO] ai_bulk_remix: Workers: 8
2026-09-11 15:22:02 [INFO] ai_bulk_remix: Encoder: h264_nvenc
2026-09-11 15:22:02 [INFO] ai_bulk_remix: ==================================================
2026-09-11 15:22:02 [INFO] ai_bulk_remix: [1/1] START -> 0b96d4f9-dcb4-4278-8fcd-5baec9187238.mp4
2026-09-11 15:22:06 [INFO] ai_bulk_remix: [1/1] FAIL  0b96d4f9-dcb4-4278-8fcd-5baec9187238.mp4
2026-09-11 15:22:06 [INFO] ai_bulk_remix:   CMD: ffmpeg -y -i C:/Users/h/Videos/reverse/0b96d4f9-dcb4-4278-8fcd-5baec9187238.mp4 -vf "format=yuv420p,eq=brightness=-0.170,eq=contrast=0.921,eq=saturation=1.458,delogo=x=479:y=881:w=241:h=153,drawtext=text='AI Bulk Remix':fontfile='C\:/Windows/Fonts/arial.ttf':fontcolor=#ffffff@1.00:fontsize=19:font='...
2026-09-11 15:22:06 [INFO] ai_bulk_remix:   ERR: Command: ffmpeg -y -i C:/Users/h/Videos/reverse/0b96d4f9-dcb4-4278-8fcd-5baec9187238.mp4 -vf "format=yuv420p,eq=brightness=-0.170,eq=contrast=0.921,eq=saturation=1.458,delogo=x=479:y=881:w=241:h=153,drawtext=text='AI Bulk Remix':fontfile='C\:/Windows/Fonts/arial.ttf':fontcolor=#ffffff@1.00:fontsize=19:font='Arial':x='479+10':y='881+10'" -c:v h264_nvenc -preset fast -rc vbr -b:v 0 -b:v 5M -r 30 -c:a copy -pix_fmt yuv420p -movflags +faststart C:/Users/h/Documents\0b96d4f9-dcb4-4278-8fcd-5baec91872
2026-09-11 15:22:06 [INFO] ai_bulk_remix: ==================================================
2026-09-11 15:22:06 [INFO] ai_bulk_remix: BATCH PROCESSING COMPLETED
2026-09-11 15:22:06 [INFO] ai_bulk_remix: Successful: 0
2026-09-11 15:22:06 [INFO] ai_bulk_remix: Failed: 1
2026-09-11 15:22:06 [INFO] ai_bulk_remix: Skipped: 0
2026-09-11 15:22:06 [INFO] ai_bulk_remix: Total time: 3.7s
2026-09-11 15:22:06 [INFO] ai_bulk_remix: Failed: 0b96d4f9-dcb4-4278-8fcd-5baec9187238.mp4
2026-09-11 15:22:06 [INFO] ai_bulk_remix: ==================================================
2026-09-11 15:32:08 [INFO] ai_bulk_remix: Application exiting with code 0
2026-09-11 15:42:16 [INFO] ai_bulk_remix: ==================================================
2026-09-11 15:42:16 [INFO] ai_bulk_remix: AI Bulk Remix Studio v1.0.0 starting...
2026-09-11 15:42:16 [INFO] ai_bulk_remix: Base directory: C:\Users\h\ai-bulk-remix-studio
2026-09-11 15:42:16 [INFO] ai_bulk_remix: Python: 3.10.0 (tags/v3.10.0:b494f59, Oct  4 2021, 19:00:18) [MSC v.1929 64 bit (AMD64)]
2026-09-11 15:42:16 [INFO] ai_bulk_remix: Platform: win32
2026-09-11 15:42:16 [INFO] ai_bulk_remix: ==================================================
2026-09-11 15:42:22 [INFO] ai_bulk_remix: GPU encoders detected: h264_nvenc, hevc_nvenc, av1_nvenc, h264_qsv, hevc_qsv, h264_amf, hevc_amf
2026-09-11 15:42:22 [INFO] ai_bulk_remix: MainWindow initialized
2026-09-11 15:42:22 [INFO] ai_bulk_remix: MainWindow displayed successfully.
2026-09-11 15:42:22 [INFO] ai_bulk_remix: FFmpeg detected: version 8.1.2-full_build-www.gyan.dev
2026-09-11 15:42:46 [INFO] ai_bulk_remix: Imported 1 individual video file(s)
2026-09-11 15:44:03 [INFO] ai_bulk_remix: ==================================================
2026-09-11 15:44:03 [INFO] ai_bulk_remix: BATCH PROCESSING STARTED
2026-09-11 15:44:03 [INFO] ai_bulk_remix: Total files: 1
2026-09-11 15:44:03 [INFO] ai_bulk_remix: Output directory: C:/Users/h/Documents
2026-09-11 15:44:03 [INFO] ai_bulk_remix: Workers: 8
2026-09-11 15:44:03 [INFO] ai_bulk_remix: Encoder: h264_nvenc
2026-09-11 15:44:03 [INFO] ai_bulk_remix: ==================================================
2026-09-11 15:44:03 [INFO] ai_bulk_remix: [1/1] START -> 0b96d4f9-dcb4-4278-8fcd-5baec9187238.mp4
2026-09-11 15:44:18 [INFO] ai_bulk_remix: [1/1] DONE  0b96d4f9-dcb4-4278-8fcd-5baec9187238.mp4 (14.7s)
2026-09-11 15:44:18 [INFO] ai_bulk_remix: ==================================================
2026-09-11 15:44:18 [INFO] ai_bulk_remix: BATCH PROCESSING COMPLETED
2026-09-11 15:44:18 [INFO] ai_bulk_remix: Successful: 1
2026-09-11 15:44:18 [INFO] ai_bulk_remix: Failed: 0
2026-09-11 15:44:18 [INFO] ai_bulk_remix: Skipped: 0
2026-09-11 15:44:18 [INFO] ai_bulk_remix: Total time: 15.1s
2026-09-11 15:44:18 [INFO] ai_bulk_remix: ==================================================
2026-09-11 15:46:57 [INFO] ai_bulk_remix: Application exiting with code 0
2026-09-18 11:22:00 [INFO] ai_bulk_remix: ==================================================
2026-09-18 11:22:00 [INFO] ai_bulk_remix: AI Bulk Remix Studio v1.0.0 starting...
2026-09-18 11:22:00 [INFO] ai_bulk_remix: Base directory: C:\Users\h\ai-bulk-remix-studio
2026-09-18 11:22:00 [INFO] ai_bulk_remix: Python: 3.10.0 (tags/v3.10.0:b494f59, Oct  4 2021, 19:00:18) [MSC v.1929 64 bit (AMD64)]
2026-09-18 11:22:00 [INFO] ai_bulk_remix: Platform: win32
2026-09-18 11:22:00 [INFO] ai_bulk_remix: ==================================================
2026-09-18 11:22:25 [INFO] ai_bulk_remix: GPU encoders detected: h264_nvenc, hevc_nvenc, av1_nvenc, h264_qsv, hevc_qsv, h264_amf, hevc_amf
2026-09-18 11:22:25 [INFO] ai_bulk_remix: MainWindow initialized
2026-09-18 11:22:25 [INFO] ai_bulk_remix: MainWindow displayed successfully.
2026-09-18 11:22:25 [INFO] ai_bulk_remix: FFmpeg detected: version 8.1.2-full_build-www.gyan.dev
2026-09-18 11:28:01 [INFO] ai_bulk_remix: Scanned C:/Users/h/Downloads/reverse: 196 video(s) found
2026-09-18 11:40:15 [INFO] ai_bulk_remix: ==================================================
2026-09-18 11:40:15 [INFO] ai_bulk_remix: BATCH PROCESSING STARTED
2026-09-18 11:40:15 [INFO] ai_bulk_remix: Total files: 196
2026-09-18 11:40:15 [INFO] ai_bulk_remix: Output directory: C:/Users/h/Downloads/reverse/reverse edits
2026-09-18 11:40:15 [INFO] ai_bulk_remix: Workers: 6
2026-09-18 11:40:15 [INFO] ai_bulk_remix: Encoder: h264_nvenc
2026-09-18 11:40:15 [INFO] ai_bulk_remix: ==================================================
2026-09-18 11:40:15 [INFO] ai_bulk_remix: [1/196] START -> 05bc10f1-6cc3-41b7-8628-2f1e127c75d0.mp4
2026-09-18 11:40:15 [INFO] ai_bulk_remix: [2/196] START -> 063b0f35-a837-4fe0-bf82-29fa6676b14d.mp4
2026-09-18 11:40:15 [INFO] ai_bulk_remix: [3/196] START -> 0846c628-d36e-4ddc-bd91-0f6e012dcdce.mp4
2026-09-18 11:40:15 [INFO] ai_bulk_remix: [4/196] START -> 0c6d87ec-19cf-447a-9a3d-f896dc9c398a.mp4
2026-09-18 11:40:15 [INFO] ai_bulk_remix: [5/196] START -> 0fb0048e-6b9f-48c4-b3a0-29f9703ce72f.mp4
2026-09-18 11:40:15 [INFO] ai_bulk_remix: [6/196] START -> 10078372-9729-4124-8781-1321fa5144e0.mp4
2026-09-18 11:40:44 [INFO] ai_bulk_remix: [4/196] DONE  0c6d87ec-19cf-447a-9a3d-f896dc9c398a.mp4 (28.8s)
2026-09-18 11:40:44 [INFO] ai_bulk_remix: [7/196] START -> 17915249-af1c-4d7c-8bbf-67d026be06e7.mp4
2026-09-18 11:40:46 [INFO] ai_bulk_remix: [2/196] DONE  063b0f35-a837-4fe0-bf82-29fa6676b14d.mp4 (30.0s)
2026-09-18 11:40:46 [INFO] ai_bulk_remix: [8/196] START -> 1870689e-3357-4e5d-aade-968aa670be90.mp4
2026-09-18 11:40:46 [INFO] ai_bulk_remix: [3/196] DONE  0846c628-d36e-4ddc-bd91-0f6e012dcdce.mp4 (30.8s)
2026-09-18 11:40:46 [INFO] ai_bulk_remix: [9/196] START -> 1e3a7938-110b-41d5-90f6-a21d4128d457.mp4
2026-09-18 11:40:47 [INFO] ai_bulk_remix: [1/196] DONE  05bc10f1-6cc3-41b7-8628-2f1e127c75d0.mp4 (31.2s)
2026-09-18 11:40:47 [INFO] ai_bulk_remix: [10/196] START -> 1e5aacfd-4e56-4c98-980a-ebfeae94fff9.mp4
2026-09-18 11:40:51 [INFO] ai_bulk_remix: [5/196] DONE  0fb0048e-6b9f-48c4-b3a0-29f9703ce72f.mp4 (35.4s)
2026-09-18 11:40:51 [INFO] ai_bulk_remix: [11/196] START -> 2071a39c-1c02-41c0-8b42-040b26436c07.mp4
2026-09-18 11:41:04 [INFO] ai_bulk_remix: [6/196] DONE  10078372-9729-4124-8781-1321fa5144e0.mp4 (48.7s)
2026-09-18 11:41:04 [INFO] ai_bulk_remix: [12/196] START -> 234647cc-e672-404f-956e-d2f8a2785d85.mp4
2026-09-18 11:41:12 [INFO] ai_bulk_remix: [8/196] DONE  1870689e-3357-4e5d-aade-968aa670be90.mp4 (25.0s)
2026-09-18 11:41:12 [INFO] ai_bulk_remix: [13/196] START -> 258e5402-f759-406e-80d3-6cfb12ea5b15.mp4
2026-09-18 11:41:21 [INFO] ai_bulk_remix: [11/196] DONE  2071a39c-1c02-41c0-8b42-040b26436c07.mp4 (27.2s)
2026-09-18 11:41:21 [INFO] ai_bulk_remix: [14/196] START -> 28e2dd62-f56b-49a4-84f6-15eba7906bdc.mp4
2026-09-18 11:41:35 [INFO] ai_bulk_remix: [12/196] DONE  234647cc-e672-404f-956e-d2f8a2785d85.mp4 (27.7s)
2026-09-18 11:41:35 [INFO] ai_bulk_remix: [15/196] START -> 29c55091-2a85-4b98-bb18-057b17bd0fea.mp4
2026-09-18 11:41:37 [INFO] ai_bulk_remix: [9/196] DONE  1e3a7938-110b-41d5-90f6-a21d4128d457.mp4 (49.4s)
2026-09-18 11:41:37 [INFO] ai_bulk_remix: [16/196] START -> 2d6f67cd-9116-424a-a5d1-aeb94728fb69.mp4
2026-09-18 11:41:49 [INFO] ai_bulk_remix: [13/196] DONE  258e5402-f759-406e-80d3-6cfb12ea5b15.mp4 (34.6s)
2026-09-18 11:41:49 [INFO] ai_bulk_remix: [17/196] START -> 2eb38924-406e-44ea-8cad-78219025cf9a.mp4
2026-09-18 11:41:52 [INFO] ai_bulk_remix: [7/196] DONE  17915249-af1c-4d7c-8bbf-67d026be06e7.mp4 (65.5s)
2026-09-18 11:41:52 [INFO] ai_bulk_remix: [18/196] START -> 2f8aa68b-4dad-472e-b540-24d78d6f96a0.mp4
2026-09-18 11:42:09 [INFO] ai_bulk_remix: [16/196] DONE  2d6f67cd-9116-424a-a5d1-aeb94728fb69.mp4 (29.8s)
2026-09-18 11:42:09 [INFO] ai_bulk_remix: [19/196] START -> 2fd7ed70-fe4a-418e-a35f-7fb11c02b90e.mp4
2026-09-18 11:42:12 [INFO] ai_bulk_remix: [10/196] DONE  1e5aacfd-4e56-4c98-980a-ebfeae94fff9.mp4 (82.3s)
2026-09-18 11:42:12 [INFO] ai_bulk_remix: [20/196] START -> 315c0236-c96b-4250-a112-1bdc6d3c60f1.mp4
2026-09-18 11:42:31 [INFO] ai_bulk_remix: [15/196] DONE  29c55091-2a85-4b98-bb18-057b17bd0fea.mp4 (53.6s)
2026-09-18 11:42:31 [INFO] ai_bulk_remix: [21/196] START -> 37302f0f-0afd-4e39-84c5-d4827d965293.mp4
2026-09-18 11:42:32 [INFO] ai_bulk_remix: [14/196] DONE  28e2dd62-f56b-49a4-84f6-15eba7906bdc.mp4 (68.9s)
2026-09-18 11:42:32 [INFO] ai_bulk_remix: [22/196] START -> 38ce79ae-0383-40ff-baf0-be9f4e7911a8.mp4
2026-09-18 11:42:49 [INFO] ai_bulk_remix: [19/196] DONE  2fd7ed70-fe4a-418e-a35f-7fb11c02b90e.mp4 (37.4s)
2026-09-18 11:42:49 [INFO] ai_bulk_remix: [23/196] START -> 3cd0c67c-5dd7-4437-97dc-244b4922cac9.mp4
2026-09-18 11:42:52 [INFO] ai_bulk_remix: [17/196] DONE  2eb38924-406e-44ea-8cad-78219025cf9a.mp4 (59.9s)
2026-09-18 11:42:52 [INFO] ai_bulk_remix: [24/196] START -> 3d62ea2f-f9b8-4fe7-8943-c1c9fa201232.mp4
2026-09-18 11:42:58 [INFO] ai_bulk_remix: [18/196] DONE  2f8aa68b-4dad-472e-b540-24d78d6f96a0.mp4 (63.1s)
2026-09-18 11:43:00 [INFO] ai_bulk_remix: [25/196] START -> 4128f48b-504a-4d40-abaa-ee35040068ac.mp4
2026-09-18 11:43:01 [INFO] ai_bulk_remix: [21/196] DONE  37302f0f-0afd-4e39-84c5-d4827d965293.mp4 (26.4s)
2026-09-18 11:43:01 [INFO] ai_bulk_remix: [26/196] START -> 4300f8a0-4a04-47ed-89d0-768b21f20a8b.mp4
2026-09-18 11:43:04 [INFO] ai_bulk_remix: [22/196] DONE  38ce79ae-0383-40ff-baf0-be9f4e7911a8.mp4 (30.0s)
2026-09-18 11:43:04 [INFO] ai_bulk_remix: [27/196] START -> 47103ae1-80e2-45fa-983f-50e392720341.mp4
2026-09-18 11:43:17 [INFO] ai_bulk_remix: [23/196] DONE  3cd0c67c-5dd7-4437-97dc-244b4922cac9.mp4 (25.1s)
2026-09-18 11:43:17 [INFO] ai_bulk_remix: [28/196] START -> 47f3e408-1f46-4bda-94a1-f966ca4dbdb1.mp4
2026-09-18 11:43:22 [INFO] ai_bulk_remix: [20/196] DONE  315c0236-c96b-4250-a112-1bdc6d3c60f1.mp4 (67.0s)
2026-09-18 11:43:22 [INFO] ai_bulk_remix: [29/196] START -> 4836b124-6269-4015-b94c-cefb41dadbc9.mp4
2026-09-18 11:43:34 [INFO] ai_bulk_remix: [27/196] DONE  47103ae1-80e2-45fa-983f-50e392720341.mp4 (26.5s)
2026-09-18 11:43:34 [INFO] ai_bulk_remix: [30/196] START -> 48d44f2d-c9fa-4e07-89cf-671ff4393afe.mp4
2026-09-18 11:43:34 [INFO] ai_bulk_remix: [25/196] DONE  4128f48b-504a-4d40-abaa-ee35040068ac.mp4 (32.2s)
2026-09-18 11:43:34 [INFO] ai_bulk_remix: [31/196] START -> 49fb0f74-8598-4cda-8b1f-c39282bc0fb5.mp4
2026-09-18 11:43:47 [INFO] ai_bulk_remix: [28/196] DONE  47f3e408-1f46-4bda-94a1-f966ca4dbdb1.mp4 (26.7s)
2026-09-18 11:43:47 [INFO] ai_bulk_remix: [32/196] START -> 4b64a910-a7d1-4357-8ff0-a40399d71d93.mp4
2026-09-18 11:43:49 [INFO] ai_bulk_remix: [29/196] DONE  4836b124-6269-4015-b94c-cefb41dadbc9.mp4 (24.2s)
2026-09-18 11:43:49 [INFO] ai_bulk_remix: [33/196] START -> 4ba7a54d-3330-43d3-ad4e-a1f0308ec2a5.mp4
2026-09-18 11:43:53 [INFO] ai_bulk_remix: [30/196] DONE  48d44f2d-c9fa-4e07-89cf-671ff4393afe.mp4 (17.2s)
2026-09-18 11:43:53 [INFO] ai_bulk_remix: [34/196] START -> 4c6678e9-91ec-467b-9e1b-75d906ddc4a1.mp4
2026-09-18 11:43:53 [INFO] ai_bulk_remix: [26/196] DONE  4300f8a0-4a04-47ed-89d0-768b21f20a8b.mp4 (51.3s)
2026-09-18 11:43:53 [INFO] ai_bulk_remix: [35/196] START -> 4d2bc9f3-2348-4719-888f-be7de55031a9.mp4
2026-09-18 11:43:57 [INFO] ai_bulk_remix: [31/196] DONE  49fb0f74-8598-4cda-8b1f-c39282bc0fb5.mp4 (21.6s)
2026-09-18 11:43:57 [INFO] ai_bulk_remix: [36/196] START -> 50f8379f-8550-48f8-8444-2cceee00cb0f.mp4
2026-09-18 11:43:59 [INFO] ai_bulk_remix: [24/196] DONE  3d62ea2f-f9b8-4fe7-8943-c1c9fa201232.mp4 (64.6s)
2026-09-18 11:43:59 [INFO] ai_bulk_remix: [37/196] START -> 519f5a10-1d51-478f-987e-94ff1497c3eb.mp4
2026-09-18 11:44:20 [INFO] ai_bulk_remix: [33/196] DONE  4ba7a54d-3330-43d3-ad4e-a1f0308ec2a5.mp4 (28.5s)
2026-09-18 11:44:20 [INFO] ai_bulk_remix: [38/196] START -> 5246b35b-de0d-4f56-b782-4355746b543d.mp4
2026-09-18 11:44:20 [INFO] ai_bulk_remix: [35/196] DONE  4d2bc9f3-2348-4719-888f-be7de55031a9.mp4 (24.4s)
2026-09-18 11:44:20 [INFO] ai_bulk_remix: [39/196] START -> 548ea7b3-9525-4bad-a608-8fd202feef97.mp4
2026-09-18 11:44:28 [INFO] ai_bulk_remix: [32/196] DONE  4b64a910-a7d1-4357-8ff0-a40399d71d93.mp4 (38.9s)
2026-09-18 11:44:28 [INFO] ai_bulk_remix: [40/196] START -> 56c4e869-e174-46b2-88c0-b8de07553f6b.mp4
2026-09-18 11:44:30 [INFO] ai_bulk_remix: [34/196] DONE  4c6678e9-91ec-467b-9e1b-75d906ddc4a1.mp4 (35.1s)
2026-09-18 11:44:30 [INFO] ai_bulk_remix: [41/196] START -> 57c8216b-23b3-4caf-bc93-8252c748e98c.mp4
2026-09-18 11:44:53 [INFO] ai_bulk_remix: [40/196] DONE  56c4e869-e174-46b2-88c0-b8de07553f6b.mp4 (21.8s)
2026-09-18 11:44:53 [INFO] ai_bulk_remix: [42/196] START -> 5897df3d-c049-478f-a762-98ea561879a9.mp4
2026-09-18 11:44:56 [INFO] ai_bulk_remix: [39/196] DONE  548ea7b3-9525-4bad-a608-8fd202feef97.mp4 (34.0s)
2026-09-18 11:44:56 [INFO] ai_bulk_remix: [43/196] START -> 60d31d53-0d34-4fec-b411-71045f20f632.mp4
2026-09-18 11:44:57 [INFO] ai_bulk_remix: [38/196] DONE  5246b35b-de0d-4f56-b782-4355746b543d.mp4 (35.3s)
2026-09-18 11:44:57 [INFO] ai_bulk_remix: [44/196] START -> 62375b65-2d43-403e-8683-3050147fde37.mp4
2026-09-18 11:45:11 [INFO] ai_bulk_remix: [37/196] DONE  519f5a10-1d51-478f-987e-94ff1497c3eb.mp4 (69.6s)
2026-09-18 11:45:11 [INFO] ai_bulk_remix: [45/196] START -> 6299c0cd-52d7-46c8-9d3d-f5c4f1bc1f70.mp4
2026-09-18 11:45:19 [INFO] ai_bulk_remix: [36/196] DONE  50f8379f-8550-48f8-8444-2cceee00cb0f.mp4 (78.3s)
2026-09-18 11:45:19 [INFO] ai_bulk_remix: [46/196] START -> 64e25f8a-a51c-48dd-8ee9-691d1f5180fe.mp4
2026-09-18 11:45:33 [INFO] ai_bulk_remix: [41/196] DONE  57c8216b-23b3-4caf-bc93-8252c748e98c.mp4 (60.6s)
2026-09-18 11:45:33 [INFO] ai_bulk_remix: [47/196] START -> 6a75aaa6-ca9b-4e75-b957-ab075113d5f4.mp4
2026-09-18 11:45:51 [INFO] ai_bulk_remix: [46/196] DONE  64e25f8a-a51c-48dd-8ee9-691d1f5180fe.mp4 (29.9s)
2026-09-18 11:45:51 [INFO] ai_bulk_remix: [48/196] START -> 6aedc289-0bd7-4fbe-91d6-e54af893549b.mp4
2026-09-18 11:45:51 [INFO] ai_bulk_remix: [45/196] DONE  6299c0cd-52d7-46c8-9d3d-f5c4f1bc1f70.mp4 (37.3s)
2026-09-18 11:45:52 [INFO] ai_bulk_remix: [49/196] START -> 6b924eb1-dc26-4cf7-a783-3898421c6cfa.mp4
2026-09-18 11:46:04 [INFO] ai_bulk_remix: [47/196] DONE  6a75aaa6-ca9b-4e75-b957-ab075113d5f4.mp4 (29.0s)
2026-09-18 11:46:04 [INFO] ai_bulk_remix: [50/196] START -> 6d742a25-7dd4-4af5-ab5e-952e8d159291.mp4
2026-09-18 11:46:05 [INFO] ai_bulk_remix: [44/196] DONE  62375b65-2d43-403e-8683-3050147fde37.mp4 (65.0s)
2026-09-18 11:46:05 [INFO] ai_bulk_remix: [51/196] START -> 6ed6db26-ed12-4713-af5a-9812f0a3a663.mp4
2026-09-18 11:46:08 [INFO] ai_bulk_remix: [42/196] DONE  5897df3d-c049-478f-a762-98ea561879a9.mp4 (72.0s)
2026-09-18 11:46:08 [INFO] ai_bulk_remix: [52/196] START -> 70ca22f0-efa7-441a-9d41-99a543b1b7c4.mp4
2026-09-18 11:46:25 [INFO] ai_bulk_remix: [48/196] DONE  6aedc289-0bd7-4fbe-91d6-e54af893549b.mp4 (30.8s)
2026-09-18 11:46:25 [INFO] ai_bulk_remix: [53/196] START -> 787ea1e6-66a3-48b2-8783-9d648d3c11d1.mp4
2026-09-18 11:46:27 [INFO] ai_bulk_remix: [50/196] DONE  6d742a25-7dd4-4af5-ab5e-952e8d159291.mp4 (21.2s)
2026-09-18 11:46:27 [INFO] ai_bulk_remix: [54/196] START -> 790d47ac-d87d-4c52-85b2-a475b45e0b7b.mp4
2026-09-18 11:46:29 [INFO] ai_bulk_remix: [43/196] DONE  60d31d53-0d34-4fec-b411-71045f20f632.mp4 (89.4s)
2026-09-18 11:46:29 [INFO] ai_bulk_remix: [55/196] START -> 7b07792b-6e17-4afe-9933-713cdcad99cc.mp4
2026-09-18 11:46:34 [INFO] ai_bulk_remix: [51/196] DONE  6ed6db26-ed12-4713-af5a-9812f0a3a663.mp4 (26.9s)
2026-09-18 11:46:34 [INFO] ai_bulk_remix: [56/196] START -> 8080b7be-8ef0-4eb1-95e7-30472e2f1095.mp4
2026-09-18 11:46:54 [INFO] ai_bulk_remix: [54/196] DONE  790d47ac-d87d-4c52-85b2-a475b45e0b7b.mp4 (24.7s)
2026-09-18 11:46:54 [INFO] ai_bulk_remix: [57/196] START -> 827b9b14-3c2d-400a-b082-5d8fa5551b40.mp4
2026-09-18 11:47:03 [INFO] ai_bulk_remix: [56/196] DONE  8080b7be-8ef0-4eb1-95e7-30472e2f1095.mp4 (27.1s)
2026-09-18 11:47:03 [INFO] ai_bulk_remix: [58/196] START -> 83bcc58e-7d95-4a7e-a15a-b6fd02e28163.mp4
2026-09-18 11:47:05 [INFO] ai_bulk_remix: [53/196] DONE  787ea1e6-66a3-48b2-8783-9d648d3c11d1.mp4 (37.9s)
2026-09-18 11:47:05 [INFO] ai_bulk_remix: [59/196] START -> 8892a706-1c39-4474-acdd-a97d87437ca7.mp4
2026-09-18 11:47:06 [INFO] ai_bulk_remix: [49/196] DONE  6b924eb1-dc26-4cf7-a783-3898421c6cfa.mp4 (71.5s)
2026-09-18 11:47:06 [INFO] ai_bulk_remix: [60/196] START -> 8cb577bc-3234-4928-af96-1269a4cdc938.mp4
2026-09-18 11:47:15 [INFO] ai_bulk_remix: [52/196] DONE  70ca22f0-efa7-441a-9d41-99a543b1b7c4.mp4 (64.0s)
2026-09-18 11:47:15 [INFO] ai_bulk_remix: [61/196] START -> 8e44a1be-7547-4dd2-ae51-075e2449459c.mp4
2026-09-18 11:47:32 [INFO] ai_bulk_remix: [57/196] DONE  827b9b14-3c2d-400a-b082-5d8fa5551b40.mp4 (35.9s)
2026-09-18 11:47:32 [INFO] ai_bulk_remix: [62/196] START -> 936de465-74a8-4615-ae77-21c5d7675fad.mp4
2026-09-18 11:47:34 [INFO] ai_bulk_remix: [58/196] DONE  83bcc58e-7d95-4a7e-a15a-b6fd02e28163.mp4 (29.5s)
2026-09-18 11:47:34 [INFO] ai_bulk_remix: [63/196] START -> 94f48924-067a-4b40-ade7-43a678bf423d.mp4
2026-09-18 11:47:39 [INFO] ai_bulk_remix: [60/196] DONE  8cb577bc-3234-4928-af96-1269a4cdc938.mp4 (30.2s)
2026-09-18 11:47:39 [INFO] ai_bulk_remix: [64/196] START -> 9b16fe02-cb71-4592-8fec-0d7f94871947.mp4
2026-09-18 11:47:41 [INFO] ai_bulk_remix: [55/196] DONE  7b07792b-6e17-4afe-9933-713cdcad99cc.mp4 (69.9s)
2026-09-18 11:47:41 [INFO] ai_bulk_remix: [65/196] START -> 9e94d64c-55a2-4e61-ab9b-6f8d032fe520.mp4
2026-09-18 11:48:05 [INFO] ai_bulk_remix: [63/196] DONE  94f48924-067a-4b40-ade7-43a678bf423d.mp4 (28.2s)
2026-09-18 11:48:05 [INFO] ai_bulk_remix: [66/196] START -> 9ecaa5db-2146-47a9-a4a2-becf58a3bef7.mp4
2026-09-18 11:48:08 [INFO] ai_bulk_remix: [59/196] DONE  8892a706-1c39-4474-acdd-a97d87437ca7.mp4 (60.9s)
2026-09-18 11:48:08 [INFO] ai_bulk_remix: [67/196] START -> 9fd4d812-6733-4202-a807-385be2fa79c2.mp4
2026-09-18 11:48:12 [INFO] ai_bulk_remix: [65/196] DONE  9e94d64c-55a2-4e61-ab9b-6f8d032fe520.mp4 (29.1s)
2026-09-18 11:48:12 [INFO] ai_bulk_remix: [68/196] START -> InShot_20260917_223746294.mp4
2026-09-18 11:48:31 [INFO] ai_bulk_remix: [64/196] DONE  9b16fe02-cb71-4592-8fec-0d7f94871947.mp4 (49.5s)
2026-09-18 11:48:31 [INFO] ai_bulk_remix: [69/196] START -> InShot_20260917_224116555.mp4
2026-09-18 11:48:35 [INFO] ai_bulk_remix: [62/196] DONE  936de465-74a8-4615-ae77-21c5d7675fad.mp4 (60.8s)
2026-09-18 11:48:35 [INFO] ai_bulk_remix: [70/196] START -> InShot_20260917_225421122.mp4
2026-09-18 11:48:41 [INFO] ai_bulk_remix: [66/196] DONE  9ecaa5db-2146-47a9-a4a2-becf58a3bef7.mp4 (34.1s)
2026-09-18 11:48:41 [INFO] ai_bulk_remix: [71/196] START -> InShot_20260917_225448121.mp4
2026-09-18 11:48:44 [INFO] ai_bulk_remix: [61/196] DONE  8e44a1be-7547-4dd2-ae51-075e2449459c.mp4 (86.4s)
2026-09-18 11:48:45 [INFO] ai_bulk_remix: [72/196] START -> InShot_20260917_225516961.mp4
2026-09-18 11:49:01 [INFO] ai_bulk_remix: [69/196] DONE  InShot_20260917_224116555.mp4 (27.5s)
2026-09-18 11:49:02 [INFO] ai_bulk_remix: [73/196] START -> InShot_20260917_225537875.mp4
2026-09-18 11:49:26 [INFO] ai_bulk_remix: [67/196] DONE  9fd4d812-6733-4202-a807-385be2fa79c2.mp4 (74.2s)
2026-09-18 11:49:26 [INFO] ai_bulk_remix: [74/196] START -> InShot_20260917_225606891.mp4
2026-09-18 11:49:36 [INFO] ai_bulk_remix: [73/196] DONE  InShot_20260917_225537875.mp4 (30.7s)
2026-09-18 11:49:36 [INFO] ai_bulk_remix: [75/196] START -> InShot_20260917_225625918.mp4
2026-09-18 11:49:37 [INFO] ai_bulk_remix: [71/196] DONE  InShot_20260917_225448121.mp4 (53.7s)
2026-09-18 11:49:37 [INFO] ai_bulk_remix: [76/196] START -> InShot_20260917_225702824.mp4
2026-09-18 11:49:37 [INFO] ai_bulk_remix: [68/196] DONE  InShot_20260917_223746294.mp4 (81.9s)
2026-09-18 11:49:37 [INFO] ai_bulk_remix: [77/196] START -> InShot_20260917_225738488.mp4
2026-09-18 11:49:44 [INFO] ai_bulk_remix: [70/196] DONE  InShot_20260917_225421122.mp4 (65.7s)
2026-09-18 11:49:44 [INFO] ai_bulk_remix: [78/196] START -> InShot_20260917_225810113.mp4
2026-09-18 11:49:46 [INFO] ai_bulk_remix: [72/196] DONE  InShot_20260917_225516961.mp4 (58.1s)
2026-09-18 11:49:46 [INFO] ai_bulk_remix: [79/196] START -> InShot_20260917_225839119.mp4
2026-09-18 11:50:05 [INFO] ai_bulk_remix: [75/196] DONE  InShot_20260917_225625918.mp4 (27.1s)
2026-09-18 11:50:05 [INFO] ai_bulk_remix: [80/196] START -> InShot_20260917_225900496.mp4
2026-09-18 11:50:12 [INFO] ai_bulk_remix: [74/196] DONE  InShot_20260917_225606891.mp4 (43.2s)
2026-09-18 11:50:12 [INFO] ai_bulk_remix: [81/196] START -> InShot_20260917_225922457.mp4
2026-09-18 11:50:24 [INFO] ai_bulk_remix: [79/196] DONE  InShot_20260917_225839119.mp4 (35.9s)
2026-09-18 11:50:24 [INFO] ai_bulk_remix: [82/196] START -> InShot_20260917_230001543.mp4
2026-09-18 11:50:37 [INFO] ai_bulk_remix: [80/196] DONE  InShot_20260917_225900496.mp4 (28.6s)
2026-09-18 11:50:37 [INFO] ai_bulk_remix: [83/196] START -> InShot_20260917_230029134.mp4
2026-09-18 11:51:15 [INFO] ai_bulk_remix: [83/196] DONE  InShot_20260917_230029134.mp4 (35.4s)
2026-09-18 11:51:15 [INFO] ai_bulk_remix: [84/196] START -> InShot_20260917_230050780.mp4
2026-09-18 11:51:29 [INFO] ai_bulk_remix: [81/196] DONE  InShot_20260917_225922457.mp4 (74.7s)
2026-09-18 11:51:29 [INFO] ai_bulk_remix: [85/196] START -> InShot_20260917_230235009.mp4
2026-09-18 11:51:34 [INFO] ai_bulk_remix: [78/196] DONE  InShot_20260917_225810113.mp4 (107.6s)
2026-09-18 11:51:34 [INFO] ai_bulk_remix: [86/196] START -> InShot_20260917_230326652.mp4
2026-09-18 11:51:36 [INFO] ai_bulk_remix: [77/196] DONE  InShot_20260917_225738488.mp4 (116.0s)
2026-09-18 11:51:36 [INFO] ai_bulk_remix: [87/196] START -> InShot_20260917_230355595.mp4
2026-09-18 11:51:46 [INFO] ai_bulk_remix: [82/196] DONE  InShot_20260917_230001543.mp4 (79.4s)
2026-09-18 11:51:46 [INFO] ai_bulk_remix: [88/196] START -> InShot_20260917_230437135.mp4
2026-09-18 11:52:23 [INFO] ai_bulk_remix: [76/196] DONE  InShot_20260917_225702824.mp4 (164.3s)
2026-09-18 11:52:23 [INFO] ai_bulk_remix: [89/196] START -> InShot_20260917_230513660.mp4
2026-09-18 11:52:45 [INFO] ai_bulk_remix: [87/196] DONE  InShot_20260917_230355595.mp4 (66.7s)
2026-09-18 11:52:45 [INFO] ai_bulk_remix: [90/196] START -> InShot_20260917_230538264.mp4
2026-09-18 11:54:05 [INFO] ai_bulk_remix: [89/196] DONE  InShot_20260917_230513660.mp4 (99.5s)
2026-09-18 11:54:05 [INFO] ai_bulk_remix: [91/196] START -> InShot_20260917_230605962.mp4
2026-09-18 11:54:35 [INFO] ai_bulk_remix: [90/196] DONE  InShot_20260917_230538264.mp4 (106.3s)
2026-09-18 11:54:35 [INFO] ai_bulk_remix: [92/196] START -> InShot_20260917_230638602.mp4
2026-09-18 11:54:37 [INFO] ai_bulk_remix: [86/196] DONE  InShot_20260917_230326652.mp4 (180.3s)
2026-09-18 11:54:37 [INFO] ai_bulk_remix: [93/196] START -> InShot_20260917_230659875.mp4
2026-09-18 11:54:41 [INFO] ai_bulk_remix: [88/196] DONE  InShot_20260917_230437135.mp4 (172.5s)
2026-09-18 11:54:41 [INFO] ai_bulk_remix: [94/196] START -> InShot_20260917_230718743.mp4
2026-09-18 11:55:12 [INFO] ai_bulk_remix: [91/196] DONE  InShot_20260917_230605962.mp4 (62.9s)
2026-09-18 11:55:12 [INFO] ai_bulk_remix: [95/196] START -> InShot_20260917_230738781.mp4
2026-09-18 11:55:19 [INFO] ai_bulk_remix: [92/196] DONE  InShot_20260917_230638602.mp4 (41.4s)
2026-09-18 11:55:19 [INFO] ai_bulk_remix: [96/196] START -> InShot_20260917_230805016.mp4
2026-09-18 11:55:28 [INFO] ai_bulk_remix: [93/196] DONE  InShot_20260917_230659875.mp4 (49.1s)
2026-09-18 11:55:28 [INFO] ai_bulk_remix: [97/196] START -> InShot_20260917_230831060.mp4
2026-09-18 11:55:52 [INFO] ai_bulk_remix: [94/196] DONE  InShot_20260917_230718743.mp4 (68.4s)
2026-09-18 11:55:52 [INFO] ai_bulk_remix: [98/196] START -> InShot_20260917_230856846.mp4
2026-09-18 11:56:24 [INFO] ai_bulk_remix: [85/196] DONE  InShot_20260917_230235009.mp4 (292.3s)
2026-09-18 11:56:24 [INFO] ai_bulk_remix: [99/196] START -> InShot_20260917_230953824.mp4
2026-09-18 11:56:29 [INFO] ai_bulk_remix: [96/196] DONE  InShot_20260917_230805016.mp4 (67.7s)
2026-09-18 11:56:29 [INFO] ai_bulk_remix: [100/196] START -> InShot_20260917_231011318.mp4
2026-09-18 11:56:49 [INFO] ai_bulk_remix: [98/196] DONE  InShot_20260917_230856846.mp4 (54.1s)
2026-09-18 11:56:49 [INFO] ai_bulk_remix: [101/196] START -> InShot_20260917_231028111.mp4
2026-09-18 11:56:51 [INFO] ai_bulk_remix: [97/196] DONE  InShot_20260917_230831060.mp4 (80.1s)
2026-09-18 11:56:51 [INFO] ai_bulk_remix: [102/196] START -> InShot_20260917_231048280.mp4
2026-09-18 11:57:10 [INFO] ai_bulk_remix: [99/196] DONE  InShot_20260917_230953824.mp4 (43.0s)
2026-09-18 11:57:10 [INFO] ai_bulk_remix: [103/196] START -> InShot_20260917_231106744.mp4
2026-09-18 11:57:14 [INFO] ai_bulk_remix: [95/196] DONE  InShot_20260917_230738781.mp4 (119.1s)
2026-09-18 11:57:14 [INFO] ai_bulk_remix: [104/196] START -> InShot_20260917_231203473.mp4
2026-09-18 11:57:16 [INFO] ai_bulk_remix: [100/196] DONE  InShot_20260917_231011318.mp4 (44.3s)
2026-09-18 11:57:18 [INFO] ai_bulk_remix: [105/196] START -> InShot_20260917_231242482.mp4
2026-09-18 11:57:40 [INFO] ai_bulk_remix: [84/196] DONE  InShot_20260917_230050780.mp4 (381.8s)
2026-09-18 11:57:40 [INFO] ai_bulk_remix: [106/196] START -> InShot_20260917_231302294.mp4
2026-09-18 11:57:59 [INFO] ai_bulk_remix: [102/196] DONE  InShot_20260917_231048280.mp4 (66.3s)
2026-09-18 11:57:59 [INFO] ai_bulk_remix: [107/196] START -> InShot_20260917_231329260.mp4
2026-09-18 11:58:01 [INFO] ai_bulk_remix: [103/196] DONE  InShot_20260917_231106744.mp4 (49.9s)
2026-09-18 11:58:01 [INFO] ai_bulk_remix: [108/196] START -> InShot_20260917_231351066.mp4
2026-09-18 11:58:04 [INFO] ai_bulk_remix: [101/196] DONE  InShot_20260917_231028111.mp4 (72.3s)
2026-09-18 11:58:04 [INFO] ai_bulk_remix: [109/196] START -> InShot_20260917_231412884.mp4
2026-09-18 11:58:25 [INFO] ai_bulk_remix: [105/196] DONE  InShot_20260917_231242482.mp4 (64.2s)
2026-09-18 11:58:25 [INFO] ai_bulk_remix: [110/196] START -> InShot_20260917_231438732.mp4
2026-09-18 11:58:38 [INFO] ai_bulk_remix: [106/196] DONE  InShot_20260917_231302294.mp4 (55.8s)
2026-09-18 11:58:38 [INFO] ai_bulk_remix: [111/196] START -> InShot_20260917_231459110.mp4
2026-09-18 11:58:53 [INFO] ai_bulk_remix: [107/196] DONE  InShot_20260917_231329260.mp4 (52.5s)
2026-09-18 11:58:53 [INFO] ai_bulk_remix: [112/196] START -> InShot_20260917_231533425.mp4
2026-09-18 11:59:04 [INFO] ai_bulk_remix: [110/196] DONE  InShot_20260917_231438732.mp4 (37.5s)
2026-09-18 11:59:04 [INFO] ai_bulk_remix: [113/196] START -> InShot_20260917_231611474.mp4
2026-09-18 11:59:07 [INFO] ai_bulk_remix: [108/196] DONE  InShot_20260917_231351066.mp4 (63.3s)
2026-09-18 11:59:07 [INFO] ai_bulk_remix: [114/196] START -> InShot_20260917_231631091.mp4
2026-09-18 11:59:11 [INFO] ai_bulk_remix: [109/196] DONE  InShot_20260917_231412884.mp4 (64.4s)
2026-09-18 11:59:11 [INFO] ai_bulk_remix: [115/196] START -> InShot_20260917_231722070.mp4
2026-09-18 11:59:22 [INFO] ai_bulk_remix: [111/196] DONE  InShot_20260917_231459110.mp4 (41.2s)
2026-09-18 11:59:22 [INFO] ai_bulk_remix: [116/196] START -> InShot_20260917_231748292.mp4
2026-09-18 11:59:24 [INFO] ai_bulk_remix: [104/196] DONE  InShot_20260917_231203473.mp4 (127.8s)
2026-09-18 11:59:24 [INFO] ai_bulk_remix: [117/196] START -> InShot_20260917_231828921.mp4
2026-09-18 11:59:36 [INFO] ai_bulk_remix: [112/196] DONE  InShot_20260917_231533425.mp4 (40.4s)
2026-09-18 11:59:36 [INFO] ai_bulk_remix: [118/196] START -> InShot_20260917_231850555.mp4
2026-09-18 11:59:44 [INFO] ai_bulk_remix: [113/196] DONE  InShot_20260917_231611474.mp4 (37.3s)
2026-09-18 11:59:44 [INFO] ai_bulk_remix: [119/196] START -> InShot_20260917_231911259.mp4
2026-09-18 11:59:51 [INFO] ai_bulk_remix: [114/196] DONE  InShot_20260917_231631091.mp4 (41.7s)
2026-09-18 11:59:51 [INFO] ai_bulk_remix: [120/196] START -> InShot_20260917_231936775.mp4
2026-09-18 12:00:03 [INFO] ai_bulk_remix: [116/196] DONE  InShot_20260917_231748292.mp4 (39.3s)
2026-09-18 12:00:03 [INFO] ai_bulk_remix: [121/196] START -> InShot_20260917_232004665.mp4
2026-09-18 12:00:05 [INFO] ai_bulk_remix: [117/196] DONE  InShot_20260917_231828921.mp4 (39.2s)
2026-09-18 12:00:05 [INFO] ai_bulk_remix: [122/196] START -> InShot_20260917_232052429.mp4
2026-09-18 12:00:13 [INFO] ai_bulk_remix: [115/196] DONE  InShot_20260917_231722070.mp4 (59.3s)
2026-09-18 12:00:13 [INFO] ai_bulk_remix: [123/196] START -> InShot_20260917_232118050.mp4
2026-09-18 12:00:41 [INFO] ai_bulk_remix: [121/196] DONE  InShot_20260917_232004665.mp4 (35.7s)
2026-09-18 12:00:41 [INFO] ai_bulk_remix: [124/196] START -> InShot_20260917_232138572.mp4
2026-09-18 12:00:45 [INFO] ai_bulk_remix: [119/196] DONE  InShot_20260917_231911259.mp4 (59.3s)
2026-09-18 12:00:45 [INFO] ai_bulk_remix: [125/196] START -> InShot_20260917_232218507.mp4
2026-09-18 12:00:49 [INFO] ai_bulk_remix: [122/196] DONE  InShot_20260917_232052429.mp4 (42.7s)
2026-09-18 12:00:49 [INFO] ai_bulk_remix: [126/196] START -> InShot_20260917_232254008.mp4
2026-09-18 12:00:50 [INFO] ai_bulk_remix: [118/196] DONE  InShot_20260917_231850555.mp4 (71.9s)
2026-09-18 12:00:50 [INFO] ai_bulk_remix: [127/196] START -> a186f62e-fa3e-4ef8-bc91-3a7ecbffb0b6.mp4
2026-09-18 12:00:57 [INFO] ai_bulk_remix: [123/196] DONE  InShot_20260917_232118050.mp4 (42.3s)
2026-09-18 12:00:57 [INFO] ai_bulk_remix: [128/196] START -> a1fc5b77-5fcb-4d59-9445-39d634f514ac.mp4
2026-09-18 12:01:14 [INFO] ai_bulk_remix: [127/196] DONE  a186f62e-fa3e-4ef8-bc91-3a7ecbffb0b6.mp4 (21.8s)
2026-09-18 12:01:14 [INFO] ai_bulk_remix: [129/196] START -> a6b8596d-7ce0-45bc-8177-ce2779fe3542.mp4
2026-09-18 12:01:26 [INFO] ai_bulk_remix: [120/196] DONE  InShot_20260917_231936775.mp4 (92.8s)
2026-09-18 12:01:26 [INFO] ai_bulk_remix: [130/196] START -> a9f8ed39-1959-46e3-80c2-aef209e25b88.mp4
2026-09-18 12:01:41 [INFO] ai_bulk_remix: [129/196] DONE  a6b8596d-7ce0-45bc-8177-ce2779fe3542.mp4 (24.9s)
2026-09-18 12:01:41 [INFO] ai_bulk_remix: [131/196] START -> aa62ae6a-352a-4c78-bedb-04afd947603d.mp4
2026-09-18 12:01:53 [INFO] ai_bulk_remix: [128/196] DONE  a1fc5b77-5fcb-4d59-9445-39d634f514ac.mp4 (52.8s)
2026-09-18 12:01:53 [INFO] ai_bulk_remix: [132/196] START -> aa6ab2b0-1864-447b-8afc-ab0495727352.mp4
2026-09-18 12:02:10 [INFO] ai_bulk_remix: [130/196] DONE  a9f8ed39-1959-46e3-80c2-aef209e25b88.mp4 (42.3s)
2026-09-18 12:02:10 [INFO] ai_bulk_remix: [133/196] START -> ad15295b-5dfe-466a-88fa-cf7b22d507f3.mp4
2026-09-18 12:02:16 [INFO] ai_bulk_remix: [131/196] DONE  aa62ae6a-352a-4c78-bedb-04afd947603d.mp4 (33.1s)
2026-09-18 12:02:16 [INFO] ai_bulk_remix: [134/196] START -> b1ea4137-835a-4fd0-89bc-f8bf39b12106.mp4
2026-09-18 12:02:35 [INFO] ai_bulk_remix: [133/196] DONE  ad15295b-5dfe-466a-88fa-cf7b22d507f3.mp4 (22.6s)
2026-09-18 12:02:35 [INFO] ai_bulk_remix: [135/196] START -> b219cf80-b0dd-46a2-bff9-772039a0b984.mp4
2026-09-18 12:02:35 [INFO] ai_bulk_remix: [132/196] DONE  aa6ab2b0-1864-447b-8afc-ab0495727352.mp4 (40.8s)
2026-09-18 12:02:35 [INFO] ai_bulk_remix: [136/196] START -> b2d2d7db-5673-4d28-9de5-179b7de1fd98.mp4
2026-09-18 12:02:49 [INFO] ai_bulk_remix: [126/196] DONE  InShot_20260917_232254008.mp4 (117.4s)
2026-09-18 12:02:49 [INFO] ai_bulk_remix: [137/196] START -> b92f32d7-dcda-40aa-aa66-9a9f53448039.mp4
2026-09-18 12:03:16 [INFO] ai_bulk_remix: [134/196] DONE  b1ea4137-835a-4fd0-89bc-f8bf39b12106.mp4 (58.2s)
2026-09-18 12:03:16 [INFO] ai_bulk_remix: [138/196] START -> b9c39935-4e7a-41b9-acfc-d20508dcadf0.mp4
2026-09-18 12:03:17 [INFO] ai_bulk_remix: [137/196] DONE  b92f32d7-dcda-40aa-aa66-9a9f53448039.mp4 (25.4s)
2026-09-18 12:03:17 [INFO] ai_bulk_remix: [139/196] START -> ba74898b-1d02-432c-afe8-4427d86c4b93.mp4
2026-09-18 12:03:24 [INFO] ai_bulk_remix: [136/196] DONE  b2d2d7db-5673-4d28-9de5-179b7de1fd98.mp4 (46.8s)
2026-09-18 12:03:24 [INFO] ai_bulk_remix: [140/196] START -> bac23f52-ecae-4a49-b4df-3ccf4f5c692d.mp4
2026-09-18 12:03:32 [INFO] ai_bulk_remix: [135/196] DONE  b219cf80-b0dd-46a2-bff9-772039a0b984.mp4 (55.5s)
2026-09-18 12:03:32 [INFO] ai_bulk_remix: [141/196] START -> bf333fc6-8066-4c26-a40e-af6cce8f1c6d.mp4
2026-09-18 12:03:47 [INFO] ai_bulk_remix: [139/196] DONE  ba74898b-1d02-432c-afe8-4427d86c4b93.mp4 (29.0s)
2026-09-18 12:03:47 [INFO] ai_bulk_remix: [142/196] START -> c01d2b8c-c1ac-4e7f-9c74-168751bfe19f.mp4
2026-09-18 12:04:01 [INFO] ai_bulk_remix: [141/196] DONE  bf333fc6-8066-4c26-a40e-af6cce8f1c6d.mp4 (26.5s)
2026-09-18 12:04:01 [INFO] ai_bulk_remix: [143/196] START -> c3dd5f96-42e3-44fc-a726-c54223363553.mp4
2026-09-18 12:04:08 [INFO] ai_bulk_remix: [138/196] DONE  b9c39935-4e7a-41b9-acfc-d20508dcadf0.mp4 (50.0s)
2026-09-18 12:04:08 [INFO] ai_bulk_remix: [144/196] START -> c77b804c-b7a8-4930-ad0b-89237a9508af.mp4
2026-09-18 12:04:14 [INFO] ai_bulk_remix: [140/196] DONE  bac23f52-ecae-4a49-b4df-3ccf4f5c692d.mp4 (48.1s)
2026-09-18 12:04:14 [INFO] ai_bulk_remix: [145/196] START -> c7d967d9-d04c-40e7-a593-c24ca609ba08.mp4
2026-09-18 12:04:29 [INFO] ai_bulk_remix: [124/196] DONE  InShot_20260917_232138572.mp4 (226.0s)
2026-09-18 12:04:29 [INFO] ai_bulk_remix: [146/196] START -> c868d1c9-6614-4248-bf23-19dd20d8b30f.mp4
2026-09-18 12:04:33 [INFO] ai_bulk_remix: [125/196] DONE  InShot_20260917_232218507.mp4 (225.5s)
2026-09-18 12:04:34 [INFO] ai_bulk_remix: [147/196] START -> cabb6c2a-6bbb-4ab3-b3f4-1b346ec9f5cb.mp4
2026-09-18 12:04:35 [INFO] ai_bulk_remix: [143/196] DONE  c3dd5f96-42e3-44fc-a726-c54223363553.mp4 (31.4s)
2026-09-18 12:04:35 [INFO] ai_bulk_remix: [148/196] START -> ce769c04-54c6-463d-8cee-ab2e7e86e53d.mp4
2026-09-18 12:04:51 [INFO] ai_bulk_remix: [144/196] DONE  c77b804c-b7a8-4930-ad0b-89237a9508af.mp4 (41.5s)
2026-09-18 12:04:51 [INFO] ai_bulk_remix: [149/196] START -> cecbd085-924a-4a0d-b591-7e30480cea47.mp4
2026-09-18 12:04:58 [INFO] ai_bulk_remix: [148/196] DONE  ce769c04-54c6-463d-8cee-ab2e7e86e53d.mp4 (21.3s)
2026-09-18 12:04:58 [INFO] ai_bulk_remix: [150/196] START -> cf588354-b935-4f73-afdc-4ebf149896fa.mp4
2026-09-18 12:05:07 [INFO] ai_bulk_remix: [142/196] DONE  c01d2b8c-c1ac-4e7f-9c74-168751bfe19f.mp4 (77.9s)
2026-09-18 12:05:07 [INFO] ai_bulk_remix: [151/196] START -> d1f843ef-46e2-476f-a4fd-b53bee470e0c.mp4
2026-09-18 12:05:08 [INFO] ai_bulk_remix: [147/196] DONE  cabb6c2a-6bbb-4ab3-b3f4-1b346ec9f5cb.mp4 (32.3s)
2026-09-18 12:05:08 [INFO] ai_bulk_remix: [152/196] START -> d4d88152-dd91-4d06-8873-259a72cb188c.mp4
2026-09-18 12:05:09 [INFO] ai_bulk_remix: [146/196] DONE  c868d1c9-6614-4248-bf23-19dd20d8b30f.mp4 (37.7s)
2026-09-18 12:05:09 [INFO] ai_bulk_remix: [153/196] START -> dd8694ad-a7c9-426b-abae-b6c091349a9b.mp4
2026-09-18 12:05:26 [INFO] ai_bulk_remix: [145/196] DONE  c7d967d9-d04c-40e7-a593-c24ca609ba08.mp4 (65.7s)
2026-09-18 12:05:26 [INFO] ai_bulk_remix: [154/196] START -> dd930393-c645-48d5-bfd8-55779f1e1388.mp4
2026-09-18 12:05:42 [INFO] ai_bulk_remix: [152/196] DONE  d4d88152-dd91-4d06-8873-259a72cb188c.mp4 (32.8s)
2026-09-18 12:05:43 [INFO] ai_bulk_remix: [155/196] START -> dff3444c-9ef7-4974-a8df-d033e8fcae11.mp4
2026-09-18 12:05:43 [INFO] ai_bulk_remix: [150/196] DONE  cf588354-b935-4f73-afdc-4ebf149896fa.mp4 (43.1s)
2026-09-18 12:05:43 [INFO] ai_bulk_remix: [156/196] START -> e02fb2fd-a887-4f0f-99c3-e6b94b3d6856.mp4
2026-09-18 12:05:44 [INFO] ai_bulk_remix: [149/196] DONE  cecbd085-924a-4a0d-b591-7e30480cea47.mp4 (50.5s)
2026-09-18 12:05:44 [INFO] ai_bulk_remix: [157/196] START -> e2b41009-e591-4f45-9d77-4f5d39efc536.mp4
2026-09-18 12:05:51 [INFO] ai_bulk_remix: [154/196] DONE  dd930393-c645-48d5-bfd8-55779f1e1388.mp4 (23.3s)
2026-09-18 12:05:51 [INFO] ai_bulk_remix: [158/196] START -> e3fbf1ad-21cf-4c98-9122-ef79dc131730.mp4
2026-09-18 12:05:55 [INFO] ai_bulk_remix: [153/196] DONE  dd8694ad-a7c9-426b-abae-b6c091349a9b.mp4 (44.1s)
2026-09-18 12:05:55 [INFO] ai_bulk_remix: [159/196] START -> e48fee30-c665-42ad-892a-15cf2959b080.mp4
2026-09-18 12:05:55 [INFO] ai_bulk_remix: [151/196] DONE  d1f843ef-46e2-476f-a4fd-b53bee470e0c.mp4 (46.6s)
2026-09-18 12:05:55 [INFO] ai_bulk_remix: [160/196] START -> ef24a513-9a2d-4407-ad4f-bafb1798c0e2.mp4
2026-09-18 12:05:58 [INFO] ai_bulk_remix: [157/196] DONE  e2b41009-e591-4f45-9d77-4f5d39efc536.mp4 (12.7s)
2026-09-18 12:05:58 [INFO] ai_bulk_remix: [161/196] START -> ef619979-f461-449e-ac6e-1d2367b09fa8.mp4
2026-09-18 12:06:01 [INFO] ai_bulk_remix: [156/196] DONE  e02fb2fd-a887-4f0f-99c3-e6b94b3d6856.mp4 (17.1s)
2026-09-18 12:06:01 [INFO] ai_bulk_remix: [162/196] START -> f385c707-6ee3-4eca-870e-ee356590200e.mp4
2026-09-18 12:06:09 [INFO] ai_bulk_remix: [155/196] DONE  dff3444c-9ef7-4974-a8df-d033e8fcae11.mp4 (25.0s)
2026-09-18 12:06:09 [INFO] ai_bulk_remix: [163/196] START -> f4713537-7303-483c-81c4-1c6a2a165ac1.mp4
2026-09-18 12:06:15 [INFO] ai_bulk_remix: [159/196] DONE  e48fee30-c665-42ad-892a-15cf2959b080.mp4 (18.0s)
2026-09-18 12:06:15 [INFO] ai_bulk_remix: [164/196] START -> f6a210c1-e1c4-474e-9dc1-ba7ba5639dce.mp4
2026-09-18 12:06:16 [INFO] ai_bulk_remix: [160/196] DONE  ef24a513-9a2d-4407-ad4f-bafb1798c0e2.mp4 (18.5s)
2026-09-18 12:06:16 [INFO] ai_bulk_remix: [165/196] START -> f6c28816-cb35-4c0e-9177-95622740a0cb.mp4
2026-09-18 12:06:24 [INFO] ai_bulk_remix: [162/196] DONE  f385c707-6ee3-4eca-870e-ee356590200e.mp4 (21.1s)
2026-09-18 12:06:24 [INFO] ai_bulk_remix: [166/196] START -> f908eb83-8e9e-4f3a-8f39-b0741c43f05d.mp4
2026-09-18 12:06:25 [INFO] ai_bulk_remix: [158/196] DONE  e3fbf1ad-21cf-4c98-9122-ef79dc131730.mp4 (31.8s)
2026-09-18 12:06:25 [INFO] ai_bulk_remix: [167/196] START -> fbe45ef3-d35e-402d-ae9f-42959277bc5d.mp4
2026-09-18 12:06:26 [INFO] ai_bulk_remix: [161/196] DONE  ef619979-f461-449e-ac6e-1d2367b09fa8.mp4 (25.5s)
2026-09-18 12:06:26 [INFO] ai_bulk_remix: [168/196] START -> snaptik_7670211040818334990_v3 (1).mp4
2026-09-18 12:06:37 [INFO] ai_bulk_remix: [165/196] DONE  f6c28816-cb35-4c0e-9177-95622740a0cb.mp4 (19.9s)
2026-09-18 12:06:37 [INFO] ai_bulk_remix: [169/196] START -> snaptik_7670226193882336525_v3 (1).mp4
2026-09-18 12:06:54 [INFO] ai_bulk_remix: [167/196] DONE  fbe45ef3-d35e-402d-ae9f-42959277bc5d.mp4 (27.4s)
2026-09-18 12:06:54 [INFO] ai_bulk_remix: [170/196] START -> snaptik_7670229862816304398_v3 (1).mp4
2026-09-18 12:06:57 [INFO] ai_bulk_remix: [168/196] DONE  snaptik_7670211040818334990_v3 (1).mp4 (28.6s)
2026-09-18 12:06:57 [INFO] ai_bulk_remix: [171/196] START -> snaptik_7670983568675343629_v3 (1).mp4
2026-09-18 12:07:05 [INFO] ai_bulk_remix: [163/196] DONE  f4713537-7303-483c-81c4-1c6a2a165ac1.mp4 (54.0s)
2026-09-18 12:07:05 [INFO] ai_bulk_remix: [172/196] START -> snaptik_7671317946941148429_v3 (1).mp4
2026-09-18 12:07:15 [INFO] ai_bulk_remix: [170/196] DONE  snaptik_7670229862816304398_v3 (1).mp4 (19.0s)
2026-09-18 12:07:15 [INFO] ai_bulk_remix: [173/196] START -> snaptik_7672478011819625741_v3 (1).mp4
2026-09-18 12:07:15 [INFO] ai_bulk_remix: [164/196] DONE  f6a210c1-e1c4-474e-9dc1-ba7ba5639dce.mp4 (58.6s)
2026-09-18 12:07:15 [INFO] ai_bulk_remix: [174/196] START -> snaptik_7672826107749535007_v3 (1).mp4
2026-09-18 12:07:21 [INFO] ai_bulk_remix: [166/196] DONE  f908eb83-8e9e-4f3a-8f39-b0741c43f05d.mp4 (55.3s)
2026-09-18 12:07:21 [INFO] ai_bulk_remix: [175/196] START -> snaptik_7673802567859604750_v3 (1).mp4
2026-09-18 12:07:29 [INFO] ai_bulk_remix: [171/196] DONE  snaptik_7670983568675343629_v3 (1).mp4 (30.1s)
2026-09-18 12:07:29 [INFO] ai_bulk_remix: [176/196] START -> snaptik_7673850353204481294_v3 (1).mp4
2026-09-18 12:07:30 [INFO] ai_bulk_remix: [172/196] DONE  snaptik_7671317946941148429_v3 (1).mp4 (22.5s)
2026-09-18 12:07:30 [INFO] ai_bulk_remix: [177/196] START -> snaptik_7675744878390791437_v3 (1).mp4
2026-09-18 12:07:44 [INFO] ai_bulk_remix: [177/196] DONE  snaptik_7675744878390791437_v3 (1).mp4 (12.7s)
2026-09-18 12:07:44 [INFO] ai_bulk_remix: [178/196] START -> snaptik_7675967302734482701_v3 (1).mp4
2026-09-18 12:07:52 [INFO] ai_bulk_remix: [176/196] DONE  snaptik_7673850353204481294_v3 (1).mp4 (21.2s)
2026-09-18 12:07:52 [INFO] ai_bulk_remix: [179/196] START -> snaptik_7676091515269106958_v3 (1).mp4
2026-09-18 12:07:57 [INFO] ai_bulk_remix: [173/196] DONE  snaptik_7672478011819625741_v3 (1).mp4 (40.8s)
2026-09-18 12:07:58 [INFO] ai_bulk_remix: [180/196] START -> snaptik_7676305728486837518_v3 (1).mp4
2026-09-18 12:08:02 [INFO] ai_bulk_remix: [174/196] DONE  snaptik_7672826107749535007_v3 (1).mp4 (44.8s)
2026-09-18 12:08:02 [INFO] ai_bulk_remix: [181/196] START -> snaptik_7676794229888208142_v3 (1).mp4
2026-09-18 12:08:05 [INFO] ai_bulk_remix: [178/196] DONE  snaptik_7675967302734482701_v3 (1).mp4 (19.7s)
2026-09-18 12:08:05 [INFO] ai_bulk_remix: [182/196] START -> snaptik_7676898603440426253_v3 (1).mp4
2026-09-18 12:08:09 [INFO] ai_bulk_remix: [169/196] DONE  snaptik_7670226193882336525_v3 (1).mp4 (90.1s)
2026-09-18 12:08:09 [INFO] ai_bulk_remix: [183/196] START -> snaptik_7677101954484489485_v3 (1).mp4
2026-09-18 12:08:16 [INFO] ai_bulk_remix: [179/196] DONE  snaptik_7676091515269106958_v3 (1).mp4 (22.2s)
2026-09-18 12:08:16 [INFO] ai_bulk_remix: [184/196] START -> snaptik_7677293982086434061_v3 (1).mp4
2026-09-18 12:08:25 [INFO] ai_bulk_remix: [182/196] DONE  snaptik_7676898603440426253_v3 (1).mp4 (16.6s)
2026-09-18 12:08:25 [INFO] ai_bulk_remix: [185/196] START -> snaptik_7677609061206035725_v3 (1).mp4
2026-09-18 12:08:37 [INFO] ai_bulk_remix: [180/196] DONE  snaptik_7676305728486837518_v3 (1).mp4 (36.9s)
2026-09-18 12:08:37 [INFO] ai_bulk_remix: [186/196] START -> snaptik_7677806187147971854_v3 (1).mp4
2026-09-18 12:08:39 [INFO] ai_bulk_remix: [181/196] DONE  snaptik_7676794229888208142_v3 (1).mp4 (34.5s)
2026-09-18 12:08:39 [INFO] ai_bulk_remix: [187/196] START -> snaptik_7677984084311674126_v3 (1).mp4
2026-09-18 12:08:42 [INFO] ai_bulk_remix: [183/196] DONE  snaptik_7677101954484489485_v3 (1).mp4 (30.6s)
2026-09-18 12:08:42 [INFO] ai_bulk_remix: [188/196] START -> snaptik_7678336522159983885_v3 (1).mp4
2026-09-18 12:08:45 [INFO] ai_bulk_remix: [175/196] DONE  snaptik_7673802567859604750_v3 (1).mp4 (81.4s)
2026-09-18 12:08:45 [INFO] ai_bulk_remix: [189/196] START -> snaptik_7679094645996965134_v3 (1).mp4
2026-09-18 12:08:47 [INFO] ai_bulk_remix: [185/196] DONE  snaptik_7677609061206035725_v3 (1).mp4 (20.6s)
2026-09-18 12:08:47 [INFO] ai_bulk_remix: [190/196] START -> snaptik_7679374623632346398_v3 (1).mp4
2026-09-18 12:08:54 [INFO] ai_bulk_remix: [184/196] DONE  snaptik_7677293982086434061_v3 (1).mp4 (36.0s)
2026-09-18 12:08:54 [INFO] ai_bulk_remix: [191/196] START -> snaptik_7679448337346465038_v3 (1).mp4
2026-09-18 12:09:00 [INFO] ai_bulk_remix: [187/196] DONE  snaptik_7677984084311674126_v3 (1).mp4 (20.1s)
2026-09-18 12:09:00 [INFO] ai_bulk_remix: [192/196] START -> snaptik_7679694208894061837_v3 (1).mp4
2026-09-18 12:09:05 [INFO] ai_bulk_remix: [188/196] DONE  snaptik_7678336522159983885_v3 (1).mp4 (20.0s)
2026-09-18 12:09:05 [INFO] ai_bulk_remix: [193/196] START -> snaptik_7679847631618657550_v3 (1).mp4
2026-09-18 12:09:06 [INFO] ai_bulk_remix: [189/196] DONE  snaptik_7679094645996965134_v3 (1).mp4 (18.9s)
2026-09-18 12:09:06 [INFO] ai_bulk_remix: [194/196] START -> snaptik_7679868050862099726_v3 (1).mp4
2026-09-18 12:09:07 [INFO] ai_bulk_remix: [191/196] DONE  snaptik_7679448337346465038_v3 (1).mp4 (11.2s)
2026-09-18 12:09:07 [INFO] ai_bulk_remix: [195/196] START -> snaptik_7680126175619976461_v3 (1).mp4
2026-09-18 12:09:17 [INFO] ai_bulk_remix: [192/196] DONE  snaptik_7679694208894061837_v3 (1).mp4 (15.8s)
2026-09-18 12:09:17 [INFO] ai_bulk_remix: [196/196] START -> snaptik_7680223803904888077_v3 (1).mp4
2026-09-18 12:09:20 [INFO] ai_bulk_remix: [190/196] DONE  snaptik_7679374623632346398_v3 (1).mp4 (29.9s)
2026-09-18 12:09:20 [INFO] ai_bulk_remix: [195/196] DONE  snaptik_7680126175619976461_v3 (1).mp4 (11.1s)
2026-09-18 12:09:20 [INFO] ai_bulk_remix: [194/196] DONE  snaptik_7679868050862099726_v3 (1).mp4 (13.0s)
2026-09-18 12:09:25 [INFO] ai_bulk_remix: [186/196] DONE  snaptik_7677806187147971854_v3 (1).mp4 (46.1s)
2026-09-18 12:09:29 [INFO] ai_bulk_remix: [193/196] DONE  snaptik_7679847631618657550_v3 (1).mp4 (22.2s)
2026-09-18 12:09:36 [INFO] ai_bulk_remix: [196/196] DONE  snaptik_7680223803904888077_v3 (1).mp4 (16.6s)
2026-09-18 12:09:36 [INFO] ai_bulk_remix: ==================================================
2026-09-18 12:09:36 [INFO] ai_bulk_remix: BATCH PROCESSING COMPLETED
2026-09-18 12:09:36 [INFO] ai_bulk_remix: Successful: 196
2026-09-18 12:09:36 [INFO] ai_bulk_remix: Failed: 0
2026-09-18 12:09:36 [INFO] ai_bulk_remix: Skipped: 0
2026-09-18 12:09:36 [INFO] ai_bulk_remix: Total time: 1760.5s
2026-09-18 12:09:36 [INFO] ai_bulk_remix: ==================================================
2026-09-18 12:39:21 [INFO] ai_bulk_remix: ==================================================
2026-09-18 12:39:21 [INFO] ai_bulk_remix: BATCH PROCESSING STARTED
2026-09-18 12:39:21 [INFO] ai_bulk_remix: Total files: 196
2026-09-18 12:39:21 [INFO] ai_bulk_remix: Output directory: C:/Users/h/Downloads/reverse/reverse edits
2026-09-18 12:39:21 [INFO] ai_bulk_remix: Workers: 6
2026-09-18 12:39:21 [INFO] ai_bulk_remix: Encoder: h264_nvenc
2026-09-18 12:39:21 [INFO] ai_bulk_remix: ==================================================
2026-09-18 12:39:21 [INFO] ai_bulk_remix: [1/196] START -> 05bc10f1-6cc3-41b7-8628-2f1e127c75d0.mp4
2026-09-18 12:39:21 [INFO] ai_bulk_remix: [2/196] START -> 063b0f35-a837-4fe0-bf82-29fa6676b14d.mp4
2026-09-18 12:39:21 [INFO] ai_bulk_remix: [3/196] START -> 0846c628-d36e-4ddc-bd91-0f6e012dcdce.mp4
2026-09-18 12:39:21 [INFO] ai_bulk_remix: [4/196] START -> 0c6d87ec-19cf-447a-9a3d-f896dc9c398a.mp4
2026-09-18 12:39:21 [INFO] ai_bulk_remix: [5/196] START -> 0fb0048e-6b9f-48c4-b3a0-29f9703ce72f.mp4
2026-09-18 12:39:21 [INFO] ai_bulk_remix: [6/196] START -> 10078372-9729-4124-8781-1321fa5144e0.mp4
2026-09-18 12:39:43 [INFO] ai_bulk_remix: [3/196] DONE  0846c628-d36e-4ddc-bd91-0f6e012dcdce.mp4 (21.6s)
2026-09-18 12:39:43 [INFO] ai_bulk_remix: [7/196] START -> 17915249-af1c-4d7c-8bbf-67d026be06e7.mp4
2026-09-18 12:39:44 [INFO] ai_bulk_remix: [2/196] DONE  063b0f35-a837-4fe0-bf82-29fa6676b14d.mp4 (22.3s)
2026-09-18 12:39:44 [INFO] ai_bulk_remix: [8/196] START -> 1870689e-3357-4e5d-aade-968aa670be90.mp4
2026-09-18 12:39:47 [INFO] ai_bulk_remix: [4/196] DONE  0c6d87ec-19cf-447a-9a3d-f896dc9c398a.mp4 (26.2s)
2026-09-18 12:39:48 [INFO] ai_bulk_remix: [9/196] START -> 1e3a7938-110b-41d5-90f6-a21d4128d457.mp4
2026-09-18 12:39:48 [INFO] ai_bulk_remix: [1/196] DONE  05bc10f1-6cc3-41b7-8628-2f1e127c75d0.mp4 (26.9s)
2026-09-18 12:39:48 [INFO] ai_bulk_remix: [10/196] START -> 1e5aacfd-4e56-4c98-980a-ebfeae94fff9.mp4
2026-09-18 12:39:49 [INFO] ai_bulk_remix: [5/196] DONE  0fb0048e-6b9f-48c4-b3a0-29f9703ce72f.mp4 (27.7s)
2026-09-18 12:39:49 [INFO] ai_bulk_remix: [11/196] START -> 2071a39c-1c02-41c0-8b42-040b26436c07.mp4
2026-09-18 12:39:52 [INFO] ai_bulk_remix: [6/196] DONE  10078372-9729-4124-8781-1321fa5144e0.mp4 (31.0s)
2026-09-18 12:39:52 [INFO] ai_bulk_remix: [12/196] START -> 234647cc-e672-404f-956e-d2f8a2785d85.mp4
2026-09-18 12:40:06 [INFO] ai_bulk_remix: [8/196] DONE  1870689e-3357-4e5d-aade-968aa670be90.mp4 (17.6s)
2026-09-18 12:40:06 [INFO] ai_bulk_remix: [13/196] START -> 258e5402-f759-406e-80d3-6cfb12ea5b15.mp4
2026-09-18 12:40:11 [INFO] ai_bulk_remix: [11/196] DONE  2071a39c-1c02-41c0-8b42-040b26436c07.mp4 (17.9s)
2026-09-18 12:40:11 [INFO] ai_bulk_remix: [14/196] START -> 28e2dd62-f56b-49a4-84f6-15eba7906bdc.mp4
2026-09-18 12:40:13 [INFO] ai_bulk_remix: [12/196] DONE  234647cc-e672-404f-956e-d2f8a2785d85.mp4 (17.5s)
2026-09-18 12:40:13 [INFO] ai_bulk_remix: [15/196] START -> 29c55091-2a85-4b98-bb18-057b17bd0fea.mp4
2026-09-18 12:40:18 [INFO] ai_bulk_remix: [9/196] DONE  1e3a7938-110b-41d5-90f6-a21d4128d457.mp4 (28.3s)
2026-09-18 12:40:18 [INFO] ai_bulk_remix: [16/196] START -> 2d6f67cd-9116-424a-a5d1-aeb94728fb69.mp4
2026-09-18 12:40:31 [INFO] ai_bulk_remix: [7/196] DONE  17915249-af1c-4d7c-8bbf-67d026be06e7.mp4 (42.7s)
2026-09-18 12:40:31 [INFO] ai_bulk_remix: [17/196] START -> 2eb38924-406e-44ea-8cad-78219025cf9a.mp4
2026-09-18 12:40:33 [INFO] ai_bulk_remix: [13/196] DONE  258e5402-f759-406e-80d3-6cfb12ea5b15.mp4 (23.4s)
2026-09-18 12:40:33 [INFO] ai_bulk_remix: [18/196] START -> 2f8aa68b-4dad-472e-b540-24d78d6f96a0.mp4
2026-09-18 12:40:38 [INFO] ai_bulk_remix: [10/196] DONE  1e5aacfd-4e56-4c98-980a-ebfeae94fff9.mp4 (47.4s)
2026-09-18 12:40:38 [INFO] ai_bulk_remix: [19/196] START -> 2fd7ed70-fe4a-418e-a35f-7fb11c02b90e.mp4
2026-09-18 12:40:45 [INFO] ai_bulk_remix: [16/196] DONE  2d6f67cd-9116-424a-a5d1-aeb94728fb69.mp4 (21.8s)
2026-09-18 12:40:45 [INFO] ai_bulk_remix: [20/196] START -> 315c0236-c96b-4250-a112-1bdc6d3c60f1.mp4
2026-09-18 12:40:48 [INFO] ai_bulk_remix: [15/196] DONE  29c55091-2a85-4b98-bb18-057b17bd0fea.mp4 (31.7s)
2026-09-18 12:40:48 [INFO] ai_bulk_remix: [21/196] START -> 37302f0f-0afd-4e39-84c5-d4827d965293.mp4
2026-09-18 12:41:04 [INFO] ai_bulk_remix: [14/196] DONE  28e2dd62-f56b-49a4-84f6-15eba7906bdc.mp4 (48.6s)
2026-09-18 12:41:04 [INFO] ai_bulk_remix: [22/196] START -> 38ce79ae-0383-40ff-baf0-be9f4e7911a8.mp4
2026-09-18 12:41:09 [INFO] ai_bulk_remix: [19/196] DONE  2fd7ed70-fe4a-418e-a35f-7fb11c02b90e.mp4 (27.2s)
2026-09-18 12:41:09 [INFO] ai_bulk_remix: [23/196] START -> 3cd0c67c-5dd7-4437-97dc-244b4922cac9.mp4
2026-09-18 12:41:17 [INFO] ai_bulk_remix: [21/196] DONE  37302f0f-0afd-4e39-84c5-d4827d965293.mp4 (23.2s)
2026-09-18 12:41:17 [INFO] ai_bulk_remix: [24/196] START -> 3d62ea2f-f9b8-4fe7-8943-c1c9fa201232.mp4
2026-09-18 12:41:17 [INFO] ai_bulk_remix: [17/196] DONE  2eb38924-406e-44ea-8cad-78219025cf9a.mp4 (41.5s)
2026-09-18 12:41:17 [INFO] ai_bulk_remix: [25/196] START -> 4128f48b-504a-4d40-abaa-ee35040068ac.mp4
2026-09-18 12:41:21 [INFO] ai_bulk_remix: [18/196] DONE  2f8aa68b-4dad-472e-b540-24d78d6f96a0.mp4 (42.9s)
2026-09-18 12:41:21 [INFO] ai_bulk_remix: [26/196] START -> 4300f8a0-4a04-47ed-89d0-768b21f20a8b.mp4
2026-09-18 12:41:34 [INFO] ai_bulk_remix: Processing cancelled by user
2026-09-18 12:41:36 [INFO] ai_bulk_remix: [22/196] DONE  38ce79ae-0383-40ff-baf0-be9f4e7911a8.mp4 (28.0s)
2026-09-18 12:41:38 [INFO] ai_bulk_remix: [23/196] DONE  3cd0c67c-5dd7-4437-97dc-244b4922cac9.mp4 (24.6s)
2026-09-18 12:41:45 [INFO] ai_bulk_remix: [20/196] DONE  315c0236-c96b-4250-a112-1bdc6d3c60f1.mp4 (55.3s)
2026-09-18 12:41:45 [INFO] ai_bulk_remix: Processing cancelled by user
2026-09-18 12:41:45 [INFO] ai_bulk_remix: Application exiting with code 0
2026-09-18 16:18:00 [INFO] ai_bulk_remix: GPU encoders detected: h264_nvenc, hevc_nvenc, av1_nvenc, h264_qsv, hevc_qsv, h264_amf, hevc_amf
2026-09-18 16:18:00 [INFO] ai_bulk_remix: MainWindow initialized
2026-09-18 16:18:01 [INFO] ai_bulk_remix: GPU encoders detected: h264_nvenc, hevc_nvenc, av1_nvenc, h264_qsv, hevc_qsv, h264_amf, hevc_amf
2026-09-18 16:18:01 [INFO] ai_bulk_remix: MainWindow initialized
2026-09-18 16:18:03 [INFO] ai_bulk_remix: GPU encoders detected: h264_nvenc, hevc_nvenc, av1_nvenc, h264_qsv, hevc_qsv, h264_amf, hevc_amf
2026-09-18 16:18:03 [INFO] ai_bulk_remix: MainWindow initialized
2026-09-18 16:18:03 [INFO] ai_bulk_remix: FFmpeg detected: version 8.1.2-full_build-www.gyan.dev
2026-09-18 16:18:03 [INFO] ai_bulk_remix: FFmpeg detected: version 8.1.2-full_build-www.gyan.dev
2026-09-18 16:33:12 [INFO] ai_bulk_remix: GPU encoders detected: h264_nvenc, hevc_nvenc, av1_nvenc, h264_qsv, hevc_qsv, h264_amf, hevc_amf
2026-09-18 16:33:12 [INFO] ai_bulk_remix: MainWindow initialized
2026-09-18 16:33:14 [INFO] ai_bulk_remix: GPU encoders detected: h264_nvenc, hevc_nvenc, av1_nvenc, h264_qsv, hevc_qsv, h264_amf, hevc_amf
2026-09-18 16:33:14 [INFO] ai_bulk_remix: MainWindow initialized
2026-09-18 16:33:15 [INFO] ai_bulk_remix: GPU encoders detected: h264_nvenc, hevc_nvenc, av1_nvenc, h264_qsv, hevc_qsv, h264_amf, hevc_amf
2026-09-18 16:33:15 [INFO] ai_bulk_remix: MainWindow initialized
2026-09-18 16:33:15 [INFO] ai_bulk_remix: FFmpeg detected: version 8.1.2-full_build-www.gyan.dev
2026-09-18 16:33:15 [INFO] ai_bulk_remix: FFmpeg detected: version 8.1.2-full_build-www.gyan.dev
2026-09-18 16:37:29 [INFO] ai_bulk_remix: GPU encoders detected: h264_nvenc, hevc_nvenc, av1_nvenc, h264_qsv, hevc_qsv, h264_amf, hevc_amf
2026-09-18 16:37:29 [INFO] ai_bulk_remix: MainWindow initialized
2026-09-18 16:37:31 [INFO] ai_bulk_remix: GPU encoders detected: h264_nvenc, hevc_nvenc, av1_nvenc, h264_qsv, hevc_qsv, h264_amf, hevc_amf
2026-09-18 16:37:31 [INFO] ai_bulk_remix: MainWindow initialized
2026-09-18 16:37:32 [INFO] ai_bulk_remix: GPU encoders detected: h264_nvenc, hevc_nvenc, av1_nvenc, h264_qsv, hevc_qsv, h264_amf, hevc_amf
2026-09-18 16:37:32 [INFO] ai_bulk_remix: MainWindow initialized
2026-09-18 16:37:32 [INFO] ai_bulk_remix: FFmpeg detected: version 8.1.2-full_build-www.gyan.dev
2026-09-18 16:37:33 [INFO] ai_bulk_remix: FFmpeg detected: version 8.1.2-full_build-www.gyan.dev
2026-09-18 16:40:18 [INFO] ai_bulk_remix: GPU encoders detected: h264_nvenc, hevc_nvenc, av1_nvenc, h264_qsv, hevc_qsv, h264_amf, hevc_amf
2026-09-18 16:40:18 [INFO] ai_bulk_remix: MainWindow initialized
2026-09-18 16:40:20 [INFO] ai_bulk_remix: GPU encoders detected: h264_nvenc, hevc_nvenc, av1_nvenc, h264_qsv, hevc_qsv, h264_amf, hevc_amf
2026-09-18 16:40:20 [INFO] ai_bulk_remix: MainWindow initialized
2026-09-18 16:40:21 [INFO] ai_bulk_remix: GPU encoders detected: h264_nvenc, hevc_nvenc, av1_nvenc, h264_qsv, hevc_qsv, h264_amf, hevc_amf
2026-09-18 16:40:21 [INFO] ai_bulk_remix: MainWindow initialized
2026-09-18 16:40:21 [INFO] ai_bulk_remix: FFmpeg detected: version 8.1.2-full_build-www.gyan.dev
2026-09-18 16:40:21 [INFO] ai_bulk_remix: FFmpeg detected: version 8.1.2-full_build-www.gyan.dev
2026-09-18 16:42:51 [INFO] ai_bulk_remix: GPU encoders detected: h264_nvenc, hevc_nvenc, av1_nvenc, h264_qsv, hevc_qsv, h264_amf, hevc_amf
2026-09-18 16:42:51 [INFO] ai_bulk_remix: MainWindow initialized
2026-09-18 16:42:52 [INFO] ai_bulk_remix: GPU encoders detected: h264_nvenc, hevc_nvenc, av1_nvenc, h264_qsv, hevc_qsv, h264_amf, hevc_amf
2026-09-18 16:42:52 [INFO] ai_bulk_remix: MainWindow initialized
2026-09-18 16:42:54 [INFO] ai_bulk_remix: GPU encoders detected: h264_nvenc, hevc_nvenc, av1_nvenc, h264_qsv, hevc_qsv, h264_amf, hevc_amf
2026-09-18 16:42:54 [INFO] ai_bulk_remix: MainWindow initialized
2026-09-18 16:42:54 [INFO] ai_bulk_remix: FFmpeg detected: version 8.1.2-full_build-www.gyan.dev
2026-09-18 16:42:54 [INFO] ai_bulk_remix: FFmpeg detected: version 8.1.2-full_build-www.gyan.dev
2026-09-18 16:46:48 [INFO] ai_bulk_remix: GPU encoders detected: h264_nvenc, hevc_nvenc, av1_nvenc, h264_qsv, hevc_qsv, h264_amf, hevc_amf
2026-09-18 16:46:48 [INFO] ai_bulk_remix: MainWindow initialized
2026-09-18 16:46:50 [INFO] ai_bulk_remix: GPU encoders detected: h264_nvenc, hevc_nvenc, av1_nvenc, h264_qsv, hevc_qsv, h264_amf, hevc_amf
2026-09-18 16:46:50 [INFO] ai_bulk_remix: MainWindow initialized
2026-09-18 16:46:52 [INFO] ai_bulk_remix: GPU encoders detected: h264_nvenc, hevc_nvenc, av1_nvenc, h264_qsv, hevc_qsv, h264_amf, hevc_amf
2026-09-18 16:46:52 [INFO] ai_bulk_remix: MainWindow initialized
2026-09-18 16:46:52 [INFO] ai_bulk_remix: FFmpeg detected: version 8.1.2-full_build-www.gyan.dev
2026-09-18 16:46:53 [INFO] ai_bulk_remix: FFmpeg detected: version 8.1.2-full_build-www.gyan.dev
2026-09-18 16:54:36 [INFO] ai_bulk_remix: ==================================================
2026-09-18 16:54:36 [INFO] ai_bulk_remix: AI Bulk Remix Studio v1.0.0 starting...
2026-09-18 16:54:36 [INFO] ai_bulk_remix: Base directory: C:\Users\h\ai-bulk-remix-studio
2026-09-18 16:54:36 [INFO] ai_bulk_remix: Python: 3.10.0 (tags/v3.10.0:b494f59, Oct  4 2021, 19:00:18) [MSC v.1929 64 bit (AMD64)]
2026-09-18 16:54:36 [INFO] ai_bulk_remix: Platform: win32
2026-09-18 16:54:36 [INFO] ai_bulk_remix: ==================================================
2026-09-18 16:54:46 [INFO] ai_bulk_remix: GPU encoders detected: h264_nvenc, hevc_nvenc, av1_nvenc, h264_qsv, hevc_qsv, h264_amf, hevc_amf
2026-09-18 16:54:46 [INFO] ai_bulk_remix: MainWindow initialized
2026-09-18 16:54:46 [INFO] ai_bulk_remix: MainWindow displayed successfully.
2026-09-18 16:54:46 [INFO] ai_bulk_remix: FFmpeg detected: version 8.1.2-full_build-www.gyan.dev
2026-09-18 16:55:34 [INFO] ai_bulk_remix: Scanned C:/Users/h/Downloads/reverse: 196 video(s) found
2026-09-18 16:57:37 [INFO] ai_bulk_remix: ==================================================
2026-09-18 16:57:37 [INFO] ai_bulk_remix: BATCH PROCESSING STARTED
2026-09-18 16:57:37 [INFO] ai_bulk_remix: Total files: 196
2026-09-18 16:57:37 [INFO] ai_bulk_remix: Output directory: C:/Users/h/Downloads/reverse/reverse edit
2026-09-18 16:57:37 [INFO] ai_bulk_remix: Workers: 6
2026-09-18 16:57:37 [INFO] ai_bulk_remix: Encoder: h264_nvenc
2026-09-18 16:57:37 [INFO] ai_bulk_remix: ==================================================
2026-09-18 16:57:37 [INFO] ai_bulk_remix: [1/196] START -> 05bc10f1-6cc3-41b7-8628-2f1e127c75d0.mp4
2026-09-18 16:57:37 [INFO] ai_bulk_remix: [2/196] START -> 063b0f35-a837-4fe0-bf82-29fa6676b14d.mp4
2026-09-18 16:57:37 [INFO] ai_bulk_remix: [3/196] START -> 0846c628-d36e-4ddc-bd91-0f6e012dcdce.mp4
2026-09-18 16:57:37 [INFO] ai_bulk_remix: [4/196] START -> 0c6d87ec-19cf-447a-9a3d-f896dc9c398a.mp4
2026-09-18 16:57:37 [INFO] ai_bulk_remix: [5/196] START -> 0fb0048e-6b9f-48c4-b3a0-29f9703ce72f.mp4
2026-09-18 16:57:37 [INFO] ai_bulk_remix: [6/196] START -> 10078372-9729-4124-8781-1321fa5144e0.mp4
2026-09-18 16:58:23 [INFO] ai_bulk_remix: [2/196] DONE  063b0f35-a837-4fe0-bf82-29fa6676b14d.mp4 (45.3s)
2026-09-18 16:58:23 [INFO] ai_bulk_remix: [7/196] START -> 17915249-af1c-4d7c-8bbf-67d026be06e7.mp4
2026-09-18 16:58:24 [INFO] ai_bulk_remix: [3/196] DONE  0846c628-d36e-4ddc-bd91-0f6e012dcdce.mp4 (46.2s)
2026-09-18 16:58:24 [INFO] ai_bulk_remix: [8/196] START -> 1870689e-3357-4e5d-aade-968aa670be90.mp4
2026-09-18 16:58:25 [INFO] ai_bulk_remix: [4/196] DONE  0c6d87ec-19cf-447a-9a3d-f896dc9c398a.mp4 (47.6s)
2026-09-18 16:58:25 [INFO] ai_bulk_remix: [9/196] START -> 1e3a7938-110b-41d5-90f6-a21d4128d457.mp4
2026-09-18 16:58:26 [INFO] ai_bulk_remix: [1/196] DONE  05bc10f1-6cc3-41b7-8628-2f1e127c75d0.mp4 (47.9s)
2026-09-18 16:58:26 [INFO] ai_bulk_remix: [10/196] START -> 1e5aacfd-4e56-4c98-980a-ebfeae94fff9.mp4
2026-09-18 16:58:28 [INFO] ai_bulk_remix: [5/196] DONE  0fb0048e-6b9f-48c4-b3a0-29f9703ce72f.mp4 (50.8s)
2026-09-18 16:58:29 [INFO] ai_bulk_remix: [11/196] START -> 2071a39c-1c02-41c0-8b42-040b26436c07.mp4
2026-09-18 16:58:54 [INFO] ai_bulk_remix: [6/196] DONE  10078372-9729-4124-8781-1321fa5144e0.mp4 (75.9s)
2026-09-18 16:58:54 [INFO] ai_bulk_remix: [12/196] START -> 234647cc-e672-404f-956e-d2f8a2785d85.mp4
2026-09-18 16:59:13 [INFO] ai_bulk_remix: [8/196] DONE  1870689e-3357-4e5d-aade-968aa670be90.mp4 (46.7s)
2026-09-18 16:59:13 [INFO] ai_bulk_remix: [13/196] START -> 258e5402-f759-406e-80d3-6cfb12ea5b15.mp4
2026-09-18 16:59:17 [INFO] ai_bulk_remix: [11/196] DONE  2071a39c-1c02-41c0-8b42-040b26436c07.mp4 (44.0s)
2026-09-18 16:59:17 [INFO] ai_bulk_remix: [14/196] START -> 28e2dd62-f56b-49a4-84f6-15eba7906bdc.mp4
2026-09-18 16:59:38 [INFO] ai_bulk_remix: [9/196] DONE  1e3a7938-110b-41d5-90f6-a21d4128d457.mp4 (70.7s)
2026-09-18 16:59:38 [INFO] ai_bulk_remix: [15/196] START -> 29c55091-2a85-4b98-bb18-057b17bd0fea.mp4
2026-09-18 16:59:42 [INFO] ai_bulk_remix: [12/196] DONE  234647cc-e672-404f-956e-d2f8a2785d85.mp4 (43.8s)
2026-09-18 16:59:42 [INFO] ai_bulk_remix: [16/196] START -> 2d6f67cd-9116-424a-a5d1-aeb94728fb69.mp4
2026-09-18 17:00:10 [INFO] ai_bulk_remix: [7/196] DONE  17915249-af1c-4d7c-8bbf-67d026be06e7.mp4 (104.2s)
2026-09-18 17:00:10 [INFO] ai_bulk_remix: [17/196] START -> 2eb38924-406e-44ea-8cad-78219025cf9a.mp4
2026-09-18 17:00:12 [INFO] ai_bulk_remix: [13/196] DONE  258e5402-f759-406e-80d3-6cfb12ea5b15.mp4 (55.3s)
2026-09-18 17:00:12 [INFO] ai_bulk_remix: [18/196] START -> 2f8aa68b-4dad-472e-b540-24d78d6f96a0.mp4
2026-09-18 17:00:28 [INFO] ai_bulk_remix: [10/196] DONE  1e5aacfd-4e56-4c98-980a-ebfeae94fff9.mp4 (120.2s)
2026-09-18 17:00:28 [INFO] ai_bulk_remix: [19/196] START -> 2fd7ed70-fe4a-418e-a35f-7fb11c02b90e.mp4
2026-09-18 17:00:35 [INFO] ai_bulk_remix: [16/196] DONE  2d6f67cd-9116-424a-a5d1-aeb94728fb69.mp4 (48.3s)
2026-09-18 17:00:35 [INFO] ai_bulk_remix: [20/196] START -> 315c0236-c96b-4250-a112-1bdc6d3c60f1.mp4
2026-09-18 17:00:58 [INFO] ai_bulk_remix: [15/196] DONE  29c55091-2a85-4b98-bb18-057b17bd0fea.mp4 (76.0s)
2026-09-18 17:00:58 [INFO] ai_bulk_remix: [21/196] START -> 37302f0f-0afd-4e39-84c5-d4827d965293.mp4
2026-09-18 17:01:14 [INFO] ai_bulk_remix: [14/196] DONE  28e2dd62-f56b-49a4-84f6-15eba7906bdc.mp4 (112.8s)
2026-09-18 17:01:14 [INFO] ai_bulk_remix: [22/196] START -> 38ce79ae-0383-40ff-baf0-be9f4e7911a8.mp4
2026-09-18 17:01:31 [INFO] ai_bulk_remix: [19/196] DONE  2fd7ed70-fe4a-418e-a35f-7fb11c02b90e.mp4 (57.2s)
2026-09-18 17:01:31 [INFO] ai_bulk_remix: [23/196] START -> 3cd0c67c-5dd7-4437-97dc-244b4922cac9.mp4
2026-09-18 17:01:46 [INFO] ai_bulk_remix: [21/196] DONE  37302f0f-0afd-4e39-84c5-d4827d965293.mp4 (44.0s)
2026-09-18 17:01:46 [INFO] ai_bulk_remix: [24/196] START -> 3d62ea2f-f9b8-4fe7-8943-c1c9fa201232.mp4
2026-09-18 17:01:51 [INFO] ai_bulk_remix: [17/196] DONE  2eb38924-406e-44ea-8cad-78219025cf9a.mp4 (96.6s)
2026-09-18 17:01:51 [INFO] ai_bulk_remix: [25/196] START -> 4128f48b-504a-4d40-abaa-ee35040068ac.mp4
2026-09-18 17:01:56 [INFO] ai_bulk_remix: [18/196] DONE  2f8aa68b-4dad-472e-b540-24d78d6f96a0.mp4 (100.2s)
2026-09-18 17:01:56 [INFO] ai_bulk_remix: [26/196] START -> 4300f8a0-4a04-47ed-89d0-768b21f20a8b.mp4
2026-09-18 17:02:13 [INFO] ai_bulk_remix: [22/196] DONE  38ce79ae-0383-40ff-baf0-be9f4e7911a8.mp4 (53.5s)
2026-09-18 17:02:13 [INFO] ai_bulk_remix: [27/196] START -> 47103ae1-80e2-45fa-983f-50e392720341.mp4
2026-09-18 17:02:22 [INFO] ai_bulk_remix: [23/196] DONE  3cd0c67c-5dd7-4437-97dc-244b4922cac9.mp4 (46.4s)
2026-09-18 17:02:22 [INFO] ai_bulk_remix: [28/196] START -> 47f3e408-1f46-4bda-94a1-f966ca4dbdb1.mp4
2026-09-18 17:02:23 [INFO] ai_bulk_remix: [20/196] DONE  315c0236-c96b-4250-a112-1bdc6d3c60f1.mp4 (103.1s)
2026-09-18 17:02:23 [INFO] ai_bulk_remix: [29/196] START -> 4836b124-6269-4015-b94c-cefb41dadbc9.mp4
2026-09-18 17:02:48 [INFO] ai_bulk_remix: [25/196] DONE  4128f48b-504a-4d40-abaa-ee35040068ac.mp4 (52.6s)
2026-09-18 17:02:48 [INFO] ai_bulk_remix: [30/196] START -> 48d44f2d-c9fa-4e07-89cf-671ff4393afe.mp4
2026-09-18 17:03:03 [INFO] ai_bulk_remix: [27/196] DONE  47103ae1-80e2-45fa-983f-50e392720341.mp4 (45.7s)
2026-09-18 17:03:03 [INFO] ai_bulk_remix: [31/196] START -> 49fb0f74-8598-4cda-8b1f-c39282bc0fb5.mp4
2026-09-18 17:03:06 [INFO] ai_bulk_remix: [29/196] DONE  4836b124-6269-4015-b94c-cefb41dadbc9.mp4 (39.9s)
2026-09-18 17:03:06 [INFO] ai_bulk_remix: [32/196] START -> 4b64a910-a7d1-4357-8ff0-a40399d71d93.mp4
2026-09-18 17:03:08 [INFO] ai_bulk_remix: [28/196] DONE  47f3e408-1f46-4bda-94a1-f966ca4dbdb1.mp4 (43.0s)
2026-09-18 17:03:08 [INFO] ai_bulk_remix: [33/196] START -> 4ba7a54d-3330-43d3-ad4e-a1f0308ec2a5.mp4
2026-09-18 17:03:20 [INFO] ai_bulk_remix: [30/196] DONE  48d44f2d-c9fa-4e07-89cf-671ff4393afe.mp4 (28.4s)
2026-09-18 17:03:20 [INFO] ai_bulk_remix: [34/196] START -> 4c6678e9-91ec-467b-9e1b-75d906ddc4a1.mp4
2026-09-18 17:03:21 [INFO] ai_bulk_remix: [26/196] DONE  4300f8a0-4a04-47ed-89d0-768b21f20a8b.mp4 (81.6s)
2026-09-18 17:03:21 [INFO] ai_bulk_remix: [35/196] START -> 4d2bc9f3-2348-4719-888f-be7de55031a9.mp4
2026-09-18 17:03:27 [INFO] ai_bulk_remix: [24/196] DONE  3d62ea2f-f9b8-4fe7-8943-c1c9fa201232.mp4 (97.2s)
2026-09-18 17:03:27 [INFO] ai_bulk_remix: [36/196] START -> 50f8379f-8550-48f8-8444-2cceee00cb0f.mp4
2026-09-18 17:03:40 [INFO] ai_bulk_remix: [31/196] DONE  49fb0f74-8598-4cda-8b1f-c39282bc0fb5.mp4 (33.8s)
2026-09-18 17:03:40 [INFO] ai_bulk_remix: [37/196] START -> 519f5a10-1d51-478f-987e-94ff1497c3eb.mp4
2026-09-18 17:03:57 [INFO] ai_bulk_remix: [33/196] DONE  4ba7a54d-3330-43d3-ad4e-a1f0308ec2a5.mp4 (44.5s)
2026-09-18 17:03:57 [INFO] ai_bulk_remix: [38/196] START -> 5246b35b-de0d-4f56-b782-4355746b543d.mp4
2026-09-18 17:04:00 [INFO] ai_bulk_remix: [35/196] DONE  4d2bc9f3-2348-4719-888f-be7de55031a9.mp4 (35.4s)
2026-09-18 17:04:00 [INFO] ai_bulk_remix: [39/196] START -> 548ea7b3-9525-4bad-a608-8fd202feef97.mp4
2026-09-18 17:04:07 [INFO] ai_bulk_remix: [32/196] DONE  4b64a910-a7d1-4357-8ff0-a40399d71d93.mp4 (56.8s)
2026-09-18 17:04:07 [INFO] ai_bulk_remix: [40/196] START -> 56c4e869-e174-46b2-88c0-b8de07553f6b.mp4
2026-09-18 17:04:13 [INFO] ai_bulk_remix: [34/196] DONE  4c6678e9-91ec-467b-9e1b-75d906ddc4a1.mp4 (48.9s)
2026-09-18 17:04:13 [INFO] ai_bulk_remix: [41/196] START -> 57c8216b-23b3-4caf-bc93-8252c748e98c.mp4
2026-09-18 17:04:49 [INFO] ai_bulk_remix: [40/196] DONE  56c4e869-e174-46b2-88c0-b8de07553f6b.mp4 (37.6s)
2026-09-18 17:04:49 [INFO] ai_bulk_remix: [42/196] START -> 5897df3d-c049-478f-a762-98ea561879a9.mp4
2026-09-18 17:04:56 [INFO] ai_bulk_remix: [39/196] DONE  548ea7b3-9525-4bad-a608-8fd202feef97.mp4 (53.1s)
2026-09-18 17:04:56 [INFO] ai_bulk_remix: [43/196] START -> 60d31d53-0d34-4fec-b411-71045f20f632.mp4
2026-09-18 17:05:02 [INFO] ai_bulk_remix: [38/196] DONE  5246b35b-de0d-4f56-b782-4355746b543d.mp4 (60.1s)
2026-09-18 17:05:02 [INFO] ai_bulk_remix: [44/196] START -> 62375b65-2d43-403e-8683-3050147fde37.mp4
2026-09-18 17:05:29 [INFO] ai_bulk_remix: [37/196] DONE  519f5a10-1d51-478f-987e-94ff1497c3eb.mp4 (103.8s)
2026-09-18 17:05:29 [INFO] ai_bulk_remix: [45/196] START -> 6299c0cd-52d7-46c8-9d3d-f5c4f1bc1f70.mp4
2026-09-18 17:05:29 [INFO] ai_bulk_remix: [36/196] DONE  50f8379f-8550-48f8-8444-2cceee00cb0f.mp4 (117.6s)
2026-09-18 17:05:29 [INFO] ai_bulk_remix: [46/196] START -> 64e25f8a-a51c-48dd-8ee9-691d1f5180fe.mp4
2026-09-18 17:05:52 [INFO] ai_bulk_remix: [41/196] DONE  57c8216b-23b3-4caf-bc93-8252c748e98c.mp4 (94.7s)
2026-09-18 17:05:53 [INFO] ai_bulk_remix: [47/196] START -> 6a75aaa6-ca9b-4e75-b957-ab075113d5f4.mp4
2026-09-18 17:06:21 [INFO] ai_bulk_remix: [46/196] DONE  64e25f8a-a51c-48dd-8ee9-691d1f5180fe.mp4 (48.5s)
2026-09-18 17:06:21 [INFO] ai_bulk_remix: [48/196] START -> 6aedc289-0bd7-4fbe-91d6-e54af893549b.mp4
2026-09-18 17:06:40 [INFO] ai_bulk_remix: [45/196] DONE  6299c0cd-52d7-46c8-9d3d-f5c4f1bc1f70.mp4 (67.3s)
2026-09-18 17:06:40 [INFO] ai_bulk_remix: [49/196] START -> 6b924eb1-dc26-4cf7-a783-3898421c6cfa.mp4
2026-09-18 17:06:46 [INFO] ai_bulk_remix: [44/196] DONE  62375b65-2d43-403e-8683-3050147fde37.mp4 (99.9s)
2026-09-18 17:06:46 [INFO] ai_bulk_remix: [50/196] START -> 6d742a25-7dd4-4af5-ab5e-952e8d159291.mp4
2026-09-18 17:06:46 [INFO] ai_bulk_remix: [42/196] DONE  5897df3d-c049-478f-a762-98ea561879a9.mp4 (111.5s)
2026-09-18 17:06:46 [INFO] ai_bulk_remix: [51/196] START -> 6ed6db26-ed12-4713-af5a-9812f0a3a663.mp4
2026-09-18 17:06:48 [INFO] ai_bulk_remix: [47/196] DONE  6a75aaa6-ca9b-4e75-b957-ab075113d5f4.mp4 (50.3s)
2026-09-18 17:06:48 [INFO] ai_bulk_remix: [52/196] START -> 70ca22f0-efa7-441a-9d41-99a543b1b7c4.mp4
2026-09-18 17:07:13 [INFO] ai_bulk_remix: [43/196] DONE  60d31d53-0d34-4fec-b411-71045f20f632.mp4 (133.4s)
2026-09-18 17:07:13 [INFO] ai_bulk_remix: [53/196] START -> 787ea1e6-66a3-48b2-8783-9d648d3c11d1.mp4
2026-09-18 17:07:17 [INFO] ai_bulk_remix: [48/196] DONE  6aedc289-0bd7-4fbe-91d6-e54af893549b.mp4 (51.5s)
2026-09-18 17:07:17 [INFO] ai_bulk_remix: [54/196] START -> 790d47ac-d87d-4c52-85b2-a475b45e0b7b.mp4
2026-09-18 17:07:26 [INFO] ai_bulk_remix: [50/196] DONE  6d742a25-7dd4-4af5-ab5e-952e8d159291.mp4 (36.0s)
2026-09-18 17:07:26 [INFO] ai_bulk_remix: [55/196] START -> 7b07792b-6e17-4afe-9933-713cdcad99cc.mp4
2026-09-18 17:07:34 [INFO] ai_bulk_remix: [51/196] DONE  6ed6db26-ed12-4713-af5a-9812f0a3a663.mp4 (43.7s)
2026-09-18 17:07:34 [INFO] ai_bulk_remix: [56/196] START -> 8080b7be-8ef0-4eb1-95e7-30472e2f1095.mp4
2026-09-18 17:07:59 [INFO] ai_bulk_remix: [54/196] DONE  790d47ac-d87d-4c52-85b2-a475b45e0b7b.mp4 (39.5s)
2026-09-18 17:07:59 [INFO] ai_bulk_remix: [57/196] START -> 827b9b14-3c2d-400a-b082-5d8fa5551b40.mp4
2026-09-18 17:08:17 [INFO] ai_bulk_remix: [56/196] DONE  8080b7be-8ef0-4eb1-95e7-30472e2f1095.mp4 (41.1s)
2026-09-18 17:08:17 [INFO] ai_bulk_remix: [58/196] START -> 83bcc58e-7d95-4a7e-a15a-b6fd02e28163.mp4
2026-09-18 17:08:19 [INFO] ai_bulk_remix: [53/196] DONE  787ea1e6-66a3-48b2-8783-9d648d3c11d1.mp4 (61.6s)
2026-09-18 17:08:19 [INFO] ai_bulk_remix: [59/196] START -> 8892a706-1c39-4474-acdd-a97d87437ca7.mp4
2026-09-18 17:08:20 [INFO] ai_bulk_remix: [52/196] DONE  70ca22f0-efa7-441a-9d41-99a543b1b7c4.mp4 (89.0s)
2026-09-18 17:08:20 [INFO] ai_bulk_remix: [60/196] START -> 8cb577bc-3234-4928-af96-1269a4cdc938.mp4
2026-09-18 17:08:22 [INFO] ai_bulk_remix: [49/196] DONE  6b924eb1-dc26-4cf7-a783-3898421c6cfa.mp4 (98.0s)
2026-09-18 17:08:22 [INFO] ai_bulk_remix: [61/196] START -> 8e44a1be-7547-4dd2-ae51-075e2449459c.mp4
2026-09-18 17:08:56 [INFO] ai_bulk_remix: [57/196] DONE  827b9b14-3c2d-400a-b082-5d8fa5551b40.mp4 (53.1s)
2026-09-18 17:08:56 [INFO] ai_bulk_remix: [62/196] START -> 936de465-74a8-4615-ae77-21c5d7675fad.mp4
2026-09-18 17:09:02 [INFO] ai_bulk_remix: [60/196] DONE  8cb577bc-3234-4928-af96-1269a4cdc938.mp4 (39.2s)
2026-09-18 17:09:02 [INFO] ai_bulk_remix: [63/196] START -> 94f48924-067a-4b40-ade7-43a678bf423d.mp4
2026-09-18 17:09:08 [INFO] ai_bulk_remix: [58/196] DONE  83bcc58e-7d95-4a7e-a15a-b6fd02e28163.mp4 (47.3s)
2026-09-18 17:09:11 [INFO] ai_bulk_remix: [55/196] DONE  7b07792b-6e17-4afe-9933-713cdcad99cc.mp4 (100.7s)
2026-09-18 17:09:11 [INFO] ai_bulk_remix: [64/196] START -> 9b16fe02-cb71-4592-8fec-0d7f94871947.mp4
2026-09-18 17:09:18 [INFO] ai_bulk_remix: [65/196] START -> 9e94d64c-55a2-4e61-ab9b-6f8d032fe520.mp4
2026-09-18 17:09:42 [INFO] ai_bulk_remix: [59/196] DONE  8892a706-1c39-4474-acdd-a97d87437ca7.mp4 (80.2s)
2026-09-18 17:09:42 [INFO] ai_bulk_remix: [66/196] START -> 9ecaa5db-2146-47a9-a4a2-becf58a3bef7.mp4
2026-09-18 17:09:44 [INFO] ai_bulk_remix: [63/196] DONE  94f48924-067a-4b40-ade7-43a678bf423d.mp4 (37.3s)
2026-09-18 17:09:44 [INFO] ai_bulk_remix: [67/196] START -> 9fd4d812-6733-4202-a807-385be2fa79c2.mp4
2026-09-18 17:10:04 [INFO] ai_bulk_remix: [65/196] DONE  9e94d64c-55a2-4e61-ab9b-6f8d032fe520.mp4 (42.1s)
2026-09-18 17:10:04 [INFO] ai_bulk_remix: [68/196] START -> InShot_20260917_223746294.mp4
2026-09-18 17:10:20 [INFO] ai_bulk_remix: [62/196] DONE  936de465-74a8-4615-ae77-21c5d7675fad.mp4 (82.1s)
2026-09-18 17:10:20 [INFO] ai_bulk_remix: [69/196] START -> InShot_20260917_224116555.mp4
2026-09-18 17:10:23 [INFO] ai_bulk_remix: [61/196] DONE  8e44a1be-7547-4dd2-ae51-075e2449459c.mp4 (116.5s)
2026-09-18 17:10:23 [INFO] ai_bulk_remix: [70/196] START -> InShot_20260917_225421122.mp4
2026-09-18 17:10:27 [INFO] ai_bulk_remix: [64/196] DONE  9b16fe02-cb71-4592-8fec-0d7f94871947.mp4 (70.8s)
2026-09-18 17:10:27 [INFO] ai_bulk_remix: [71/196] START -> InShot_20260917_225448121.mp4
2026-09-18 17:10:29 [INFO] ai_bulk_remix: [66/196] DONE  9ecaa5db-2146-47a9-a4a2-becf58a3bef7.mp4 (43.2s)
2026-09-18 17:10:29 [INFO] ai_bulk_remix: [72/196] START -> InShot_20260917_225516961.mp4
2026-09-18 17:11:18 [INFO] ai_bulk_remix: [69/196] DONE  InShot_20260917_224116555.mp4 (49.9s)
2026-09-18 17:11:18 [INFO] ai_bulk_remix: [73/196] START -> InShot_20260917_225537875.mp4
2026-09-18 17:11:32 [INFO] ai_bulk_remix: [67/196] DONE  9fd4d812-6733-4202-a807-385be2fa79c2.mp4 (105.2s)
2026-09-18 17:11:32 [INFO] ai_bulk_remix: [74/196] START -> InShot_20260917_225606891.mp4
2026-09-18 17:11:46 [INFO] ai_bulk_remix: [72/196] DONE  InShot_20260917_225516961.mp4 (74.5s)
2026-09-18 17:11:46 [INFO] ai_bulk_remix: [75/196] START -> InShot_20260917_225625918.mp4
2026-09-18 17:11:47 [INFO] ai_bulk_remix: [71/196] DONE  InShot_20260917_225448121.mp4 (77.4s)
2026-09-18 17:11:50 [INFO] ai_bulk_remix: [76/196] START -> InShot_20260917_225702824.mp4
2026-09-18 17:11:53 [INFO] ai_bulk_remix: [68/196] DONE  InShot_20260917_223746294.mp4 (102.7s)
2026-09-18 17:11:53 [INFO] ai_bulk_remix: [77/196] START -> InShot_20260917_225738488.mp4
2026-09-18 17:11:53 [INFO] ai_bulk_remix: [70/196] DONE  InShot_20260917_225421122.mp4 (84.2s)
2026-09-18 17:11:53 [INFO] ai_bulk_remix: [78/196] START -> InShot_20260917_225810113.mp4
2026-09-18 17:12:02 [INFO] ai_bulk_remix: [73/196] DONE  InShot_20260917_225537875.mp4 (34.9s)
2026-09-18 17:12:02 [INFO] ai_bulk_remix: [79/196] START -> InShot_20260917_225839119.mp4
2026-09-18 17:12:30 [INFO] ai_bulk_remix: [75/196] DONE  InShot_20260917_225625918.mp4 (37.2s)
2026-09-18 17:12:30 [INFO] ai_bulk_remix: [80/196] START -> InShot_20260917_225900496.mp4
2026-09-18 17:12:34 [INFO] ai_bulk_remix: [74/196] DONE  InShot_20260917_225606891.mp4 (55.4s)
2026-09-18 17:12:34 [INFO] ai_bulk_remix: [81/196] START -> InShot_20260917_225922457.mp4
2026-09-18 17:13:04 [INFO] ai_bulk_remix: [79/196] DONE  InShot_20260917_225839119.mp4 (52.6s)
2026-09-18 17:13:04 [INFO] ai_bulk_remix: [82/196] START -> InShot_20260917_230001543.mp4
2026-09-18 17:13:17 [INFO] ai_bulk_remix: [80/196] DONE  InShot_20260917_225900496.mp4 (39.9s)
2026-09-18 17:13:17 [INFO] ai_bulk_remix: [83/196] START -> InShot_20260917_230029134.mp4
2026-09-18 17:14:12 [INFO] ai_bulk_remix: [83/196] DONE  InShot_20260917_230029134.mp4 (49.6s)
2026-09-18 17:14:12 [INFO] ai_bulk_remix: [84/196] START -> InShot_20260917_230050780.mp4
2026-09-18 17:14:18 [INFO] ai_bulk_remix: [81/196] DONE  InShot_20260917_225922457.mp4 (101.2s)
2026-09-18 17:14:18 [INFO] ai_bulk_remix: [85/196] START -> InShot_20260917_230235009.mp4
2026-09-18 17:14:19 [INFO] ai_bulk_remix: [78/196] DONE  InShot_20260917_225810113.mp4 (139.8s)
2026-09-18 17:14:19 [INFO] ai_bulk_remix: [86/196] START -> InShot_20260917_230326652.mp4
2026-09-18 17:14:25 [INFO] ai_bulk_remix: [77/196] DONE  InShot_20260917_225738488.mp4 (147.6s)
2026-09-18 17:14:25 [INFO] ai_bulk_remix: [87/196] START -> InShot_20260917_230355595.mp4
2026-09-18 17:15:00 [INFO] ai_bulk_remix: [82/196] DONE  InShot_20260917_230001543.mp4 (112.3s)
2026-09-18 17:15:00 [INFO] ai_bulk_remix: [88/196] START -> InShot_20260917_230437135.mp4
2026-09-18 17:15:56 [INFO] ai_bulk_remix: [76/196] DONE  InShot_20260917_225702824.mp4 (240.0s)
2026-09-18 17:15:56 [INFO] ai_bulk_remix: [89/196] START -> InShot_20260917_230513660.mp4
2026-09-18 17:16:27 [INFO] ai_bulk_remix: [87/196] DONE  InShot_20260917_230355595.mp4 (114.9s)
2026-09-18 17:16:27 [INFO] ai_bulk_remix: [90/196] START -> InShot_20260917_230538264.mp4
2026-09-18 17:17:51 [INFO] ai_bulk_remix: [89/196] DONE  InShot_20260917_230513660.mp4 (108.2s)
2026-09-18 17:17:51 [INFO] ai_bulk_remix: [91/196] START -> InShot_20260917_230605962.mp4
2026-09-18 17:18:30 [INFO] ai_bulk_remix: [90/196] DONE  InShot_20260917_230538264.mp4 (117.1s)
2026-09-18 17:18:30 [INFO] ai_bulk_remix: [92/196] START -> InShot_20260917_230638602.mp4
2026-09-18 17:18:42 [INFO] ai_bulk_remix: [86/196] DONE  InShot_20260917_230326652.mp4 (260.1s)
2026-09-18 17:18:42 [INFO] ai_bulk_remix: [93/196] START -> InShot_20260917_230659875.mp4
2026-09-18 17:18:46 [INFO] ai_bulk_remix: [88/196] DONE  InShot_20260917_230437135.mp4 (220.2s)
2026-09-18 17:18:46 [INFO] ai_bulk_remix: [94/196] START -> InShot_20260917_230718743.mp4
2026-09-18 17:19:05 [INFO] ai_bulk_remix: [91/196] DONE  InShot_20260917_230605962.mp4 (71.5s)
2026-09-18 17:19:05 [INFO] ai_bulk_remix: [95/196] START -> InShot_20260917_230738781.mp4
2026-09-18 17:19:30 [INFO] ai_bulk_remix: [92/196] DONE  InShot_20260917_230638602.mp4 (57.2s)
2026-09-18 17:19:30 [INFO] ai_bulk_remix: [96/196] START -> InShot_20260917_230805016.mp4
2026-09-18 17:19:56 [INFO] ai_bulk_remix: [93/196] DONE  InShot_20260917_230659875.mp4 (70.8s)
2026-09-18 17:19:56 [INFO] ai_bulk_remix: [97/196] START -> InShot_20260917_230831060.mp4
2026-09-18 17:20:13 [INFO] ai_bulk_remix: [94/196] DONE  InShot_20260917_230718743.mp4 (84.6s)
2026-09-18 17:20:13 [INFO] ai_bulk_remix: [98/196] START -> InShot_20260917_230856846.mp4
2026-09-18 17:20:42 [INFO] ai_bulk_remix: [85/196] DONE  InShot_20260917_230235009.mp4 (382.2s)
2026-09-18 17:20:42 [INFO] ai_bulk_remix: [99/196] START -> InShot_20260917_230953824.mp4
2026-09-18 17:20:57 [INFO] ai_bulk_remix: [96/196] DONE  InShot_20260917_230805016.mp4 (81.8s)
2026-09-18 17:20:57 [INFO] ai_bulk_remix: [100/196] START -> InShot_20260917_231011318.mp4
2026-09-18 17:21:27 [INFO] ai_bulk_remix: [98/196] DONE  InShot_20260917_230856846.mp4 (70.7s)
2026-09-18 17:21:27 [INFO] ai_bulk_remix: [101/196] START -> InShot_20260917_231028111.mp4
2026-09-18 17:21:43 [INFO] ai_bulk_remix: [97/196] DONE  InShot_20260917_230831060.mp4 (102.6s)
2026-09-18 17:21:43 [INFO] ai_bulk_remix: [102/196] START -> InShot_20260917_231048280.mp4
2026-09-18 17:21:44 [INFO] ai_bulk_remix: [99/196] DONE  InShot_20260917_230953824.mp4 (59.0s)
2026-09-18 17:21:44 [INFO] ai_bulk_remix: [103/196] START -> InShot_20260917_231106744.mp4
2026-09-18 17:21:44 [INFO] ai_bulk_remix: [95/196] DONE  InShot_20260917_230738781.mp4 (156.4s)
2026-09-18 17:21:44 [INFO] ai_bulk_remix: [104/196] START -> InShot_20260917_231203473.mp4
2026-09-18 17:22:05 [INFO] ai_bulk_remix: [100/196] DONE  InShot_20260917_231011318.mp4 (62.8s)
2026-09-18 17:22:05 [INFO] ai_bulk_remix: [105/196] START -> InShot_20260917_231242482.mp4
2026-09-18 17:22:45 [INFO] ai_bulk_remix: [84/196] DONE  InShot_20260917_230050780.mp4 (510.0s)
2026-09-18 17:22:45 [INFO] ai_bulk_remix: [106/196] START -> InShot_20260917_231302294.mp4
2026-09-18 17:23:11 [INFO] ai_bulk_remix: [103/196] DONE  InShot_20260917_231106744.mp4 (84.6s)
2026-09-18 17:23:11 [INFO] ai_bulk_remix: [107/196] START -> InShot_20260917_231329260.mp4
2026-09-18 17:23:13 [INFO] ai_bulk_remix: [101/196] DONE  InShot_20260917_231028111.mp4 (102.1s)
2026-09-18 17:23:13 [INFO] ai_bulk_remix: [108/196] START -> InShot_20260917_231351066.mp4
2026-09-18 17:23:13 [INFO] ai_bulk_remix: [102/196] DONE  InShot_20260917_231048280.mp4 (88.1s)
2026-09-18 17:23:13 [INFO] ai_bulk_remix: [109/196] START -> InShot_20260917_231412884.mp4
2026-09-18 17:23:41 [INFO] ai_bulk_remix: [105/196] DONE  InShot_20260917_231242482.mp4 (92.6s)
2026-09-18 17:23:41 [INFO] ai_bulk_remix: [110/196] START -> InShot_20260917_231438732.mp4
2026-09-18 17:23:58 [INFO] ai_bulk_remix: [106/196] DONE  InShot_20260917_231302294.mp4 (70.4s)
2026-09-18 17:23:58 [INFO] ai_bulk_remix: [111/196] START -> InShot_20260917_231459110.mp4
2026-09-18 17:24:21 [INFO] ai_bulk_remix: [107/196] DONE  InShot_20260917_231329260.mp4 (68.4s)
2026-09-18 17:24:22 [INFO] ai_bulk_remix: [112/196] START -> InShot_20260917_231533425.mp4
2026-09-18 17:24:29 [INFO] ai_bulk_remix: [110/196] DONE  InShot_20260917_231438732.mp4 (44.9s)
2026-09-18 17:24:29 [INFO] ai_bulk_remix: [113/196] START -> InShot_20260917_231611474.mp4
2026-09-18 17:24:36 [INFO] ai_bulk_remix: [108/196] DONE  InShot_20260917_231351066.mp4 (81.6s)
2026-09-18 17:24:37 [INFO] ai_bulk_remix: [114/196] START -> InShot_20260917_231631091.mp4
2026-09-18 17:24:40 [INFO] ai_bulk_remix: [109/196] DONE  InShot_20260917_231412884.mp4 (85.7s)
2026-09-18 17:24:40 [INFO] ai_bulk_remix: [115/196] START -> InShot_20260917_231722070.mp4
2026-09-18 17:24:48 [INFO] ai_bulk_remix: [111/196] DONE  InShot_20260917_231459110.mp4 (46.8s)
2026-09-18 17:24:48 [INFO] ai_bulk_remix: [116/196] START -> InShot_20260917_231748292.mp4
2026-09-18 17:24:56 [INFO] ai_bulk_remix: [104/196] DONE  InShot_20260917_231203473.mp4 (188.7s)
2026-09-18 17:24:56 [INFO] ai_bulk_remix: [117/196] START -> InShot_20260917_231828921.mp4
2026-09-18 17:25:12 [INFO] ai_bulk_remix: [112/196] DONE  InShot_20260917_231533425.mp4 (47.9s)
2026-09-18 17:25:12 [INFO] ai_bulk_remix: [118/196] START -> InShot_20260917_231850555.mp4
2026-09-18 17:25:18 [INFO] ai_bulk_remix: [113/196] DONE  InShot_20260917_231611474.mp4 (46.1s)
2026-09-18 17:25:18 [INFO] ai_bulk_remix: [119/196] START -> InShot_20260917_231911259.mp4
2026-09-18 17:25:29 [INFO] ai_bulk_remix: [114/196] DONE  InShot_20260917_231631091.mp4 (49.7s)
2026-09-18 17:25:33 [INFO] ai_bulk_remix: [120/196] START -> InShot_20260917_231936775.mp4
2026-09-18 17:25:39 [INFO] ai_bulk_remix: [117/196] DONE  InShot_20260917_231828921.mp4 (41.5s)
2026-09-18 17:25:39 [INFO] ai_bulk_remix: [121/196] START -> InShot_20260917_232004665.mp4
2026-09-18 17:25:41 [INFO] ai_bulk_remix: [116/196] DONE  InShot_20260917_231748292.mp4 (50.5s)
2026-09-18 17:25:41 [INFO] ai_bulk_remix: [122/196] START -> InShot_20260917_232052429.mp4
2026-09-18 17:25:54 [INFO] ai_bulk_remix: [115/196] DONE  InShot_20260917_231722070.mp4 (71.1s)
2026-09-18 17:25:54 [INFO] ai_bulk_remix: [123/196] START -> InShot_20260917_232118050.mp4
2026-09-18 17:26:23 [INFO] ai_bulk_remix: [121/196] DONE  InShot_20260917_232004665.mp4 (40.9s)
2026-09-18 17:26:23 [INFO] ai_bulk_remix: [124/196] START -> InShot_20260917_232138572.mp4
2026-09-18 17:26:33 [INFO] ai_bulk_remix: [119/196] DONE  InShot_20260917_231911259.mp4 (72.3s)
2026-09-18 17:26:33 [INFO] ai_bulk_remix: [125/196] START -> InShot_20260917_232218507.mp4
2026-09-18 17:26:38 [INFO] ai_bulk_remix: [118/196] DONE  InShot_20260917_231850555.mp4 (82.5s)
2026-09-18 17:26:38 [INFO] ai_bulk_remix: [126/196] START -> InShot_20260917_232254008.mp4
2026-09-18 17:26:39 [INFO] ai_bulk_remix: [122/196] DONE  InShot_20260917_232052429.mp4 (55.6s)
2026-09-18 17:26:39 [INFO] ai_bulk_remix: [127/196] START -> a186f62e-fa3e-4ef8-bc91-3a7ecbffb0b6.mp4
2026-09-18 17:26:50 [INFO] ai_bulk_remix: [123/196] DONE  InShot_20260917_232118050.mp4 (52.9s)
2026-09-18 17:26:50 [INFO] ai_bulk_remix: [128/196] START -> a1fc5b77-5fcb-4d59-9445-39d634f514ac.mp4
2026-09-18 17:27:07 [INFO] ai_bulk_remix: [127/196] DONE  a186f62e-fa3e-4ef8-bc91-3a7ecbffb0b6.mp4 (26.4s)
2026-09-18 17:27:07 [INFO] ai_bulk_remix: [129/196] START -> a6b8596d-7ce0-45bc-8177-ce2779fe3542.mp4
2026-09-18 17:27:34 [INFO] ai_bulk_remix: [120/196] DONE  InShot_20260917_231936775.mp4 (117.5s)
2026-09-18 17:27:34 [INFO] ai_bulk_remix: [130/196] START -> a9f8ed39-1959-46e3-80c2-aef209e25b88.mp4
2026-09-18 17:27:44 [INFO] ai_bulk_remix: [129/196] DONE  a6b8596d-7ce0-45bc-8177-ce2779fe3542.mp4 (33.9s)
2026-09-18 17:27:44 [INFO] ai_bulk_remix: [131/196] START -> aa62ae6a-352a-4c78-bedb-04afd947603d.mp4
2026-09-18 17:27:55 [INFO] ai_bulk_remix: [128/196] DONE  a1fc5b77-5fcb-4d59-9445-39d634f514ac.mp4 (61.3s)
2026-09-18 17:27:55 [INFO] ai_bulk_remix: [132/196] START -> aa6ab2b0-1864-447b-8afc-ab0495727352.mp4
2026-09-18 17:28:27 [INFO] ai_bulk_remix: [131/196] DONE  aa62ae6a-352a-4c78-bedb-04afd947603d.mp4 (40.4s)
2026-09-18 17:28:27 [INFO] ai_bulk_remix: [133/196] START -> ad15295b-5dfe-466a-88fa-cf7b22d507f3.mp4
2026-09-18 17:28:28 [INFO] ai_bulk_remix: [130/196] DONE  a9f8ed39-1959-46e3-80c2-aef209e25b88.mp4 (51.1s)
2026-09-18 17:28:28 [INFO] ai_bulk_remix: [134/196] START -> b1ea4137-835a-4fd0-89bc-f8bf39b12106.mp4
2026-09-18 17:28:46 [INFO] ai_bulk_remix: [132/196] DONE  aa6ab2b0-1864-447b-8afc-ab0495727352.mp4 (49.7s)
2026-09-18 17:28:46 [INFO] ai_bulk_remix: [135/196] START -> b219cf80-b0dd-46a2-bff9-772039a0b984.mp4
2026-09-18 17:28:53 [INFO] ai_bulk_remix: [126/196] DONE  InShot_20260917_232254008.mp4 (132.5s)
2026-09-18 17:28:54 [INFO] ai_bulk_remix: [136/196] START -> b2d2d7db-5673-4d28-9de5-179b7de1fd98.mp4
2026-09-18 17:28:55 [INFO] ai_bulk_remix: [133/196] DONE  ad15295b-5dfe-466a-88fa-cf7b22d507f3.mp4 (26.3s)
2026-09-18 17:28:55 [INFO] ai_bulk_remix: [137/196] START -> b92f32d7-dcda-40aa-aa66-9a9f53448039.mp4
2026-09-18 17:29:30 [INFO] ai_bulk_remix: [137/196] DONE  b92f32d7-dcda-40aa-aa66-9a9f53448039.mp4 (32.4s)
2026-09-18 17:29:30 [INFO] ai_bulk_remix: [138/196] START -> b9c39935-4e7a-41b9-acfc-d20508dcadf0.mp4
2026-09-18 17:29:44 [INFO] ai_bulk_remix: [134/196] DONE  b1ea4137-835a-4fd0-89bc-f8bf39b12106.mp4 (73.7s)
2026-09-18 17:29:44 [INFO] ai_bulk_remix: [139/196] START -> ba74898b-1d02-432c-afe8-4427d86c4b93.mp4
2026-09-18 17:29:51 [INFO] ai_bulk_remix: [136/196] DONE  b2d2d7db-5673-4d28-9de5-179b7de1fd98.mp4 (55.4s)
2026-09-18 17:29:51 [INFO] ai_bulk_remix: [140/196] START -> bac23f52-ecae-4a49-b4df-3ccf4f5c692d.mp4
2026-09-18 17:30:00 [INFO] ai_bulk_remix: [135/196] DONE  b219cf80-b0dd-46a2-bff9-772039a0b984.mp4 (71.9s)
2026-09-18 17:30:03 [INFO] ai_bulk_remix: [141/196] START -> bf333fc6-8066-4c26-a40e-af6cce8f1c6d.mp4
2026-09-18 17:30:17 [INFO] ai_bulk_remix: [139/196] DONE  ba74898b-1d02-432c-afe8-4427d86c4b93.mp4 (31.4s)
2026-09-18 17:30:17 [INFO] ai_bulk_remix: [142/196] START -> c01d2b8c-c1ac-4e7f-9c74-168751bfe19f.mp4
2026-09-18 17:30:29 [INFO] ai_bulk_remix: [138/196] DONE  b9c39935-4e7a-41b9-acfc-d20508dcadf0.mp4 (57.0s)
2026-09-18 17:30:29 [INFO] ai_bulk_remix: [143/196] START -> c3dd5f96-42e3-44fc-a726-c54223363553.mp4
2026-09-18 17:30:35 [INFO] ai_bulk_remix: [141/196] DONE  bf333fc6-8066-4c26-a40e-af6cce8f1c6d.mp4 (28.8s)
2026-09-18 17:30:35 [INFO] ai_bulk_remix: [144/196] START -> c77b804c-b7a8-4930-ad0b-89237a9508af.mp4
2026-09-18 17:30:42 [INFO] ai_bulk_remix: [125/196] DONE  InShot_20260917_232218507.mp4 (246.7s)
2026-09-18 17:30:42 [INFO] ai_bulk_remix: [145/196] START -> c7d967d9-d04c-40e7-a593-c24ca609ba08.mp4
2026-09-18 17:30:45 [INFO] ai_bulk_remix: [140/196] DONE  bac23f52-ecae-4a49-b4df-3ccf4f5c692d.mp4 (51.4s)
2026-09-18 17:30:45 [INFO] ai_bulk_remix: [146/196] START -> c868d1c9-6614-4248-bf23-19dd20d8b30f.mp4
2026-09-18 17:31:00 [INFO] ai_bulk_remix: [124/196] DONE  InShot_20260917_232138572.mp4 (274.2s)
2026-09-18 17:31:00 [INFO] ai_bulk_remix: [147/196] START -> cabb6c2a-6bbb-4ab3-b3f4-1b346ec9f5cb.mp4
2026-09-18 17:31:09 [INFO] ai_bulk_remix: [143/196] DONE  c3dd5f96-42e3-44fc-a726-c54223363553.mp4 (37.1s)
2026-09-18 17:31:09 [INFO] ai_bulk_remix: [148/196] START -> ce769c04-54c6-463d-8cee-ab2e7e86e53d.mp4
2026-09-18 17:31:25 [INFO] ai_bulk_remix: [144/196] DONE  c77b804c-b7a8-4930-ad0b-89237a9508af.mp4 (47.3s)
2026-09-18 17:31:25 [INFO] ai_bulk_remix: [149/196] START -> cecbd085-924a-4a0d-b591-7e30480cea47.mp4
2026-09-18 17:31:36 [INFO] ai_bulk_remix: [148/196] DONE  ce769c04-54c6-463d-8cee-ab2e7e86e53d.mp4 (24.4s)
2026-09-18 17:31:36 [INFO] ai_bulk_remix: [150/196] START -> cf588354-b935-4f73-afdc-4ebf149896fa.mp4
2026-09-18 17:31:37 [INFO] ai_bulk_remix: [146/196] DONE  c868d1c9-6614-4248-bf23-19dd20d8b30f.mp4 (49.1s)
2026-09-18 17:31:37 [INFO] ai_bulk_remix: [151/196] START -> d1f843ef-46e2-476f-a4fd-b53bee470e0c.mp4
2026-09-18 17:31:42 [INFO] ai_bulk_remix: [147/196] DONE  cabb6c2a-6bbb-4ab3-b3f4-1b346ec9f5cb.mp4 (40.2s)
2026-09-18 17:31:42 [INFO] ai_bulk_remix: [152/196] START -> d4d88152-dd91-4d06-8873-259a72cb188c.mp4
2026-09-18 17:31:47 [INFO] ai_bulk_remix: [142/196] DONE  c01d2b8c-c1ac-4e7f-9c74-168751bfe19f.mp4 (87.7s)
2026-09-18 17:31:47 [INFO] ai_bulk_remix: [153/196] START -> dd8694ad-a7c9-426b-abae-b6c091349a9b.mp4
2026-09-18 17:31:56 [INFO] ai_bulk_remix: [145/196] DONE  c7d967d9-d04c-40e7-a593-c24ca609ba08.mp4 (72.5s)
2026-09-18 17:31:56 [INFO] ai_bulk_remix: [154/196] START -> dd930393-c645-48d5-bfd8-55779f1e1388.mp4
2026-09-18 17:32:21 [INFO] ai_bulk_remix: [152/196] DONE  d4d88152-dd91-4d06-8873-259a72cb188c.mp4 (37.6s)
2026-09-18 17:32:21 [INFO] ai_bulk_remix: [155/196] START -> dff3444c-9ef7-4974-a8df-d033e8fcae11.mp4
2026-09-18 17:32:29 [INFO] ai_bulk_remix: [154/196] DONE  dd930393-c645-48d5-bfd8-55779f1e1388.mp4 (30.5s)
2026-09-18 17:32:29 [INFO] ai_bulk_remix: [156/196] START -> e02fb2fd-a887-4f0f-99c3-e6b94b3d6856.mp4
2026-09-18 17:32:30 [INFO] ai_bulk_remix: [149/196] DONE  cecbd085-924a-4a0d-b591-7e30480cea47.mp4 (62.8s)
2026-09-18 17:32:30 [INFO] ai_bulk_remix: [157/196] START -> e2b41009-e591-4f45-9d77-4f5d39efc536.mp4
2026-09-18 17:32:31 [INFO] ai_bulk_remix: [150/196] DONE  cf588354-b935-4f73-afdc-4ebf149896fa.mp4 (53.2s)
2026-09-18 17:32:31 [INFO] ai_bulk_remix: [158/196] START -> e3fbf1ad-21cf-4c98-9122-ef79dc131730.mp4
2026-09-18 17:32:35 [INFO] ai_bulk_remix: [153/196] DONE  dd8694ad-a7c9-426b-abae-b6c091349a9b.mp4 (46.4s)
2026-09-18 17:32:35 [INFO] ai_bulk_remix: [159/196] START -> e48fee30-c665-42ad-892a-15cf2959b080.mp4
2026-09-18 17:32:40 [INFO] ai_bulk_remix: [151/196] DONE  d1f843ef-46e2-476f-a4fd-b53bee470e0c.mp4 (61.2s)
2026-09-18 17:32:40 [INFO] ai_bulk_remix: [160/196] START -> ef24a513-9a2d-4407-ad4f-bafb1798c0e2.mp4
2026-09-18 17:32:46 [INFO] ai_bulk_remix: [157/196] DONE  e2b41009-e591-4f45-9d77-4f5d39efc536.mp4 (14.3s)
2026-09-18 17:32:46 [INFO] ai_bulk_remix: [161/196] START -> ef619979-f461-449e-ac6e-1d2367b09fa8.mp4
2026-09-18 17:32:52 [INFO] ai_bulk_remix: [155/196] DONE  dff3444c-9ef7-4974-a8df-d033e8fcae11.mp4 (29.1s)
2026-09-18 17:32:52 [INFO] ai_bulk_remix: [162/196] START -> f385c707-6ee3-4eca-870e-ee356590200e.mp4
2026-09-18 17:32:53 [INFO] ai_bulk_remix: [156/196] DONE  e02fb2fd-a887-4f0f-99c3-e6b94b3d6856.mp4 (22.2s)
2026-09-18 17:32:53 [INFO] ai_bulk_remix: [163/196] START -> f4713537-7303-483c-81c4-1c6a2a165ac1.mp4
2026-09-18 17:33:01 [INFO] ai_bulk_remix: [159/196] DONE  e48fee30-c665-42ad-892a-15cf2959b080.mp4 (22.1s)
2026-09-18 17:33:01 [INFO] ai_bulk_remix: [164/196] START -> f6a210c1-e1c4-474e-9dc1-ba7ba5639dce.mp4
2026-09-18 17:33:02 [INFO] ai_bulk_remix: [160/196] DONE  ef24a513-9a2d-4407-ad4f-bafb1798c0e2.mp4 (19.1s)
2026-09-18 17:33:02 [INFO] ai_bulk_remix: [165/196] START -> f6c28816-cb35-4c0e-9177-95622740a0cb.mp4
2026-09-18 17:33:10 [INFO] ai_bulk_remix: [158/196] DONE  e3fbf1ad-21cf-4c98-9122-ef79dc131730.mp4 (36.5s)
2026-09-18 17:33:10 [INFO] ai_bulk_remix: [166/196] START -> f908eb83-8e9e-4f3a-8f39-b0741c43f05d.mp4
2026-09-18 17:33:20 [INFO] ai_bulk_remix: [162/196] DONE  f385c707-6ee3-4eca-870e-ee356590200e.mp4 (25.6s)
2026-09-18 17:33:20 [INFO] ai_bulk_remix: [167/196] START -> fbe45ef3-d35e-402d-ae9f-42959277bc5d.mp4
2026-09-18 17:33:20 [INFO] ai_bulk_remix: [161/196] DONE  ef619979-f461-449e-ac6e-1d2367b09fa8.mp4 (32.2s)
2026-09-18 17:33:21 [INFO] ai_bulk_remix: [168/196] START -> snaptik_7670211040818334990_v3 (1).mp4
2026-09-18 17:33:29 [INFO] ai_bulk_remix: [165/196] DONE  f6c28816-cb35-4c0e-9177-95622740a0cb.mp4 (25.2s)
2026-09-18 17:33:29 [INFO] ai_bulk_remix: [169/196] START -> snaptik_7670226193882336525_v3 (1).mp4
2026-09-18 17:33:56 [INFO] ai_bulk_remix: [168/196] DONE  snaptik_7670211040818334990_v3 (1).mp4 (33.8s)
2026-09-18 17:33:56 [INFO] ai_bulk_remix: [170/196] START -> snaptik_7670229862816304398_v3 (1).mp4
2026-09-18 17:33:59 [INFO] ai_bulk_remix: [167/196] DONE  fbe45ef3-d35e-402d-ae9f-42959277bc5d.mp4 (37.9s)
2026-09-18 17:33:59 [INFO] ai_bulk_remix: [171/196] START -> snaptik_7670983568675343629_v3 (1).mp4
2026-09-18 17:34:03 [INFO] ai_bulk_remix: [163/196] DONE  f4713537-7303-483c-81c4-1c6a2a165ac1.mp4 (67.9s)
2026-09-18 17:34:03 [INFO] ai_bulk_remix: [172/196] START -> snaptik_7671317946941148429_v3 (1).mp4
2026-09-18 17:34:14 [INFO] ai_bulk_remix: [164/196] DONE  f6a210c1-e1c4-474e-9dc1-ba7ba5639dce.mp4 (71.3s)
2026-09-18 17:34:14 [INFO] ai_bulk_remix: [173/196] START -> snaptik_7672478011819625741_v3 (1).mp4
2026-09-18 17:34:17 [INFO] ai_bulk_remix: [166/196] DONE  f908eb83-8e9e-4f3a-8f39-b0741c43f05d.mp4 (64.1s)
2026-09-18 17:34:17 [INFO] ai_bulk_remix: [174/196] START -> snaptik_7672826107749535007_v3 (1).mp4
2026-09-18 17:34:21 [INFO] ai_bulk_remix: [170/196] DONE  snaptik_7670229862816304398_v3 (1).mp4 (22.4s)
2026-09-18 17:34:21 [INFO] ai_bulk_remix: [175/196] START -> snaptik_7673802567859604750_v3 (1).mp4
2026-09-18 17:34:33 [INFO] ai_bulk_remix: [172/196] DONE  snaptik_7671317946941148429_v3 (1).mp4 (27.1s)
2026-09-18 17:34:33 [INFO] ai_bulk_remix: [176/196] START -> snaptik_7673850353204481294_v3 (1).mp4
2026-09-18 17:34:35 [INFO] ai_bulk_remix: [171/196] DONE  snaptik_7670983568675343629_v3 (1).mp4 (33.6s)
2026-09-18 17:34:35 [INFO] ai_bulk_remix: [177/196] START -> snaptik_7675744878390791437_v3 (1).mp4
2026-09-18 17:34:52 [INFO] ai_bulk_remix: [177/196] DONE  snaptik_7675744878390791437_v3 (1).mp4 (15.0s)
2026-09-18 17:34:52 [INFO] ai_bulk_remix: [178/196] START -> snaptik_7675967302734482701_v3 (1).mp4
2026-09-18 17:35:02 [INFO] ai_bulk_remix: [176/196] DONE  snaptik_7673850353204481294_v3 (1).mp4 (26.4s)
2026-09-18 17:35:02 [INFO] ai_bulk_remix: [179/196] START -> snaptik_7676091515269106958_v3 (1).mp4
2026-09-18 17:35:04 [INFO] ai_bulk_remix: [173/196] DONE  snaptik_7672478011819625741_v3 (1).mp4 (48.4s)
2026-09-18 17:35:04 [INFO] ai_bulk_remix: [180/196] START -> snaptik_7676305728486837518_v3 (1).mp4
2026-09-18 17:35:12 [INFO] ai_bulk_remix: [174/196] DONE  snaptik_7672826107749535007_v3 (1).mp4 (52.4s)
2026-09-18 17:35:12 [INFO] ai_bulk_remix: [181/196] START -> snaptik_7676794229888208142_v3 (1).mp4
2026-09-18 17:35:17 [INFO] ai_bulk_remix: [178/196] DONE  snaptik_7675967302734482701_v3 (1).mp4 (22.6s)
2026-09-18 17:35:17 [INFO] ai_bulk_remix: [182/196] START -> snaptik_7676898603440426253_v3 (1).mp4
2026-09-18 17:35:21 [INFO] ai_bulk_remix: [169/196] DONE  snaptik_7670226193882336525_v3 (1).mp4 (110.5s)
2026-09-18 17:35:21 [INFO] ai_bulk_remix: [183/196] START -> snaptik_7677101954484489485_v3 (1).mp4
2026-09-18 17:35:30 [INFO] ai_bulk_remix: [179/196] DONE  snaptik_7676091515269106958_v3 (1).mp4 (25.4s)
2026-09-18 17:35:30 [INFO] ai_bulk_remix: [184/196] START -> snaptik_7677293982086434061_v3 (1).mp4
2026-09-18 17:35:40 [INFO] ai_bulk_remix: [182/196] DONE  snaptik_7676898603440426253_v3 (1).mp4 (21.3s)
2026-09-18 17:35:40 [INFO] ai_bulk_remix: [185/196] START -> snaptik_7677609061206035725_v3 (1).mp4
2026-09-18 17:35:50 [INFO] ai_bulk_remix: [180/196] DONE  snaptik_7676305728486837518_v3 (1).mp4 (43.2s)
2026-09-18 17:35:50 [INFO] ai_bulk_remix: [186/196] START -> snaptik_7677806187147971854_v3 (1).mp4
2026-09-18 17:36:00 [INFO] ai_bulk_remix: [181/196] DONE  snaptik_7676794229888208142_v3 (1).mp4 (45.4s)
2026-09-18 17:36:00 [INFO] ai_bulk_remix: [187/196] START -> snaptik_7677984084311674126_v3 (1).mp4
2026-09-18 17:36:02 [INFO] ai_bulk_remix: [183/196] DONE  snaptik_7677101954484489485_v3 (1).mp4 (38.7s)
2026-09-18 17:36:02 [INFO] ai_bulk_remix: [188/196] START -> snaptik_7678336522159983885_v3 (1).mp4
2026-09-18 17:36:02 [INFO] ai_bulk_remix: [175/196] DONE  snaptik_7673802567859604750_v3 (1).mp4 (98.8s)
2026-09-18 17:36:02 [INFO] ai_bulk_remix: [189/196] START -> snaptik_7679094645996965134_v3 (1).mp4
2026-09-18 17:36:13 [INFO] ai_bulk_remix: [185/196] DONE  snaptik_7677609061206035725_v3 (1).mp4 (30.4s)
2026-09-18 17:36:13 [INFO] ai_bulk_remix: [190/196] START -> snaptik_7679374623632346398_v3 (1).mp4
2026-09-18 17:36:20 [INFO] ai_bulk_remix: [184/196] DONE  snaptik_7677293982086434061_v3 (1).mp4 (48.6s)
2026-09-18 17:36:20 [INFO] ai_bulk_remix: [191/196] START -> snaptik_7679448337346465038_v3 (1).mp4
2026-09-18 17:36:27 [INFO] ai_bulk_remix: [187/196] DONE  snaptik_7677984084311674126_v3 (1).mp4 (25.4s)
2026-09-18 17:36:27 [INFO] ai_bulk_remix: [192/196] START -> snaptik_7679694208894061837_v3 (1).mp4
2026-09-18 17:36:30 [INFO] ai_bulk_remix: [189/196] DONE  snaptik_7679094645996965134_v3 (1).mp4 (25.8s)
2026-09-18 17:36:30 [INFO] ai_bulk_remix: [193/196] START -> snaptik_7679847631618657550_v3 (1).mp4
2026-09-18 17:36:33 [INFO] ai_bulk_remix: [188/196] DONE  snaptik_7678336522159983885_v3 (1).mp4 (29.4s)
2026-09-18 17:36:34 [INFO] ai_bulk_remix: [194/196] START -> snaptik_7679868050862099726_v3 (1).mp4
2026-09-18 17:36:40 [INFO] ai_bulk_remix: [191/196] DONE  snaptik_7679448337346465038_v3 (1).mp4 (17.1s)
2026-09-18 17:36:40 [INFO] ai_bulk_remix: [195/196] START -> snaptik_7680126175619976461_v3 (1).mp4
2026-09-18 17:36:54 [INFO] ai_bulk_remix: [194/196] DONE  snaptik_7679868050862099726_v3 (1).mp4 (17.1s)
2026-09-18 17:36:54 [INFO] ai_bulk_remix: [196/196] START -> snaptik_7680223803904888077_v3 (1).mp4
2026-09-18 17:36:56 [INFO] ai_bulk_remix: [195/196] DONE  snaptik_7680126175619976461_v3 (1).mp4 (14.6s)
2026-09-18 17:36:56 [INFO] ai_bulk_remix: [192/196] DONE  snaptik_7679694208894061837_v3 (1).mp4 (26.0s)
2026-09-18 17:36:57 [INFO] ai_bulk_remix: [190/196] DONE  snaptik_7679374623632346398_v3 (1).mp4 (42.2s)
2026-09-18 17:37:04 [INFO] ai_bulk_remix: [186/196] DONE  snaptik_7677806187147971854_v3 (1).mp4 (70.6s)
2026-09-18 17:37:10 [INFO] ai_bulk_remix: [193/196] DONE  snaptik_7679847631618657550_v3 (1).mp4 (36.5s)
2026-09-18 17:37:21 [INFO] ai_bulk_remix: [196/196] DONE  snaptik_7680223803904888077_v3 (1).mp4 (24.9s)
2026-09-18 17:37:21 [INFO] ai_bulk_remix: ==================================================
2026-09-18 17:37:21 [INFO] ai_bulk_remix: BATCH PROCESSING COMPLETED
2026-09-18 17:37:21 [INFO] ai_bulk_remix: Successful: 196
2026-09-18 17:37:21 [INFO] ai_bulk_remix: Failed: 0
2026-09-18 17:37:21 [INFO] ai_bulk_remix: Skipped: 0
2026-09-18 17:37:21 [INFO] ai_bulk_remix: Total time: 2383.6s
2026-09-18 17:37:21 [INFO] ai_bulk_remix: ==================================================
2026-09-18 17:58:54 [INFO] ai_bulk_remix: Scanned C:/Users/h/Downloads/anime: 58 video(s) found
2026-09-18 17:59:55 [INFO] ai_bulk_remix: ==================================================
2026-09-18 17:59:55 [INFO] ai_bulk_remix: BATCH PROCESSING STARTED
2026-09-18 17:59:55 [INFO] ai_bulk_remix: Total files: 58
2026-09-18 17:59:55 [INFO] ai_bulk_remix: Output directory: C:/Users/h/Downloads/anime/edit
2026-09-18 17:59:55 [INFO] ai_bulk_remix: Workers: 6
2026-09-18 17:59:55 [INFO] ai_bulk_remix: Encoder: h264_nvenc
2026-09-18 17:59:55 [INFO] ai_bulk_remix: ==================================================
2026-09-18 17:59:55 [INFO] ai_bulk_remix: [1/58] START -> InShot_20260817_200709830.mp4
2026-09-18 17:59:55 [INFO] ai_bulk_remix: [2/58] START -> InShot_20260817_200805308.mp4
2026-09-18 17:59:55 [INFO] ai_bulk_remix: [3/58] START -> InShot_20260817_200901459.mp4
2026-09-18 17:59:55 [INFO] ai_bulk_remix: [4/58] START -> InShot_20260817_201011511.mp4
2026-09-18 17:59:55 [INFO] ai_bulk_remix: [5/58] START -> InShot_20260817_201104798.mp4
2026-09-18 17:59:55 [INFO] ai_bulk_remix: [6/58] START -> InShot_20260910_101250898.mp4
2026-09-18 18:01:31 [INFO] ai_bulk_remix: [1/58] DONE  InShot_20260817_200709830.mp4 (95.7s)
2026-09-18 18:01:32 [INFO] ai_bulk_remix: [7/58] START -> InShot_20260910_101350205.mp4
2026-09-18 18:01:39 [INFO] ai_bulk_remix: [2/58] DONE  InShot_20260817_200805308.mp4 (103.7s)
2026-09-18 18:01:39 [INFO] ai_bulk_remix: [8/58] START -> InShot_20260910_101505416.mp4
2026-09-18 18:01:41 [INFO] ai_bulk_remix: [6/58] DONE  InShot_20260910_101250898.mp4 (104.7s)
2026-09-18 18:01:41 [INFO] ai_bulk_remix: [9/58] START -> InShot_20260910_101613965.mp4
2026-09-18 18:02:05 [INFO] ai_bulk_remix: [5/58] DONE  InShot_20260817_201104798.mp4 (129.2s)
2026-09-18 18:02:05 [INFO] ai_bulk_remix: [10/58] START -> InShot_20260910_101652007.mp4
2026-09-18 18:02:07 [INFO] ai_bulk_remix: [4/58] DONE  InShot_20260817_201011511.mp4 (131.4s)
2026-09-18 18:02:07 [INFO] ai_bulk_remix: [11/58] START -> InShot_20260910_101746732.mp4
2026-09-18 18:02:35 [INFO] ai_bulk_remix: [3/58] DONE  InShot_20260817_200901459.mp4 (159.5s)
2026-09-18 18:02:35 [INFO] ai_bulk_remix: [12/58] START -> InShot_20260910_101920699.mp4
2026-09-18 18:02:36 [INFO] ai_bulk_remix: [7/58] DONE  InShot_20260910_101350205.mp4 (60.0s)
2026-09-18 18:02:36 [INFO] ai_bulk_remix: [13/58] START -> InShot_20260910_101957071.mp4
2026-09-18 18:03:01 [INFO] ai_bulk_remix: [8/58] DONE  InShot_20260910_101505416.mp4 (78.6s)
2026-09-18 18:03:01 [INFO] ai_bulk_remix: [14/58] START -> InShot_20260910_102056210.mp4
2026-09-18 18:03:02 [INFO] ai_bulk_remix: [9/58] DONE  InShot_20260910_101613965.mp4 (79.2s)
2026-09-18 18:03:07 [INFO] ai_bulk_remix: [15/58] START -> InShot_20260910_102202373.mp4
2026-09-18 18:03:30 [INFO] ai_bulk_remix: [11/58] DONE  InShot_20260910_101746732.mp4 (80.5s)
2026-09-18 18:03:30 [INFO] ai_bulk_remix: [16/58] START -> InShot_20260910_102234867.mp4
2026-09-18 18:03:32 [INFO] ai_bulk_remix: [10/58] DONE  InShot_20260910_101652007.mp4 (84.6s)
2026-09-18 18:03:32 [INFO] ai_bulk_remix: [17/58] START -> InShot_20260910_102316841.mp4
2026-09-18 18:03:53 [INFO] ai_bulk_remix: [12/58] DONE  InShot_20260910_101920699.mp4 (75.0s)
2026-09-18 18:03:53 [INFO] ai_bulk_remix: [18/58] START -> InShot_20260910_102351635.mp4
2026-09-18 18:04:01 [INFO] ai_bulk_remix: [13/58] DONE  InShot_20260910_101957071.mp4 (82.3s)
2026-09-18 18:04:01 [INFO] ai_bulk_remix: [19/58] START -> InShot_20260910_102436596.mp4
2026-09-18 18:04:15 [INFO] ai_bulk_remix: [14/58] DONE  InShot_20260910_102056210.mp4 (71.6s)
2026-09-18 18:04:15 [INFO] ai_bulk_remix: [20/58] START -> InShot_20260910_102537297.mp4
2026-09-18 18:04:35 [INFO] ai_bulk_remix: [15/58] DONE  InShot_20260910_102202373.mp4 (85.4s)
2026-09-18 18:04:35 [INFO] ai_bulk_remix: [21/58] START -> InShot_20260910_102610509.mp4
2026-09-18 18:04:43 [INFO] ai_bulk_remix: [16/58] DONE  InShot_20260910_102234867.mp4 (70.9s)
2026-09-18 18:04:45 [INFO] ai_bulk_remix: [22/58] START -> InShot_20260910_102647543.mp4
2026-09-18 18:05:06 [INFO] ai_bulk_remix: [17/58] DONE  InShot_20260910_102316841.mp4 (90.8s)
2026-09-18 18:05:06 [INFO] ai_bulk_remix: [23/58] START -> InShot_20260910_102726236.mp4
2026-09-18 18:05:11 [INFO] ai_bulk_remix: [18/58] DONE  InShot_20260910_102351635.mp4 (74.2s)
2026-09-18 18:05:11 [INFO] ai_bulk_remix: [24/58] START -> InShot_20260910_102820717.mp4
2026-09-18 18:05:30 [INFO] ai_bulk_remix: [19/58] DONE  InShot_20260910_102436596.mp4 (87.5s)
2026-09-18 18:05:30 [INFO] ai_bulk_remix: [25/58] START -> InShot_20260910_102923758.mp4
2026-09-18 18:05:40 [INFO] ai_bulk_remix: [20/58] DONE  InShot_20260910_102537297.mp4 (82.2s)
2026-09-18 18:05:40 [INFO] ai_bulk_remix: [26/58] START -> InShot_20260910_103229385.mp4
2026-09-18 18:05:45 [INFO] ai_bulk_remix: [21/58] DONE  InShot_20260910_102610509.mp4 (68.1s)
2026-09-18 18:05:45 [INFO] ai_bulk_remix: [27/58] START -> InShot_20260912_230420258.mp4
2026-09-18 18:06:07 [INFO] ai_bulk_remix: [22/58] DONE  InShot_20260910_102647543.mp4 (78.9s)
2026-09-18 18:06:07 [INFO] ai_bulk_remix: [28/58] START -> InShot_20260912_230505293.mp4
2026-09-18 18:06:13 [INFO] ai_bulk_remix: [23/58] DONE  InShot_20260910_102726236.mp4 (62.9s)
2026-09-18 18:06:13 [INFO] ai_bulk_remix: [29/58] START -> InShot_20260912_230601764.mp4
2026-09-18 18:07:07 [INFO] ai_bulk_remix: [25/58] DONE  InShot_20260910_102923758.mp4 (94.0s)
2026-09-18 18:07:07 [INFO] ai_bulk_remix: [30/58] START -> InShot_20260912_230701829.mp4
2026-09-18 18:07:18 [INFO] ai_bulk_remix: [27/58] DONE  InShot_20260912_230420258.mp4 (90.5s)
2026-09-18 18:07:18 [INFO] ai_bulk_remix: [31/58] START -> InShot_20260912_230746900.mp4
2026-09-18 18:07:45 [INFO] ai_bulk_remix: [28/58] DONE  InShot_20260912_230505293.mp4 (96.1s)
2026-09-18 18:07:45 [INFO] ai_bulk_remix: [32/58] START -> InShot_20260912_230828464.mp4
2026-09-18 18:08:24 [INFO] ai_bulk_remix: [29/58] DONE  InShot_20260912_230601764.mp4 (128.0s)
2026-09-18 18:08:24 [INFO] ai_bulk_remix: [33/58] START -> InShot_20260912_230921898.mp4
2026-09-18 18:08:55 [INFO] ai_bulk_remix: [32/58] DONE  InShot_20260912_230828464.mp4 (66.4s)
2026-09-18 18:08:55 [INFO] ai_bulk_remix: [34/58] START -> InShot_20260912_231037316.mp4
2026-09-18 18:09:01 [INFO] ai_bulk_remix: [30/58] DONE  InShot_20260912_230701829.mp4 (108.6s)
2026-09-18 18:09:01 [INFO] ai_bulk_remix: [35/58] START -> InShot_20260912_231150838.mp4
2026-09-18 18:09:09 [INFO] ai_bulk_remix: [31/58] DONE  InShot_20260912_230746900.mp4 (109.2s)
2026-09-18 18:09:09 [INFO] ai_bulk_remix: [36/58] START -> InShot_20260912_231254594.mp4
2026-09-18 18:10:01 [INFO] ai_bulk_remix: [33/58] DONE  InShot_20260912_230921898.mp4 (94.7s)
2026-09-18 18:10:01 [INFO] ai_bulk_remix: [37/58] START -> InShot_20260917_220010365.mp4
2026-09-18 18:10:51 [INFO] ai_bulk_remix: [24/58] DONE  InShot_20260910_102820717.mp4 (337.3s)
2026-09-18 18:10:51 [INFO] ai_bulk_remix: [38/58] START -> InShot_20260917_220103522.mp4
2026-09-18 18:11:13 [INFO] ai_bulk_remix: [26/58] DONE  InShot_20260910_103229385.mp4 (330.2s)
2026-09-18 18:11:13 [INFO] ai_bulk_remix: [39/58] START -> InShot_20260917_220205029.mp4
2026-09-18 18:12:03 [INFO] ai_bulk_remix: [34/58] DONE  InShot_20260912_231037316.mp4 (185.7s)
2026-09-18 18:12:03 [INFO] ai_bulk_remix: [40/58] START -> InShot_20260917_220303783.mp4
2026-09-18 18:12:14 [INFO] ai_bulk_remix: [37/58] DONE  InShot_20260917_220010365.mp4 (131.2s)
2026-09-18 18:12:14 [INFO] ai_bulk_remix: [41/58] START -> InShot_20260917_220356327.mp4
2026-09-18 18:13:31 [INFO] ai_bulk_remix: [36/58] DONE  InShot_20260912_231254594.mp4 (259.6s)
2026-09-18 18:13:31 [INFO] ai_bulk_remix: [42/58] START -> InShot_20260917_220450180.mp4
2026-09-18 18:13:32 [INFO] ai_bulk_remix: [35/58] DONE  InShot_20260912_231150838.mp4 (268.5s)
2026-09-18 18:13:32 [INFO] ai_bulk_remix: [43/58] START -> InShot_20260917_220557144.mp4
2026-09-18 18:15:00 [INFO] ai_bulk_remix: [40/58] DONE  InShot_20260917_220303783.mp4 (174.0s)
2026-09-18 18:15:00 [INFO] ai_bulk_remix: [44/58] START -> InShot_20260917_220633772.mp4
2026-09-18 18:15:21 [INFO] ai_bulk_remix: [43/58] DONE  InShot_20260917_220557144.mp4 (108.0s)
2026-09-18 18:15:21 [INFO] ai_bulk_remix: [45/58] START -> InShot_20260917_220709477.mp4
2026-09-18 18:15:25 [INFO] ai_bulk_remix: [38/58] DONE  InShot_20260917_220103522.mp4 (271.4s)
2026-09-18 18:15:26 [INFO] ai_bulk_remix: [46/58] START -> InShot_20260917_220747204.mp4
2026-09-18 18:15:59 [INFO] ai_bulk_remix: [39/58] DONE  InShot_20260917_220205029.mp4 (282.7s)
2026-09-18 18:15:59 [INFO] ai_bulk_remix: [47/58] START -> InShot_20260917_220840620.mp4
2026-09-18 18:16:16 [INFO] ai_bulk_remix: [41/58] DONE  InShot_20260917_220356327.mp4 (239.5s)
2026-09-18 18:16:16 [INFO] ai_bulk_remix: [48/58] START -> InShot_20260917_220921377.mp4
2026-09-18 18:16:19 [INFO] ai_bulk_remix: [42/58] DONE  InShot_20260917_220450180.mp4 (165.7s)
2026-09-18 18:16:19 [INFO] ai_bulk_remix: [49/58] START -> InShot_20260917_221015157.mp4
2026-09-18 18:16:30 [INFO] ai_bulk_remix: [44/58] DONE  InShot_20260917_220633772.mp4 (87.5s)
2026-09-18 18:16:30 [INFO] ai_bulk_remix: [50/58] START -> InShot_20260917_221055999.mp4
2026-09-18 18:17:29 [INFO] ai_bulk_remix: [47/58] DONE  InShot_20260917_220840620.mp4 (86.9s)
2026-09-18 18:17:29 [INFO] ai_bulk_remix: [51/58] START -> InShot_20260917_221140038.mp4
2026-09-18 18:17:40 [INFO] ai_bulk_remix: [45/58] DONE  InShot_20260917_220709477.mp4 (136.0s)
2026-09-18 18:17:40 [INFO] ai_bulk_remix: [52/58] START -> InShot_20260917_221229587.mp4
2026-09-18 18:18:07 [INFO] ai_bulk_remix: [50/58] DONE  InShot_20260917_221055999.mp4 (93.4s)
2026-09-18 18:18:08 [INFO] ai_bulk_remix: [46/58] DONE  InShot_20260917_220747204.mp4 (159.4s)
2026-09-18 18:18:09 [INFO] ai_bulk_remix: [53/58] START -> InShot_20260917_221308485.mp4
2026-09-18 18:18:09 [INFO] ai_bulk_remix: [54/58] START -> InShot_20260917_221349191.mp4
2026-09-18 18:18:27 [INFO] ai_bulk_remix: [49/58] DONE  InShot_20260917_221015157.mp4 (125.7s)
2026-09-18 18:18:27 [INFO] ai_bulk_remix: [55/58] START -> InShot_20260917_221432100.mp4
2026-09-18 18:19:01 [INFO] ai_bulk_remix: [52/58] DONE  InShot_20260917_221229587.mp4 (79.7s)
2026-09-18 18:19:01 [INFO] ai_bulk_remix: [56/58] START -> InShot_20260917_221512007.mp4
2026-09-18 18:19:52 [INFO] ai_bulk_remix: [48/58] DONE  InShot_20260917_220921377.mp4 (213.6s)
2026-09-18 18:19:52 [INFO] ai_bulk_remix: [57/58] START -> InShot_20260917_221549620.mp4
2026-09-18 18:20:11 [INFO] ai_bulk_remix: [54/58] DONE  InShot_20260917_221349191.mp4 (119.9s)
2026-09-18 18:20:11 [INFO] ai_bulk_remix: [58/58] START -> InShot_20260917_221644900.mp4
2026-09-18 18:20:31 [INFO] ai_bulk_remix: [55/58] DONE  InShot_20260917_221432100.mp4 (121.5s)
2026-09-18 18:20:45 [INFO] ai_bulk_remix: [51/58] DONE  InShot_20260917_221140038.mp4 (194.5s)
2026-09-18 18:20:56 [INFO] ai_bulk_remix: [56/58] DONE  InShot_20260917_221512007.mp4 (113.7s)
2026-09-18 18:20:59 [INFO] ai_bulk_remix: [53/58] DONE  InShot_20260917_221308485.mp4 (168.0s)
2026-09-18 18:21:23 [INFO] ai_bulk_remix: [57/58] DONE  InShot_20260917_221549620.mp4 (88.0s)
2026-09-18 18:21:26 [INFO] ai_bulk_remix: [58/58] DONE  InShot_20260917_221644900.mp4 (72.1s)
2026-09-18 18:21:26 [INFO] ai_bulk_remix: ==================================================
2026-09-18 18:21:26 [INFO] ai_bulk_remix: BATCH PROCESSING COMPLETED
2026-09-18 18:21:26 [INFO] ai_bulk_remix: Successful: 58
2026-09-18 18:21:26 [INFO] ai_bulk_remix: Failed: 0
2026-09-18 18:21:26 [INFO] ai_bulk_remix: Skipped: 0
2026-09-18 18:21:26 [INFO] ai_bulk_remix: Total time: 1291.0s
2026-09-18 18:21:26 [INFO] ai_bulk_remix: ==================================================
2026-09-18 18:21:35 [INFO] ai_bulk_remix: Application exiting with code 0
2026-09-21 17:47:36 [INFO] ai_bulk_remix: ==================================================
2026-09-21 17:47:36 [INFO] ai_bulk_remix: AI Bulk Remix Studio v1.0.0 starting...
2026-09-21 17:47:36 [INFO] ai_bulk_remix: Base directory: C:\Users\h\ai-bulk-remix-studio
2026-09-21 17:47:36 [INFO] ai_bulk_remix: Python: 3.10.0 (tags/v3.10.0:b494f59, Oct  4 2021, 19:00:18) [MSC v.1929 64 bit (AMD64)]
2026-09-21 17:47:36 [INFO] ai_bulk_remix: Platform: win32
2026-09-21 17:47:36 [INFO] ai_bulk_remix: ==================================================
2026-09-21 17:47:50 [INFO] ai_bulk_remix: GPU encoders detected: h264_nvenc, hevc_nvenc, av1_nvenc, h264_qsv, hevc_qsv, h264_amf, hevc_amf
2026-09-21 17:47:50 [INFO] ai_bulk_remix: MainWindow initialized
2026-09-21 17:47:50 [INFO] ai_bulk_remix: MainWindow displayed successfully.
2026-09-21 17:47:50 [INFO] ai_bulk_remix: FFmpeg detected: version 8.1.2-full_build-www.gyan.dev
2026-09-21 17:48:28 [INFO] ai_bulk_remix: Scanned C:/Users/h/Videos/pandaaa/60: 60 video(s) found
2026-09-21 17:54:54 [INFO] ai_bulk_remix: ==================================================
2026-09-21 17:54:54 [INFO] ai_bulk_remix: BATCH PROCESSING STARTED
2026-09-21 17:54:54 [INFO] ai_bulk_remix: Total files: 60
2026-09-21 17:54:54 [INFO] ai_bulk_remix: Output directory: C:/Users/h/Videos/pandaaa/60/edit
2026-09-21 17:54:54 [INFO] ai_bulk_remix: Workers: 6
2026-09-21 17:54:54 [INFO] ai_bulk_remix: Encoder: h264_nvenc
2026-09-21 17:54:54 [INFO] ai_bulk_remix: ==================================================
2026-09-21 17:54:54 [INFO] ai_bulk_remix: [1/60] START -> snaptik_7493738493009481006_v3.mp4
2026-09-21 17:54:54 [INFO] ai_bulk_remix: [2/60] START -> snaptik_7494095212881562926_v3.mp4
2026-09-21 17:54:54 [INFO] ai_bulk_remix: [3/60] START -> snaptik_7494463283701796139_v3.mp4
2026-09-21 17:54:54 [INFO] ai_bulk_remix: [4/60] START -> snaptik_7494834166320663850_v3.mp4
2026-09-21 17:54:54 [INFO] ai_bulk_remix: [5/60] START -> snaptik_7495229876765543726_v3.mp4
2026-09-21 17:54:54 [INFO] ai_bulk_remix: [6/60] START -> snaptik_7495955894279130411_v3.mp4
2026-09-21 17:56:40 [INFO] ai_bulk_remix: [3/60] DONE  snaptik_7494463283701796139_v3.mp4 (104.6s)
2026-09-21 17:56:40 [INFO] ai_bulk_remix: [7/60] START -> snaptik_7496317450099871022_v3.mp4
2026-09-21 17:56:49 [INFO] ai_bulk_remix: [5/60] DONE  snaptik_7495229876765543726_v3.mp4 (113.7s)
2026-09-21 17:56:49 [INFO] ai_bulk_remix: [8/60] START -> snaptik_7496695684423257387_v3.mp4
2026-09-21 17:56:54 [INFO] ai_bulk_remix: [2/60] DONE  snaptik_7494095212881562926_v3.mp4 (118.8s)
2026-09-21 17:56:54 [INFO] ai_bulk_remix: [9/60] START -> snaptik_7497081788058094894_v3.mp4
2026-09-21 17:56:58 [INFO] ai_bulk_remix: [1/60] DONE  snaptik_7493738493009481006_v3.mp4 (123.1s)
2026-09-21 17:56:58 [INFO] ai_bulk_remix: [10/60] START -> snaptik_7497409842030660910_v3.mp4
2026-09-21 17:57:04 [INFO] ai_bulk_remix: [6/60] DONE  snaptik_7495955894279130411_v3.mp4 (128.9s)
2026-09-21 17:57:04 [INFO] ai_bulk_remix: [11/60] START -> snaptik_7498174620244184363_v3.mp4
2026-09-21 17:57:09 [INFO] ai_bulk_remix: [4/60] DONE  snaptik_7494834166320663850_v3.mp4 (134.5s)
2026-09-21 17:57:09 [INFO] ai_bulk_remix: [12/60] START -> snaptik_7498915528468139310_v3.mp4
2026-09-21 17:58:53 [INFO] ai_bulk_remix: [7/60] DONE  snaptik_7496317450099871022_v3.mp4 (129.4s)
2026-09-21 17:58:53 [INFO] ai_bulk_remix: [13/60] START -> snaptik_7499359969175801131_v3.mp4
2026-09-21 17:58:55 [INFO] ai_bulk_remix: [9/60] DONE  snaptik_7497081788058094894_v3.mp4 (119.0s)
2026-09-21 17:58:55 [INFO] ai_bulk_remix: [14/60] START -> snaptik_7499654530485800235_v3.mp4
2026-09-21 17:59:01 [INFO] ai_bulk_remix: [11/60] DONE  snaptik_7498174620244184363_v3.mp4 (114.3s)
2026-09-21 17:59:01 [INFO] ai_bulk_remix: [15/60] START -> snaptik_7500018676742262062_v3.mp4
2026-09-21 17:59:05 [INFO] ai_bulk_remix: [10/60] DONE  snaptik_7497409842030660910_v3.mp4 (123.4s)
2026-09-21 17:59:05 [INFO] ai_bulk_remix: [16/60] START -> snaptik_7500408675908046126_v3.mp4
2026-09-21 17:59:16 [INFO] ai_bulk_remix: [12/60] DONE  snaptik_7498915528468139310_v3.mp4 (123.7s)
2026-09-21 17:59:16 [INFO] ai_bulk_remix: [17/60] START -> snaptik_7500777419889003818_v3.mp4
2026-09-21 18:00:44 [INFO] ai_bulk_remix: [14/60] DONE  snaptik_7499654530485800235_v3.mp4 (105.9s)
2026-09-21 18:00:44 [INFO] ai_bulk_remix: [18/60] START -> snaptik_7501158670399491370_v3.mp4
2026-09-21 18:00:44 [INFO] ai_bulk_remix: [13/60] DONE  snaptik_7499359969175801131_v3.mp4 (109.3s)
2026-09-21 18:00:44 [INFO] ai_bulk_remix: [19/60] START -> snaptik_7501518962270670123_v3.mp4
2026-09-21 18:00:51 [INFO] ai_bulk_remix: [15/60] DONE  snaptik_7500018676742262062_v3.mp4 (107.6s)
2026-09-21 18:00:51 [INFO] ai_bulk_remix: [20/60] START -> snaptik_7501889387257531690_v3.mp4
2026-09-21 18:00:53 [INFO] ai_bulk_remix: [16/60] DONE  snaptik_7500408675908046126_v3.mp4 (105.3s)
2026-09-21 18:00:53 [INFO] ai_bulk_remix: [21/60] START -> snaptik_7502257358844857643_v3.mp4
2026-09-21 18:01:04 [INFO] ai_bulk_remix: [17/60] DONE  snaptik_7500777419889003818_v3.mp4 (106.5s)
2026-09-21 18:01:04 [INFO] ai_bulk_remix: [22/60] START -> snaptik_7502682819357936939_v3.mp4
2026-09-21 18:02:32 [INFO] ai_bulk_remix: [19/60] DONE  snaptik_7501518962270670123_v3.mp4 (106.4s)
2026-09-21 18:02:32 [INFO] ai_bulk_remix: [23/60] START -> snaptik_7502994263710518574_v3.mp4
2026-09-21 18:02:35 [INFO] ai_bulk_remix: [18/60] DONE  snaptik_7501158670399491370_v3.mp4 (109.2s)
2026-09-21 18:02:35 [INFO] ai_bulk_remix: [24/60] START -> snaptik_7503383457339329835_v3.mp4
2026-09-21 18:02:38 [INFO] ai_bulk_remix: [21/60] DONE  snaptik_7502257358844857643_v3.mp4 (102.7s)
2026-09-21 18:02:38 [INFO] ai_bulk_remix: [25/60] START -> snaptik_7503741181273197866_v3.mp4
2026-09-21 18:02:44 [INFO] ai_bulk_remix: [22/60] DONE  snaptik_7502682819357936939_v3.mp4 (96.8s)
2026-09-21 18:02:44 [INFO] ai_bulk_remix: [26/60] START -> snaptik_7504116154542083374_v3.mp4
2026-09-21 18:02:51 [INFO] ai_bulk_remix: [20/60] DONE  snaptik_7501889387257531690_v3.mp4 (118.0s)
2026-09-21 18:02:51 [INFO] ai_bulk_remix: [27/60] START -> snaptik_7504868065289751854_v3.mp4
2026-09-21 18:02:52 [INFO] ai_bulk_remix: [8/60] DONE  snaptik_7496695684423257387_v3.mp4 (359.9s)
2026-09-21 18:02:52 [INFO] ai_bulk_remix: [28/60] START -> snaptik_7505295106921172270_v3.mp4
2026-09-21 18:04:16 [INFO] ai_bulk_remix: [25/60] DONE  snaptik_7503741181273197866_v3.mp4 (94.8s)
2026-09-21 18:04:16 [INFO] ai_bulk_remix: [29/60] START -> snaptik_7505635931903282475_v3.mp4
2026-09-21 18:04:19 [INFO] ai_bulk_remix: [23/60] DONE  snaptik_7502994263710518574_v3.mp4 (104.6s)
2026-09-21 18:04:19 [INFO] ai_bulk_remix: [30/60] START -> snaptik_7505974546198056238_v3.mp4
2026-09-21 18:04:27 [INFO] ai_bulk_remix: [24/60] DONE  snaptik_7503383457339329835_v3.mp4 (109.5s)
2026-09-21 18:04:27 [INFO] ai_bulk_remix: [31/60] START -> snaptik_7506344732415626538_v3.mp4
2026-09-21 18:04:42 [INFO] ai_bulk_remix: [28/60] DONE  snaptik_7505295106921172270_v3.mp4 (108.2s)
2026-09-21 18:04:42 [INFO] ai_bulk_remix: [32/60] START -> snaptik_7506685039477050670_v3.mp4
2026-09-21 18:04:52 [INFO] ai_bulk_remix: [27/60] DONE  snaptik_7504868065289751854_v3.mp4 (119.2s)
2026-09-21 18:04:52 [INFO] ai_bulk_remix: [33/60] START -> snaptik_7507087315588648238_v3.mp4
2026-09-21 18:04:58 [INFO] ai_bulk_remix: [26/60] DONE  snaptik_7504116154542083374_v3.mp4 (131.4s)
2026-09-21 18:04:58 [INFO] ai_bulk_remix: [34/60] START -> snaptik_7507460952141385002_v3.mp4
2026-09-21 18:06:00 [INFO] ai_bulk_remix: [30/60] DONE  snaptik_7505974546198056238_v3.mp4 (99.2s)
2026-09-21 18:06:00 [INFO] ai_bulk_remix: [35/60] START -> snaptik_7508566915737013550_v3.mp4
2026-09-21 18:06:05 [INFO] ai_bulk_remix: [29/60] DONE  snaptik_7505635931903282475_v3.mp4 (107.7s)
2026-09-21 18:06:05 [INFO] ai_bulk_remix: [36/60] START -> snaptik_7508940676441066794_v3.mp4
2026-09-21 18:06:20 [INFO] ai_bulk_remix: [31/60] DONE  snaptik_7506344732415626538_v3.mp4 (111.2s)
2026-09-21 18:06:20 [INFO] ai_bulk_remix: [37/60] START -> snaptik_7509319571275353387_v3.mp4
2026-09-21 18:06:55 [INFO] ai_bulk_remix: [32/60] DONE  snaptik_7506685039477050670_v3.mp4 (130.6s)
2026-09-21 18:06:55 [INFO] ai_bulk_remix: [38/60] START -> snaptik_7509682921498774830_v3.mp4
2026-09-21 18:07:53 [INFO] ai_bulk_remix: [35/60] DONE  snaptik_7508566915737013550_v3.mp4 (110.7s)
2026-09-21 18:07:53 [INFO] ai_bulk_remix: [39/60] START -> snaptik_7510441728021679403_v3.mp4
2026-09-21 18:08:28 [INFO] ai_bulk_remix: [37/60] DONE  snaptik_7509319571275353387_v3.mp4 (124.4s)
2026-09-21 18:08:28 [INFO] ai_bulk_remix: [40/60] START -> snaptik_7510825632062803246_v3.mp4
2026-09-21 18:08:39 [INFO] ai_bulk_remix: [38/60] DONE  snaptik_7509682921498774830_v3.mp4 (101.8s)
2026-09-21 18:08:39 [INFO] ai_bulk_remix: [41/60] START -> snaptik_7512665127913590059_v3.mp4
2026-09-21 18:09:39 [INFO] ai_bulk_remix: [39/60] DONE  snaptik_7510441728021679403_v3.mp4 (104.7s)
2026-09-21 18:09:39 [INFO] ai_bulk_remix: [42/60] START -> snaptik_7514631680225774894_v3.mp4
2026-09-21 18:10:31 [INFO] ai_bulk_remix: [40/60] DONE  snaptik_7510825632062803246_v3.mp4 (121.4s)
2026-09-21 18:10:31 [INFO] ai_bulk_remix: [43/60] START -> snaptik_7515045709582716202_v3.mp4
2026-09-21 18:10:55 [INFO] ai_bulk_remix: [34/60] DONE  snaptik_7507460952141385002_v3.mp4 (355.1s)
2026-09-21 18:10:55 [INFO] ai_bulk_remix: [44/60] START -> snaptik_7515419849187708206_v3.mp4
2026-09-21 18:11:30 [INFO] ai_bulk_remix: [33/60] DONE  snaptik_7507087315588648238_v3.mp4 (395.6s)
2026-09-21 18:11:30 [INFO] ai_bulk_remix: [45/60] START -> snaptik_7516518979582676237_v3.mp4
2026-09-21 18:11:32 [INFO] ai_bulk_remix: [42/60] DONE  snaptik_7514631680225774894_v3.mp4 (110.4s)
2026-09-21 18:11:32 [INFO] ai_bulk_remix: [46/60] START -> snaptik_7516887029200719117_v3.mp4
2026-09-21 18:11:54 [INFO] ai_bulk_remix: [36/60] DONE  snaptik_7508940676441066794_v3.mp4 (346.6s)
2026-09-21 18:11:54 [INFO] ai_bulk_remix: [47/60] START -> snaptik_7517229717594918158_v3.mp4
2026-09-21 18:12:24 [INFO] ai_bulk_remix: [43/60] DONE  snaptik_7515045709582716202_v3.mp4 (110.6s)
2026-09-21 18:12:24 [INFO] ai_bulk_remix: [48/60] START -> snaptik_7517629513979694349_v3.mp4
2026-09-21 18:12:41 [INFO] ai_bulk_remix: [44/60] DONE  snaptik_7515419849187708206_v3.mp4 (103.7s)
2026-09-21 18:12:41 [INFO] ai_bulk_remix: [49/60] START -> snaptik_7519190723174911287_v3.mp4
2026-09-21 18:13:27 [INFO] ai_bulk_remix: [45/60] DONE  snaptik_7516518979582676237_v3.mp4 (115.1s)
2026-09-21 18:13:27 [INFO] ai_bulk_remix: [50/60] START -> snaptik_7519477684431310093_v3.mp4
2026-09-21 18:13:53 [INFO] ai_bulk_remix: [47/60] DONE  snaptik_7517229717594918158_v3.mp4 (117.0s)
2026-09-21 18:13:53 [INFO] ai_bulk_remix: [51/60] START -> snaptik_7520283829639122190_v3.mp4
2026-09-21 18:14:11 [INFO] ai_bulk_remix: [48/60] DONE  snaptik_7517629513979694349_v3.mp4 (105.3s)
2026-09-21 18:14:11 [INFO] ai_bulk_remix: [52/60] START -> snaptik_7520579459318041869_v3.mp4
2026-09-21 18:14:37 [INFO] ai_bulk_remix: [49/60] DONE  snaptik_7519190723174911287_v3.mp4 (114.0s)
2026-09-21 18:14:37 [INFO] ai_bulk_remix: [53/60] START -> snaptik_7521012603443760397_v3.mp4
2026-09-21 18:14:45 [INFO] ai_bulk_remix: [41/60] DONE  snaptik_7512665127913590059_v3.mp4 (360.0s)
2026-09-21 18:14:45 [INFO] ai_bulk_remix: [54/60] START -> snaptik_7521689915835338039_v3.mp4
2026-09-21 18:15:15 [INFO] ai_bulk_remix: [50/60] DONE  snaptik_7519477684431310093_v3.mp4 (106.2s)
2026-09-21 18:15:15 [INFO] ai_bulk_remix: [55/60] START -> snaptik_7522073833164000525_v3.mp4
2026-09-21 18:15:52 [INFO] ai_bulk_remix: [51/60] DONE  snaptik_7520283829639122190_v3.mp4 (116.1s)
2026-09-21 18:15:52 [INFO] ai_bulk_remix: [52/60] DONE  snaptik_7520579459318041869_v3.mp4 (99.3s)
2026-09-21 18:15:52 [INFO] ai_bulk_remix: [56/60] START -> snaptik_7522674565298933006_v3.mp4
2026-09-21 18:15:53 [INFO] ai_bulk_remix: [57/60] START -> snaptik_7523496927489494327_v3.mp4
2026-09-21 18:16:11 [INFO] ai_bulk_remix: [53/60] DONE  snaptik_7521012603443760397_v3.mp4 (92.0s)
2026-09-21 18:16:11 [INFO] ai_bulk_remix: [58/60] START -> snaptik_7524539970808302861_v3.mp4
2026-09-21 18:16:24 [INFO] ai_bulk_remix: [54/60] DONE  snaptik_7521689915835338039_v3.mp4 (97.1s)
2026-09-21 18:16:24 [INFO] ai_bulk_remix: [59/60] START -> snaptik_7525273352014007565_v3.mp4
2026-09-21 18:17:10 [INFO] ai_bulk_remix: [55/60] DONE  snaptik_7522073833164000525_v3.mp4 (112.8s)
2026-09-21 18:17:10 [INFO] ai_bulk_remix: [60/60] START -> snaptik_7526006491040484663_v3.mp4
2026-09-21 18:17:16 [INFO] ai_bulk_remix: [46/60] DONE  snaptik_7516887029200719117_v3.mp4 (341.9s)
2026-09-21 18:17:32 [INFO] ai_bulk_remix: [56/60] DONE  snaptik_7522674565298933006_v3.mp4 (98.3s)
2026-09-21 18:17:38 [INFO] ai_bulk_remix: [57/60] DONE  snaptik_7523496927489494327_v3.mp4 (102.7s)
2026-09-21 18:17:39 [INFO] ai_bulk_remix: [58/60] DONE  snaptik_7524539970808302861_v3.mp4 (86.8s)
2026-09-21 18:17:45 [INFO] ai_bulk_remix: [59/60] DONE  snaptik_7525273352014007565_v3.mp4 (78.9s)
2026-09-21 18:17:57 [INFO] ai_bulk_remix: [60/60] DONE  snaptik_7526006491040484663_v3.mp4 (44.8s)
2026-09-21 18:17:57 [INFO] ai_bulk_remix: ==================================================
2026-09-21 18:17:57 [INFO] ai_bulk_remix: BATCH PROCESSING COMPLETED
2026-09-21 18:17:57 [INFO] ai_bulk_remix: Successful: 60
2026-09-21 18:17:57 [INFO] ai_bulk_remix: Failed: 0
2026-09-21 18:17:57 [INFO] ai_bulk_remix: Skipped: 0
2026-09-21 18:17:57 [INFO] ai_bulk_remix: Total time: 1382.8s
2026-09-21 18:17:57 [INFO] ai_bulk_remix: ==================================================
2026-09-21 18:51:39 [INFO] ai_bulk_remix: Application exiting with code 0
2026-09-22 16:26:32 [INFO] ai_bulk_remix: ==================================================
2026-09-22 16:26:32 [INFO] ai_bulk_remix: AI Bulk Remix Studio v1.0.0 starting...
2026-09-22 16:26:32 [INFO] ai_bulk_remix: Base directory: C:\Users\h\ai-bulk-remix-studio
2026-09-22 16:26:32 [INFO] ai_bulk_remix: Python: 3.10.0 (tags/v3.10.0:b494f59, Oct  4 2021, 19:00:18) [MSC v.1929 64 bit (AMD64)]
2026-09-22 16:26:32 [INFO] ai_bulk_remix: Platform: win32
2026-09-22 16:26:32 [INFO] ai_bulk_remix: ==================================================
2026-09-22 16:26:40 [INFO] ai_bulk_remix: GPU encoders detected: h264_nvenc, hevc_nvenc, av1_nvenc, h264_qsv, hevc_qsv, h264_amf, hevc_amf
2026-09-22 16:26:40 [INFO] ai_bulk_remix: MainWindow initialized
2026-09-22 16:26:40 [INFO] ai_bulk_remix: MainWindow displayed successfully.
2026-09-22 16:26:40 [INFO] ai_bulk_remix: FFmpeg detected: version 8.1.2-full_build-www.gyan.dev
2026-09-22 16:26:50 [INFO] ai_bulk_remix: Imported 1 individual video file(s)
2026-09-22 16:28:43 [INFO] ai_bulk_remix: ==================================================
2026-09-22 16:28:43 [INFO] ai_bulk_remix: BATCH PROCESSING STARTED
2026-09-22 16:28:43 [INFO] ai_bulk_remix: Total files: 1
2026-09-22 16:28:43 [INFO] ai_bulk_remix: Output directory: C:/Users/h/Documents
2026-09-22 16:28:43 [INFO] ai_bulk_remix: Workers: 8
2026-09-22 16:28:43 [INFO] ai_bulk_remix: Encoder: h264_nvenc
2026-09-22 16:28:43 [INFO] ai_bulk_remix: ==================================================
2026-09-22 16:28:43 [INFO] ai_bulk_remix: [1/1] START -> 97a6d970-1b89-429b-86ce-1656b9c87b0e.mp4
2026-09-22 16:29:20 [INFO] ai_bulk_remix: [1/1] DONE  97a6d970-1b89-429b-86ce-1656b9c87b0e.mp4 (36.3s)
2026-09-22 16:29:20 [INFO] ai_bulk_remix: ==================================================
2026-09-22 16:29:20 [INFO] ai_bulk_remix: BATCH PROCESSING COMPLETED
2026-09-22 16:29:20 [INFO] ai_bulk_remix: Successful: 1
2026-09-22 16:29:20 [INFO] ai_bulk_remix: Failed: 0
2026-09-22 16:29:20 [INFO] ai_bulk_remix: Skipped: 0
2026-09-22 16:29:20 [INFO] ai_bulk_remix: Total time: 36.5s
2026-09-22 16:29:20 [INFO] ai_bulk_remix: ==================================================
2026-09-22 16:30:08 [INFO] ai_bulk_remix: ==================================================
2026-09-22 16:30:08 [INFO] ai_bulk_remix: BATCH PROCESSING STARTED
2026-09-22 16:30:08 [INFO] ai_bulk_remix: Total files: 1
2026-09-22 16:30:08 [INFO] ai_bulk_remix: Output directory: C:/Users/h/Documents
2026-09-22 16:30:08 [INFO] ai_bulk_remix: Workers: 8
2026-09-22 16:30:08 [INFO] ai_bulk_remix: Encoder: h264_nvenc
2026-09-22 16:30:08 [INFO] ai_bulk_remix: ==================================================
2026-09-22 16:30:08 [INFO] ai_bulk_remix: [1/1] START -> 97a6d970-1b89-429b-86ce-1656b9c87b0e.mp4
2026-09-22 16:30:45 [INFO] ai_bulk_remix: [1/1] DONE  97a6d970-1b89-429b-86ce-1656b9c87b0e.mp4 (37.0s)
2026-09-22 16:30:45 [INFO] ai_bulk_remix: ==================================================
2026-09-22 16:30:45 [INFO] ai_bulk_remix: BATCH PROCESSING COMPLETED
2026-09-22 16:30:45 [INFO] ai_bulk_remix: Successful: 1
2026-09-22 16:30:45 [INFO] ai_bulk_remix: Failed: 0
2026-09-22 16:30:45 [INFO] ai_bulk_remix: Skipped: 0
2026-09-22 16:30:45 [INFO] ai_bulk_remix: Total time: 37.5s
2026-09-22 16:30:45 [INFO] ai_bulk_remix: ==================================================
2026-09-22 16:31:31 [INFO] ai_bulk_remix: ==================================================
2026-09-22 16:31:31 [INFO] ai_bulk_remix: BATCH PROCESSING STARTED
2026-09-22 16:31:31 [INFO] ai_bulk_remix: Total files: 1
2026-09-22 16:31:31 [INFO] ai_bulk_remix: Output directory: C:/Users/h/Documents
2026-09-22 16:31:31 [INFO] ai_bulk_remix: Workers: 8
2026-09-22 16:31:31 [INFO] ai_bulk_remix: Encoder: h264_nvenc
2026-09-22 16:31:31 [INFO] ai_bulk_remix: ==================================================
2026-09-22 16:31:31 [INFO] ai_bulk_remix: [1/1] START -> 97a6d970-1b89-429b-86ce-1656b9c87b0e.mp4
2026-09-22 16:32:06 [INFO] ai_bulk_remix: [1/1] DONE  97a6d970-1b89-429b-86ce-1656b9c87b0e.mp4 (35.3s)
2026-09-22 16:32:06 [INFO] ai_bulk_remix: ==================================================
2026-09-22 16:32:06 [INFO] ai_bulk_remix: BATCH PROCESSING COMPLETED
2026-09-22 16:32:06 [INFO] ai_bulk_remix: Successful: 1
2026-09-22 16:32:06 [INFO] ai_bulk_remix: Failed: 0
2026-09-22 16:32:06 [INFO] ai_bulk_remix: Skipped: 0
2026-09-22 16:32:06 [INFO] ai_bulk_remix: Total time: 35.7s
2026-09-22 16:32:06 [INFO] ai_bulk_remix: ==================================================
2026-09-22 16:33:33 [INFO] ai_bulk_remix: ==================================================
2026-09-22 16:33:33 [INFO] ai_bulk_remix: BATCH PROCESSING STARTED
2026-09-22 16:33:33 [INFO] ai_bulk_remix: Total files: 1
2026-09-22 16:33:33 [INFO] ai_bulk_remix: Output directory: C:/Users/h/Documents
2026-09-22 16:33:33 [INFO] ai_bulk_remix: Workers: 8
2026-09-22 16:33:33 [INFO] ai_bulk_remix: Encoder: h264_nvenc
2026-09-22 16:33:33 [INFO] ai_bulk_remix: ==================================================
2026-09-22 16:33:33 [INFO] ai_bulk_remix: [1/1] START -> 97a6d970-1b89-429b-86ce-1656b9c87b0e.mp4
2026-09-22 16:34:11 [INFO] ai_bulk_remix: [1/1] DONE  97a6d970-1b89-429b-86ce-1656b9c87b0e.mp4 (37.4s)
2026-09-22 16:34:11 [INFO] ai_bulk_remix: ==================================================
2026-09-22 16:34:11 [INFO] ai_bulk_remix: BATCH PROCESSING COMPLETED
2026-09-22 16:34:11 [INFO] ai_bulk_remix: Successful: 1
2026-09-22 16:34:11 [INFO] ai_bulk_remix: Failed: 0
2026-09-22 16:34:11 [INFO] ai_bulk_remix: Skipped: 0
2026-09-22 16:34:11 [INFO] ai_bulk_remix: Total time: 37.6s
2026-09-22 16:34:11 [INFO] ai_bulk_remix: ==================================================
2026-09-22 16:34:35 [INFO] ai_bulk_remix: ==================================================
2026-09-22 16:34:35 [INFO] ai_bulk_remix: BATCH PROCESSING STARTED
2026-09-22 16:34:35 [INFO] ai_bulk_remix: Total files: 1
2026-09-22 16:34:35 [INFO] ai_bulk_remix: Output directory: C:/Users/h/Documents
2026-09-22 16:34:35 [INFO] ai_bulk_remix: Workers: 8
2026-09-22 16:34:35 [INFO] ai_bulk_remix: Encoder: h264_nvenc
2026-09-22 16:34:35 [INFO] ai_bulk_remix: ==================================================
2026-09-22 16:34:35 [INFO] ai_bulk_remix: [1/1] START -> 97a6d970-1b89-429b-86ce-1656b9c87b0e.mp4
2026-09-22 16:35:18 [INFO] ai_bulk_remix: [1/1] DONE  97a6d970-1b89-429b-86ce-1656b9c87b0e.mp4 (43.2s)
2026-09-22 16:35:18 [INFO] ai_bulk_remix: ==================================================
2026-09-22 16:35:18 [INFO] ai_bulk_remix: BATCH PROCESSING COMPLETED
2026-09-22 16:35:18 [INFO] ai_bulk_remix: Successful: 1
2026-09-22 16:35:18 [INFO] ai_bulk_remix: Failed: 0
2026-09-22 16:35:18 [INFO] ai_bulk_remix: Skipped: 0
2026-09-22 16:35:18 [INFO] ai_bulk_remix: Total time: 43.6s
2026-09-22 16:35:18 [INFO] ai_bulk_remix: ==================================================
2026-09-22 16:39:39 [INFO] ai_bulk_remix: Scanned C:/Users/h/Videos/cat ai/new: 127 video(s) found
2026-09-22 16:39:46 [INFO] ai_bulk_remix: ==================================================
2026-09-22 16:39:46 [INFO] ai_bulk_remix: BATCH PROCESSING STARTED
2026-09-22 16:39:46 [INFO] ai_bulk_remix: Total files: 127
2026-09-22 16:39:46 [INFO] ai_bulk_remix: Output directory: C:/Users/h/Videos/cat ai/new/new edit
2026-09-22 16:39:46 [INFO] ai_bulk_remix: Workers: 6
2026-09-22 16:39:46 [INFO] ai_bulk_remix: Encoder: h264_nvenc
2026-09-22 16:39:46 [INFO] ai_bulk_remix: ==================================================
2026-09-22 16:39:46 [INFO] ai_bulk_remix: [1/127] START -> 0042b01c-6997-4b55-9b98-85b567bddc90.mp4
2026-09-22 16:39:46 [INFO] ai_bulk_remix: [2/127] START -> 01757144-cba4-4608-9560-226860664729.mp4
2026-09-22 16:39:46 [INFO] ai_bulk_remix: [3/127] START -> 04f8118f-9af3-4aec-b7e3-0ef796a79d0c.mp4
2026-09-22 16:39:46 [INFO] ai_bulk_remix: [4/127] START -> 07f0e180-cb97-46e0-919c-8b371b575d4e.mp4
2026-09-22 16:39:46 [INFO] ai_bulk_remix: [5/127] START -> 0deefe64-d767-4b5b-ab95-000cda988cba.mp4
2026-09-22 16:39:46 [INFO] ai_bulk_remix: [6/127] START -> 0e0913df-9b2d-4089-b0d1-4c6ea9d5e9ad.mp4
2026-09-22 16:42:32 [INFO] ai_bulk_remix: [2/127] DONE  01757144-cba4-4608-9560-226860664729.mp4 (165.5s)
2026-09-22 16:42:32 [INFO] ai_bulk_remix: [7/127] START -> 0f9f9716-2847-41ac-ae6f-bd27831c42ea.mp4
2026-09-22 16:43:13 [INFO] ai_bulk_remix: [5/127] DONE  0deefe64-d767-4b5b-ab95-000cda988cba.mp4 (206.5s)
2026-09-22 16:43:13 [INFO] ai_bulk_remix: [8/127] START -> 0ff8126f-03c0-45f5-b726-196f790c6161.mp4
2026-09-22 16:43:15 [INFO] ai_bulk_remix: [4/127] DONE  07f0e180-cb97-46e0-919c-8b371b575d4e.mp4 (208.2s)
2026-09-22 16:43:15 [INFO] ai_bulk_remix: [9/127] START -> 1969cd50-fe2b-4a98-8bf5-8a4b181c654c.mp4
2026-09-22 16:43:16 [INFO] ai_bulk_remix: [6/127] DONE  0e0913df-9b2d-4089-b0d1-4c6ea9d5e9ad.mp4 (209.4s)
2026-09-22 16:43:16 [INFO] ai_bulk_remix: [10/127] START -> 198a1740-53b4-4678-a5e9-1df0b3c368eb.mp4
2026-09-22 16:43:50 [INFO] ai_bulk_remix: [3/127] DONE  04f8118f-9af3-4aec-b7e3-0ef796a79d0c.mp4 (243.7s)
2026-09-22 16:43:50 [INFO] ai_bulk_remix: [11/127] START -> 1ce211e5-8974-48e7-9e81-216a715480ce.mp4
2026-09-22 16:45:28 [INFO] ai_bulk_remix: [1/127] DONE  0042b01c-6997-4b55-9b98-85b567bddc90.mp4 (341.4s)
2026-09-22 16:45:28 [INFO] ai_bulk_remix: [12/127] START -> 1d68819f-2675-43f5-8d48-12a5e95f6ca7.mp4
2026-09-22 16:45:34 [INFO] ai_bulk_remix: [7/127] DONE  0f9f9716-2847-41ac-ae6f-bd27831c42ea.mp4 (180.4s)
2026-09-22 16:45:34 [INFO] ai_bulk_remix: [13/127] START -> 204eaab2-61dd-4697-a117-40168a651f36.mp4
2026-09-22 16:46:06 [INFO] ai_bulk_remix: [10/127] DONE  198a1740-53b4-4678-a5e9-1df0b3c368eb.mp4 (167.4s)
2026-09-22 16:46:06 [INFO] ai_bulk_remix: [14/127] START -> 20a08fce-b18c-45a8-8a0d-3504743d1ca0.mp4
2026-09-22 16:46:16 [INFO] ai_bulk_remix: [8/127] DONE  0ff8126f-03c0-45f5-b726-196f790c6161.mp4 (181.7s)
2026-09-22 16:46:16 [INFO] ai_bulk_remix: [15/127] START -> 211fca47-3524-4824-b1c4-a19c73ed64b1.mp4
2026-09-22 16:47:01 [INFO] ai_bulk_remix: [9/127] DONE  1969cd50-fe2b-4a98-8bf5-8a4b181c654c.mp4 (224.3s)
2026-09-22 16:47:01 [INFO] ai_bulk_remix: [16/127] START -> 243be9ed-2432-49f6-84eb-58c603b77d9a.mp4
2026-09-22 16:48:09 [INFO] ai_bulk_remix: [13/127] DONE  204eaab2-61dd-4697-a117-40168a651f36.mp4 (150.7s)
2026-09-22 16:48:09 [INFO] ai_bulk_remix: [17/127] START -> 27b87949-2bc0-4039-ab28-68d447ec0696.mp4
2026-09-22 16:48:41 [INFO] ai_bulk_remix: [12/127] DONE  1d68819f-2675-43f5-8d48-12a5e95f6ca7.mp4 (188.1s)
2026-09-22 16:48:41 [INFO] ai_bulk_remix: [18/127] START -> 2890cba1-1b66-4ee9-8248-6abd3c0f5d99.mp4
2026-09-22 16:48:46 [INFO] ai_bulk_remix: [11/127] DONE  1ce211e5-8974-48e7-9e81-216a715480ce.mp4 (294.3s)
2026-09-22 16:48:46 [INFO] ai_bulk_remix: [19/127] START -> 29ce61d7-28a8-4ae3-b23c-6c30413e5f3e.mp4
2026-09-22 16:48:49 [INFO] ai_bulk_remix: [14/127] DONE  20a08fce-b18c-45a8-8a0d-3504743d1ca0.mp4 (158.4s)
2026-09-22 16:48:49 [INFO] ai_bulk_remix: [20/127] START -> 2a3d1ad6-71a6-49d1-b33a-5cb850bf818d.mp4
2026-09-22 16:49:07 [INFO] ai_bulk_remix: [15/127] DONE  211fca47-3524-4824-b1c4-a19c73ed64b1.mp4 (165.9s)
2026-09-22 16:49:07 [INFO] ai_bulk_remix: [21/127] START -> 2e0a62df-182f-4355-bfa5-6c4bec5713f2.mp4
2026-09-22 16:49:45 [INFO] ai_bulk_remix: [16/127] DONE  243be9ed-2432-49f6-84eb-58c603b77d9a.mp4 (160.5s)
2026-09-22 16:49:45 [INFO] ai_bulk_remix: [22/127] START -> 2ea8878c-650c-4750-8de9-98a5ca098d33.mp4
2026-09-22 16:51:24 [INFO] ai_bulk_remix: [18/127] DONE  2890cba1-1b66-4ee9-8248-6abd3c0f5d99.mp4 (161.6s)
2026-09-22 16:51:24 [INFO] ai_bulk_remix: [23/127] START -> 31946a85-bc37-47da-94d2-ac4e9f3f2834.mp4
2026-09-22 16:51:54 [INFO] ai_bulk_remix: [19/127] DONE  29ce61d7-28a8-4ae3-b23c-6c30413e5f3e.mp4 (186.4s)
2026-09-22 16:51:54 [INFO] ai_bulk_remix: [24/127] START -> 321bf173-6437-4b6b-a6ef-e94214dada13.mp4
2026-09-22 16:52:08 [INFO] ai_bulk_remix: [17/127] DONE  27b87949-2bc0-4039-ab28-68d447ec0696.mp4 (236.3s)
2026-09-22 16:52:08 [INFO] ai_bulk_remix: [25/127] START -> 32709fa0-f7b4-415d-b4ce-7ec012b16683.mp4
2026-09-22 16:52:18 [INFO] ai_bulk_remix: [21/127] DONE  2e0a62df-182f-4355-bfa5-6c4bec5713f2.mp4 (189.8s)
2026-09-22 16:52:18 [INFO] ai_bulk_remix: [26/127] START -> 347cdfb5-c53f-4bcf-8025-9dfa60a7dfd8.mp4
2026-09-22 16:52:39 [INFO] ai_bulk_remix: [20/127] DONE  2a3d1ad6-71a6-49d1-b33a-5cb850bf818d.mp4 (228.0s)
2026-09-22 16:52:39 [INFO] ai_bulk_remix: [27/127] START -> 34af404b-c45c-4d40-aeed-9346385b7523.mp4
2026-09-22 16:52:52 [INFO] ai_bulk_remix: [22/127] DONE  2ea8878c-650c-4750-8de9-98a5ca098d33.mp4 (185.0s)
2026-09-22 16:52:52 [INFO] ai_bulk_remix: [28/127] START -> 37592399-a0d5-4261-8717-ab69606db2f6.mp4
2026-09-22 16:54:02 [INFO] ai_bulk_remix: [24/127] DONE  321bf173-6437-4b6b-a6ef-e94214dada13.mp4 (126.5s)
2026-09-22 16:54:02 [INFO] ai_bulk_remix: [29/127] START -> 382614ab-eef4-4b91-a58e-eea8a2a03502.mp4
2026-09-22 16:54:17 [INFO] ai_bulk_remix: [23/127] DONE  31946a85-bc37-47da-94d2-ac4e9f3f2834.mp4 (171.4s)
2026-09-22 16:54:17 [INFO] ai_bulk_remix: [30/127] START -> 3a53922e-15ce-49bc-a8b7-989f0c363a00.mp4
2026-09-22 16:54:47 [INFO] ai_bulk_remix: [25/127] DONE  32709fa0-f7b4-415d-b4ce-7ec012b16683.mp4 (157.3s)
2026-09-22 16:54:47 [INFO] ai_bulk_remix: [31/127] START -> 43394efa-b983-47fe-b68b-902f52106955.mp4
2026-09-22 16:55:01 [INFO] ai_bulk_remix: [27/127] DONE  34af404b-c45c-4d40-aeed-9346385b7523.mp4 (140.7s)
2026-09-22 16:55:01 [INFO] ai_bulk_remix: [32/127] START -> 45d1e72e-fd0f-448c-8618-0a28d65eb202.mp4
2026-09-22 16:55:12 [INFO] ai_bulk_remix: [28/127] DONE  37592399-a0d5-4261-8717-ab69606db2f6.mp4 (138.6s)
2026-09-22 16:55:12 [INFO] ai_bulk_remix: [33/127] START -> 488b1c08-c07a-4ba9-a37c-4868534c3922.mp4
2026-09-22 16:55:20 [INFO] ai_bulk_remix: [29/127] DONE  382614ab-eef4-4b91-a58e-eea8a2a03502.mp4 (77.3s)
2026-09-22 16:55:20 [INFO] ai_bulk_remix: [34/127] START -> 4c41c905-b504-49d1-97a9-8b0fb7b10ff5.mp4
2026-09-22 16:55:23 [INFO] ai_bulk_remix: [26/127] DONE  347cdfb5-c53f-4bcf-8025-9dfa60a7dfd8.mp4 (183.5s)
2026-09-22 16:55:23 [INFO] ai_bulk_remix: [35/127] START -> 518e2787-7a6c-46d3-aa00-511319102902.mp4
2026-09-22 16:57:18 [INFO] ai_bulk_remix: [30/127] DONE  3a53922e-15ce-49bc-a8b7-989f0c363a00.mp4 (179.2s)
2026-09-22 16:57:18 [INFO] ai_bulk_remix: [36/127] START -> 5279edd3-75aa-443e-8ab0-d682bcab9be1.mp4
2026-09-22 16:57:29 [INFO] ai_bulk_remix: [31/127] DONE  43394efa-b983-47fe-b68b-902f52106955.mp4 (160.5s)
2026-09-22 16:57:29 [INFO] ai_bulk_remix: [37/127] START -> 534bd375-6dd4-4ae7-bcb6-346e0b1b0da6.mp4
2026-09-22 16:58:10 [INFO] ai_bulk_remix: [33/127] DONE  488b1c08-c07a-4ba9-a37c-4868534c3922.mp4 (176.8s)
2026-09-22 16:58:10 [INFO] ai_bulk_remix: [38/127] START -> 56d20289-639a-46f2-a1bb-691f1bc8af2b.mp4
2026-09-22 16:58:27 [INFO] ai_bulk_remix: [34/127] DONE  4c41c905-b504-49d1-97a9-8b0fb7b10ff5.mp4 (185.2s)
2026-09-22 16:58:27 [INFO] ai_bulk_remix: [39/127] START -> 584b261e-f855-4141-89fe-973e711a82be.mp4
2026-09-22 16:59:20 [INFO] ai_bulk_remix: [32/127] DONE  45d1e72e-fd0f-448c-8618-0a28d65eb202.mp4 (258.1s)
2026-09-22 16:59:20 [INFO] ai_bulk_remix: [40/127] START -> 5a9ee147-c0c8-4bcc-b781-d18f04263727.mp4
2026-09-22 17:00:13 [INFO] ai_bulk_remix: [37/127] DONE  534bd375-6dd4-4ae7-bcb6-346e0b1b0da6.mp4 (162.7s)
2026-09-22 17:00:14 [INFO] ai_bulk_remix: [41/127] START -> 5f93582f-93c6-4e5c-a554-5b39bf1ee481.mp4
2026-09-22 17:00:46 [INFO] ai_bulk_remix: [35/127] DONE  518e2787-7a6c-46d3-aa00-511319102902.mp4 (320.8s)
2026-09-22 17:00:46 [INFO] ai_bulk_remix: [42/127] START -> 607698b4-6293-4b7f-a4a4-305b11bc90f2.mp4
2026-09-22 17:00:54 [INFO] ai_bulk_remix: [38/127] DONE  56d20289-639a-46f2-a1bb-691f1bc8af2b.mp4 (162.0s)
2026-09-22 17:00:54 [INFO] ai_bulk_remix: [43/127] START -> 635abdf9-642c-4852-83da-acefb2f53cf8.mp4
2026-09-22 17:01:24 [INFO] ai_bulk_remix: [39/127] DONE  584b261e-f855-4141-89fe-973e711a82be.mp4 (175.6s)
2026-09-22 17:01:24 [INFO] ai_bulk_remix: [44/127] START -> 66198377-7fa9-46c8-9469-29beaef46a76.mp4
2026-09-22 17:02:04 [INFO] ai_bulk_remix: [40/127] DONE  5a9ee147-c0c8-4bcc-b781-d18f04263727.mp4 (161.9s)
2026-09-22 17:02:04 [INFO] ai_bulk_remix: [45/127] START -> 6f475929-1ab9-4229-bc17-a0136daab18c.mp4
2026-09-22 17:02:43 [INFO] ai_bulk_remix: [36/127] DONE  5279edd3-75aa-443e-8ab0-d682bcab9be1.mp4 (323.2s)
2026-09-22 17:02:43 [INFO] ai_bulk_remix: [46/127] START -> 707e6751-c738-42ce-ae25-afe5704357b9.mp4
2026-09-22 17:03:26 [INFO] ai_bulk_remix: [42/127] DONE  607698b4-6293-4b7f-a4a4-305b11bc90f2.mp4 (158.3s)
2026-09-22 17:03:26 [INFO] ai_bulk_remix: [47/127] START -> 70e76cac-295a-4c07-9d09-c8cc35fbe74e.mp4
2026-09-22 17:03:27 [INFO] ai_bulk_remix: [41/127] DONE  5f93582f-93c6-4e5c-a554-5b39bf1ee481.mp4 (191.7s)
2026-09-22 17:03:27 [INFO] ai_bulk_remix: [48/127] START -> 70fc814b-58f0-4d60-8037-481a95ec4976.mp4
2026-09-22 17:04:05 [INFO] ai_bulk_remix: [43/127] DONE  635abdf9-642c-4852-83da-acefb2f53cf8.mp4 (189.1s)
2026-09-22 17:04:05 [INFO] ai_bulk_remix: [49/127] START -> 730ebe36-8d28-4a9f-9de8-aae458418667.mp4
2026-09-22 17:04:17 [INFO] ai_bulk_remix: [44/127] DONE  66198377-7fa9-46c8-9469-29beaef46a76.mp4 (170.4s)
2026-09-22 17:04:17 [INFO] ai_bulk_remix: [50/127] START -> 7315e76a-fe49-4327-b4f4-e2b65f330294.mp4
2026-09-22 17:05:25 [INFO] ai_bulk_remix: [45/127] DONE  6f475929-1ab9-4229-bc17-a0136daab18c.mp4 (198.5s)
2026-09-22 17:05:25 [INFO] ai_bulk_remix: [51/127] START -> 75227f56-19b3-4d52-9ff0-60fa7bd54a03.mp4
2026-09-22 17:05:28 [INFO] ai_bulk_remix: [48/127] DONE  70fc814b-58f0-4d60-8037-481a95ec4976.mp4 (118.6s)
2026-09-22 17:05:28 [INFO] ai_bulk_remix: [52/127] START -> 7972855c-999b-4fb6-935a-67e081fc5873.mp4
2026-09-22 17:05:51 [INFO] ai_bulk_remix: [49/127] DONE  730ebe36-8d28-4a9f-9de8-aae458418667.mp4 (104.4s)
2026-09-22 17:05:51 [INFO] ai_bulk_remix: [53/127] START -> 7a650c33-6c20-4b27-83e8-e6d535a3b983.mp4
2026-09-22 17:05:56 [INFO] ai_bulk_remix: [46/127] DONE  707e6751-c738-42ce-ae25-afe5704357b9.mp4 (191.1s)
2026-09-22 17:05:56 [INFO] ai_bulk_remix: [54/127] START -> 7f627dde-495b-4044-955e-d1e9b3f825f1.mp4
2026-09-22 17:06:06 [INFO] ai_bulk_remix: [47/127] DONE  70e76cac-295a-4c07-9d09-c8cc35fbe74e.mp4 (159.4s)
2026-09-22 17:06:06 [INFO] ai_bulk_remix: [55/127] START -> 82028ccd-cf0c-4e06-ae93-142446501800.mp4
2026-09-22 17:07:59 [INFO] ai_bulk_remix: [50/127] DONE  7315e76a-fe49-4327-b4f4-e2b65f330294.mp4 (220.6s)
2026-09-22 17:07:59 [INFO] ai_bulk_remix: [56/127] START -> 83fe3a9b-e230-4c3e-a7c8-7fa98206aa02.mp4
2026-09-22 17:08:10 [INFO] ai_bulk_remix: [51/127] DONE  75227f56-19b3-4d52-9ff0-60fa7bd54a03.mp4 (163.4s)
2026-09-22 17:08:10 [INFO] ai_bulk_remix: [57/127] START -> 84070ca8-5461-40ce-b6bf-ba10625d96f6.mp4
2026-09-22 17:09:20 [INFO] ai_bulk_remix: [54/127] DONE  7f627dde-495b-4044-955e-d1e9b3f825f1.mp4 (202.1s)
2026-09-22 17:09:20 [INFO] ai_bulk_remix: [58/127] START -> 8499e5d7-2c98-4ced-8cb7-c69a905fc1e4.mp4
2026-09-22 17:10:55 [INFO] ai_bulk_remix: [56/127] DONE  83fe3a9b-e230-4c3e-a7c8-7fa98206aa02.mp4 (175.6s)
2026-09-22 17:10:55 [INFO] ai_bulk_remix: [59/127] START -> 8ad75c50-a2b2-41ad-9b08-ac45216ea493.mp4
2026-09-22 17:11:17 [INFO] ai_bulk_remix: [57/127] DONE  84070ca8-5461-40ce-b6bf-ba10625d96f6.mp4 (185.5s)
2026-09-22 17:11:17 [INFO] ai_bulk_remix: [60/127] START -> 91b371c6-41d1-4904-ab54-59c6833c9fcf.mp4
2026-09-22 17:11:27 [INFO] ai_bulk_remix: [53/127] DONE  7a650c33-6c20-4b27-83e8-e6d535a3b983.mp4 (335.7s)
2026-09-22 17:11:27 [INFO] ai_bulk_remix: [61/127] START -> 921fb780-d1df-4c9f-bc6e-cfd7b58c5d56.mp4
2026-09-22 17:12:10 [INFO] ai_bulk_remix: [52/127] DONE  7972855c-999b-4fb6-935a-67e081fc5873.mp4 (400.3s)
2026-09-22 17:12:10 [INFO] ai_bulk_remix: [62/127] START -> 9379be91-5a16-48fa-8b34-8524121ca4b5.mp4
2026-09-22 17:12:31 [INFO] ai_bulk_remix: [55/127] DONE  82028ccd-cf0c-4e06-ae93-142446501800.mp4 (382.7s)
2026-09-22 17:12:31 [INFO] ai_bulk_remix: [63/127] START -> 9720a58c-2515-40fe-898e-98a09f350890.mp4
2026-09-22 17:12:36 [INFO] ai_bulk_remix: [58/127] DONE  8499e5d7-2c98-4ced-8cb7-c69a905fc1e4.mp4 (193.9s)
2026-09-22 17:12:36 [INFO] ai_bulk_remix: [64/127] START -> 97a6d970-1b89-429b-86ce-1656b9c87b0e.mp4
2026-09-22 17:13:48 [INFO] ai_bulk_remix: [62/127] DONE  9379be91-5a16-48fa-8b34-8524121ca4b5.mp4 (95.9s)
2026-09-22 17:13:48 [INFO] ai_bulk_remix: [65/127] START -> 9a15f870-ad4e-4c0e-8f3b-52df00a19507.mp4
2026-09-22 17:14:06 [INFO] ai_bulk_remix: [60/127] DONE  91b371c6-41d1-4904-ab54-59c6833c9fcf.mp4 (167.2s)
2026-09-22 17:14:06 [INFO] ai_bulk_remix: [66/127] START -> 9f60d69c-cc21-4237-b48e-17fcd445efb2.mp4
2026-09-22 17:14:16 [INFO] ai_bulk_remix: [59/127] DONE  8ad75c50-a2b2-41ad-9b08-ac45216ea493.mp4 (198.7s)
2026-09-22 17:14:16 [INFO] ai_bulk_remix: [67/127] START -> a23f31dc-96ea-408e-b75d-8911c992cd6d.mp4
2026-09-22 17:14:42 [INFO] ai_bulk_remix: [61/127] DONE  921fb780-d1df-4c9f-bc6e-cfd7b58c5d56.mp4 (193.8s)
2026-09-22 17:14:42 [INFO] ai_bulk_remix: [68/127] START -> a3df92b5-4fdf-411e-af26-c003a48b2f0b.mp4
2026-09-22 17:15:39 [INFO] ai_bulk_remix: [63/127] DONE  9720a58c-2515-40fe-898e-98a09f350890.mp4 (186.8s)
2026-09-22 17:15:39 [INFO] ai_bulk_remix: [69/127] START -> a43ed5aa-2e2e-4414-a47f-01151107b0ea.mp4
2026-09-22 17:16:17 [INFO] ai_bulk_remix: [65/127] DONE  9a15f870-ad4e-4c0e-8f3b-52df00a19507.mp4 (147.8s)
2026-09-22 17:16:17 [INFO] ai_bulk_remix: [70/127] START -> a476a378-1637-4f17-9ea3-9f789370e735.mp4
2026-09-22 17:16:20 [INFO] ai_bulk_remix: [64/127] DONE  97a6d970-1b89-429b-86ce-1656b9c87b0e.mp4 (223.0s)
2026-09-22 17:16:20 [INFO] ai_bulk_remix: [71/127] START -> a559fa05-e566-4e8f-8dcb-a000b95bb6be.mp4
2026-09-22 17:17:08 [INFO] ai_bulk_remix: [67/127] DONE  a23f31dc-96ea-408e-b75d-8911c992cd6d.mp4 (170.4s)
2026-09-22 17:17:08 [INFO] ai_bulk_remix: [72/127] START -> a61356b3-e32a-47f7-b800-068b08af371e.mp4
2026-09-22 17:17:27 [INFO] ai_bulk_remix: [68/127] DONE  a3df92b5-4fdf-411e-af26-c003a48b2f0b.mp4 (163.5s)
2026-09-22 17:17:27 [INFO] ai_bulk_remix: [73/127] START -> a6e30693-76fa-46c7-89fe-2cf3d2aa1ca4.mp4
2026-09-22 17:17:28 [INFO] ai_bulk_remix: [66/127] DONE  9f60d69c-cc21-4237-b48e-17fcd445efb2.mp4 (200.8s)
2026-09-22 17:17:28 [INFO] ai_bulk_remix: [74/127] START -> a74dd245-4732-49c6-9613-e1f90260918e.mp4
2026-09-22 17:18:51 [INFO] ai_bulk_remix: [69/127] DONE  a43ed5aa-2e2e-4414-a47f-01151107b0ea.mp4 (190.0s)
2026-09-22 17:18:51 [INFO] ai_bulk_remix: [75/127] START -> a810af11-69de-4859-a739-467193c34c40.mp4
2026-09-22 17:19:14 [INFO] ai_bulk_remix: [71/127] DONE  a559fa05-e566-4e8f-8dcb-a000b95bb6be.mp4 (171.7s)
2026-09-22 17:19:14 [INFO] ai_bulk_remix: [76/127] START -> a8553e22-9661-44b1-a143-2070ce24851a.mp4
2026-09-22 17:19:26 [INFO] ai_bulk_remix: [70/127] DONE  a476a378-1637-4f17-9ea3-9f789370e735.mp4 (187.4s)
2026-09-22 17:19:26 [INFO] ai_bulk_remix: [77/127] START -> a8b88bfe-9c83-463a-9773-be3ef7426704.mp4
2026-09-22 17:20:05 [INFO] ai_bulk_remix: [74/127] DONE  a74dd245-4732-49c6-9613-e1f90260918e.mp4 (155.7s)
2026-09-22 17:20:05 [INFO] ai_bulk_remix: [78/127] START -> ab1d3498-b84d-4b43-af64-807ee202bf5f.mp4
2026-09-22 17:20:41 [INFO] ai_bulk_remix: [72/127] DONE  a61356b3-e32a-47f7-b800-068b08af371e.mp4 (211.8s)
2026-09-22 17:20:41 [INFO] ai_bulk_remix: [79/127] START -> add65d51-dc01-4f52-ae3f-fb5415928899.mp4
2026-09-22 17:20:48 [INFO] ai_bulk_remix: [73/127] DONE  a6e30693-76fa-46c7-89fe-2cf3d2aa1ca4.mp4 (199.0s)
2026-09-22 17:20:48 [INFO] ai_bulk_remix: [80/127] START -> adead1c4-6592-4646-94e6-6cacca658123.mp4
2026-09-22 17:21:14 [INFO] ai_bulk_remix: [75/127] DONE  a810af11-69de-4859-a739-467193c34c40.mp4 (141.4s)
2026-09-22 17:21:14 [INFO] ai_bulk_remix: [81/127] START -> af53508d-836d-4bae-a6b4-bfeb2d5c2809.mp4
2026-09-22 17:21:34 [INFO] ai_bulk_remix: [76/127] DONE  a8553e22-9661-44b1-a143-2070ce24851a.mp4 (138.2s)
2026-09-22 17:21:34 [INFO] ai_bulk_remix: [82/127] START -> af6dc7c2-85f3-4944-b1a7-d1552097fbab.mp4
2026-09-22 17:22:06 [INFO] ai_bulk_remix: [77/127] DONE  a8b88bfe-9c83-463a-9773-be3ef7426704.mp4 (157.5s)
2026-09-22 17:22:06 [INFO] ai_bulk_remix: [83/127] START -> b2fee54a-1ceb-4b1b-85f3-abb28b93153a.mp4
2026-09-22 17:22:51 [INFO] ai_bulk_remix: [78/127] DONE  ab1d3498-b84d-4b43-af64-807ee202bf5f.mp4 (163.9s)
2026-09-22 17:22:51 [INFO] ai_bulk_remix: [84/127] START -> b32d8629-b8ba-4042-ba7a-a00bec64bf49.mp4
2026-09-22 17:22:56 [INFO] ai_bulk_remix: [79/127] DONE  add65d51-dc01-4f52-ae3f-fb5415928899.mp4 (133.3s)
2026-09-22 17:22:56 [INFO] ai_bulk_remix: [85/127] START -> b4804804-0842-46ce-9335-1a253cef5b34.mp4
2026-09-22 17:23:16 [INFO] ai_bulk_remix: [80/127] DONE  adead1c4-6592-4646-94e6-6cacca658123.mp4 (147.0s)
2026-09-22 17:23:16 [INFO] ai_bulk_remix: [86/127] START -> b593dbd5-184e-497b-9750-4702d8daa75b.mp4
2026-09-22 17:23:32 [INFO] ai_bulk_remix: [81/127] DONE  af53508d-836d-4bae-a6b4-bfeb2d5c2809.mp4 (136.8s)
2026-09-22 17:23:32 [INFO] ai_bulk_remix: [87/127] START -> b5ff4a98-058b-4aae-a3e0-a468c0410c27.mp4
2026-09-22 17:24:18 [INFO] ai_bulk_remix: [82/127] DONE  af6dc7c2-85f3-4944-b1a7-d1552097fbab.mp4 (163.1s)
2026-09-22 17:24:18 [INFO] ai_bulk_remix: [88/127] START -> b84929bf-df6d-4432-9d6c-62c6560f2326.mp4
2026-09-22 17:25:16 [INFO] ai_bulk_remix: [83/127] DONE  b2fee54a-1ceb-4b1b-85f3-abb28b93153a.mp4 (188.7s)
2026-09-22 17:25:16 [INFO] ai_bulk_remix: [89/127] START -> b91d6736-cdb6-4d69-9605-dc0c21838d0a.mp4
2026-09-22 17:25:37 [INFO] ai_bulk_remix: [84/127] DONE  b32d8629-b8ba-4042-ba7a-a00bec64bf49.mp4 (164.6s)
2026-09-22 17:25:37 [INFO] ai_bulk_remix: [90/127] START -> bb8a37d6-f3f4-486a-9a82-625b3c89b105.mp4
2026-09-22 17:26:04 [INFO] ai_bulk_remix: [85/127] DONE  b4804804-0842-46ce-9335-1a253cef5b34.mp4 (184.2s)
2026-09-22 17:26:04 [INFO] ai_bulk_remix: [91/127] START -> bc478867-171e-44ad-bdbd-68a1c86860d6.mp4
2026-09-22 17:26:21 [INFO] ai_bulk_remix: [86/127] DONE  b593dbd5-184e-497b-9750-4702d8daa75b.mp4 (183.1s)
2026-09-22 17:26:21 [INFO] ai_bulk_remix: [92/127] START -> be50bbdc-e494-4447-a93e-99e415f476a6.mp4
2026-09-22 17:26:28 [INFO] ai_bulk_remix: [87/127] DONE  b5ff4a98-058b-4aae-a3e0-a468c0410c27.mp4 (173.6s)
2026-09-22 17:26:28 [INFO] ai_bulk_remix: [93/127] START -> c1d859b6-f659-423b-964a-3f60fe2d7a46.mp4
2026-09-22 17:27:06 [INFO] ai_bulk_remix: [88/127] DONE  b84929bf-df6d-4432-9d6c-62c6560f2326.mp4 (166.1s)
2026-09-22 17:27:06 [INFO] ai_bulk_remix: [94/127] START -> c2daf6b8-5b48-4377-a3d6-c9236f839261.mp4
2026-09-22 17:28:33 [INFO] ai_bulk_remix: [89/127] DONE  b91d6736-cdb6-4d69-9605-dc0c21838d0a.mp4 (194.9s)
2026-09-22 17:28:33 [INFO] ai_bulk_remix: [95/127] START -> c30ab6db-b72a-40fb-8cf2-5217be25cb90.mp4
2026-09-22 17:28:53 [INFO] ai_bulk_remix: [90/127] DONE  bb8a37d6-f3f4-486a-9a82-625b3c89b105.mp4 (194.4s)
2026-09-22 17:28:53 [INFO] ai_bulk_remix: [96/127] START -> c61e0738-1a2b-420c-aada-32aca5759857.mp4
2026-09-22 17:28:56 [INFO] ai_bulk_remix: [92/127] DONE  be50bbdc-e494-4447-a93e-99e415f476a6.mp4 (154.1s)
2026-09-22 17:28:56 [INFO] ai_bulk_remix: [97/127] START -> cab1a77c-bec4-426f-8065-d93d699b19f0.mp4
2026-09-22 17:29:08 [INFO] ai_bulk_remix: [91/127] DONE  bc478867-171e-44ad-bdbd-68a1c86860d6.mp4 (182.0s)
2026-09-22 17:29:09 [INFO] ai_bulk_remix: [98/127] START -> cbac423d-f9a3-422f-a51b-528987fdf6c2.mp4
2026-09-22 17:29:28 [INFO] ai_bulk_remix: [93/127] DONE  c1d859b6-f659-423b-964a-3f60fe2d7a46.mp4 (178.3s)
2026-09-22 17:29:28 [INFO] ai_bulk_remix: [99/127] START -> cc805c6a-7d50-41da-a4f4-d11638794135.mp4
2026-09-22 17:29:46 [INFO] ai_bulk_remix: [94/127] DONE  c2daf6b8-5b48-4377-a3d6-c9236f839261.mp4 (158.5s)
2026-09-22 17:29:46 [INFO] ai_bulk_remix: [100/127] START -> cfe3176e-7be8-4564-93e9-23ab7f4e83ed.mp4
2026-09-22 17:31:23 [INFO] ai_bulk_remix: [95/127] DONE  c30ab6db-b72a-40fb-8cf2-5217be25cb90.mp4 (166.9s)
2026-09-22 17:31:23 [INFO] ai_bulk_remix: [101/127] START -> d1f3b66f-0e25-453b-af68-8de62ffafbde.mp4
2026-09-22 17:31:51 [INFO] ai_bulk_remix: [96/127] DONE  c61e0738-1a2b-420c-aada-32aca5759857.mp4 (174.7s)
2026-09-22 17:31:51 [INFO] ai_bulk_remix: [102/127] START -> d2d9a570-e9b7-4506-8d92-76821a9f526d.mp4
2026-09-22 17:31:53 [INFO] ai_bulk_remix: [97/127] DONE  cab1a77c-bec4-426f-8065-d93d699b19f0.mp4 (172.2s)
2026-09-22 17:31:53 [INFO] ai_bulk_remix: [103/127] START -> d4b7fac8-bb3b-4455-a451-2da5257deb6b.mp4
2026-09-22 17:32:07 [INFO] ai_bulk_remix: [99/127] DONE  cc805c6a-7d50-41da-a4f4-d11638794135.mp4 (156.9s)
2026-09-22 17:32:07 [INFO] ai_bulk_remix: [104/127] START -> d638aa0a-13ae-45d3-9310-57290677bd5f.mp4
2026-09-22 17:32:28 [INFO] ai_bulk_remix: [98/127] DONE  cbac423d-f9a3-422f-a51b-528987fdf6c2.mp4 (196.2s)
2026-09-22 17:32:28 [INFO] ai_bulk_remix: [105/127] START -> d8700d21-bfea-433f-9917-309169791d6b.mp4
2026-09-22 17:32:36 [INFO] ai_bulk_remix: [100/127] DONE  cfe3176e-7be8-4564-93e9-23ab7f4e83ed.mp4 (167.6s)
2026-09-22 17:32:36 [INFO] ai_bulk_remix: [106/127] START -> da99e89d-0bc4-4741-92a4-8d80846c1072.mp4
2026-09-22 17:33:52 [INFO] ai_bulk_remix: [101/127] DONE  d1f3b66f-0e25-453b-af68-8de62ffafbde.mp4 (146.4s)
2026-09-22 17:33:52 [INFO] ai_bulk_remix: [107/127] START -> db2792c5-81a5-4569-8f58-4e0aac152e47.mp4
2026-09-22 17:35:11 [INFO] ai_bulk_remix: [103/127] DONE  d4b7fac8-bb3b-4455-a451-2da5257deb6b.mp4 (186.5s)
2026-09-22 17:35:11 [INFO] ai_bulk_remix: [108/127] START -> dc904d3b-625a-423a-b06f-e9cb8b0d0159.mp4
2026-09-22 17:35:19 [INFO] ai_bulk_remix: [102/127] DONE  d2d9a570-e9b7-4506-8d92-76821a9f526d.mp4 (206.3s)
2026-09-22 17:35:19 [INFO] ai_bulk_remix: [109/127] START -> df5968bf-4447-41bd-9d00-96b5cc4097bf.mp4
2026-09-22 17:35:28 [INFO] ai_bulk_remix: [106/127] DONE  da99e89d-0bc4-4741-92a4-8d80846c1072.mp4 (170.2s)
2026-09-22 17:35:28 [INFO] ai_bulk_remix: [110/127] START -> dff5b6ef-6397-421e-97ec-1c1a6d38f599.mp4
2026-09-22 17:35:34 [INFO] ai_bulk_remix: [104/127] DONE  d638aa0a-13ae-45d3-9310-57290677bd5f.mp4 (199.7s)
2026-09-22 17:35:34 [INFO] ai_bulk_remix: [111/127] START -> e0b5eeb5-01b9-470a-ad91-a7ed3cdaf1b2.mp4
2026-09-22 17:35:48 [INFO] ai_bulk_remix: [105/127] DONE  d8700d21-bfea-433f-9917-309169791d6b.mp4 (191.3s)
2026-09-22 17:35:48 [INFO] ai_bulk_remix: [112/127] START -> e14fa219-0cc8-4f9c-8cb8-fd2827bb0064.mp4
2026-09-22 17:36:13 [INFO] ai_bulk_remix: [107/127] DONE  db2792c5-81a5-4569-8f58-4e0aac152e47.mp4 (139.9s)
2026-09-22 17:36:13 [INFO] ai_bulk_remix: [113/127] START -> e266b7c5-8a02-43b6-9e1e-26c72b134c85.mp4
2026-09-22 17:38:13 [INFO] ai_bulk_remix: [109/127] DONE  df5968bf-4447-41bd-9d00-96b5cc4097bf.mp4 (171.0s)
2026-09-22 17:38:13 [INFO] ai_bulk_remix: [114/127] START -> e5d5849b-4530-48b0-aa63-7549c0551068.mp4
2026-09-22 17:38:19 [INFO] ai_bulk_remix: [110/127] DONE  dff5b6ef-6397-421e-97ec-1c1a6d38f599.mp4 (169.3s)
2026-09-22 17:38:19 [INFO] ai_bulk_remix: [115/127] START -> e7704e92-49c2-4cd1-bea4-6fee458efa09.mp4
2026-09-22 17:38:24 [INFO] ai_bulk_remix: [111/127] DONE  e0b5eeb5-01b9-470a-ad91-a7ed3cdaf1b2.mp4 (168.3s)
2026-09-22 17:38:24 [INFO] ai_bulk_remix: [116/127] START -> e91d77b8-2583-4485-b4bc-a8a08e59fca4.mp4
2026-09-22 17:38:59 [INFO] ai_bulk_remix: [108/127] DONE  dc904d3b-625a-423a-b06f-e9cb8b0d0159.mp4 (226.4s)
2026-09-22 17:38:59 [INFO] ai_bulk_remix: [117/127] START -> eb870680-32ad-4f80-a6b0-2507a5d89da9.mp4
2026-09-22 17:39:04 [INFO] ai_bulk_remix: [113/127] DONE  e266b7c5-8a02-43b6-9e1e-26c72b134c85.mp4 (168.7s)
2026-09-22 17:39:04 [INFO] ai_bulk_remix: [118/127] START -> ec016320-e496-4ac4-842b-af98827d809c.mp4
2026-09-22 17:39:04 [INFO] ai_bulk_remix: [112/127] DONE  e14fa219-0cc8-4f9c-8cb8-fd2827bb0064.mp4 (194.2s)
2026-09-22 17:39:04 [INFO] ai_bulk_remix: [119/127] START -> ec7733c1-135e-4fef-a3d2-069737cba01d.mp4
2026-09-22 17:41:16 [INFO] ai_bulk_remix: [116/127] DONE  e91d77b8-2583-4485-b4bc-a8a08e59fca4.mp4 (171.2s)
2026-09-22 17:41:16 [INFO] ai_bulk_remix: [120/127] START -> f3b01ac9-5f57-4348-a767-535806194da0.mp4
2026-09-22 17:41:17 [INFO] ai_bulk_remix: [114/127] DONE  e5d5849b-4530-48b0-aa63-7549c0551068.mp4 (181.8s)
2026-09-22 17:41:17 [INFO] ai_bulk_remix: [121/127] START -> f518fb59-3f0f-47b5-bd28-494d7b9d51e6.mp4
2026-09-22 17:41:37 [INFO] ai_bulk_remix: [115/127] DONE  e7704e92-49c2-4cd1-bea4-6fee458efa09.mp4 (196.8s)
2026-09-22 17:41:37 [INFO] ai_bulk_remix: [122/127] START -> f5855cae-1a63-4687-b595-c26641cf3e33.mp4
2026-09-22 17:41:54 [INFO] ai_bulk_remix: [117/127] DONE  eb870680-32ad-4f80-a6b0-2507a5d89da9.mp4 (174.1s)
2026-09-22 17:41:54 [INFO] ai_bulk_remix: [123/127] START -> f722c307-d8cf-4eaf-b4e7-f28f1bf83f8b.mp4
2026-09-22 17:42:11 [INFO] ai_bulk_remix: [119/127] DONE  ec7733c1-135e-4fef-a3d2-069737cba01d.mp4 (185.0s)
2026-09-22 17:42:11 [INFO] ai_bulk_remix: [124/127] START -> fad9bddd-dedb-439c-8345-e743ae60e76d.mp4
2026-09-22 17:42:17 [INFO] ai_bulk_remix: [118/127] DONE  ec016320-e496-4ac4-842b-af98827d809c.mp4 (191.6s)
2026-09-22 17:42:17 [INFO] ai_bulk_remix: [125/127] START -> fc2c099d-4b87-4a75-a675-d8825e0d0a1f.mp4
2026-09-22 17:43:28 [INFO] ai_bulk_remix: [120/127] DONE  f3b01ac9-5f57-4348-a767-535806194da0.mp4 (129.0s)
2026-09-22 17:43:28 [INFO] ai_bulk_remix: [126/127] START -> ffba1740-8084-4943-bb97-e6a4fa811834.mp4
2026-09-22 17:44:06 [INFO] ai_bulk_remix: [121/127] DONE  f518fb59-3f0f-47b5-bd28-494d7b9d51e6.mp4 (166.7s)
2026-09-22 17:44:06 [INFO] ai_bulk_remix: [127/127] START -> ffcec33b-f715-4c0f-b4ef-947834ccdafc.mp4
2026-09-22 17:44:09 [INFO] ai_bulk_remix: [123/127] DONE  f722c307-d8cf-4eaf-b4e7-f28f1bf83f8b.mp4 (133.3s)
2026-09-22 17:44:21 [INFO] ai_bulk_remix: [122/127] DONE  f5855cae-1a63-4687-b595-c26641cf3e33.mp4 (161.9s)
2026-09-22 17:44:39 [INFO] ai_bulk_remix: [125/127] DONE  fc2c099d-4b87-4a75-a675-d8825e0d0a1f.mp4 (140.4s)
2026-09-22 17:44:45 [INFO] ai_bulk_remix: [124/127] DONE  fad9bddd-dedb-439c-8345-e743ae60e76d.mp4 (152.3s)
2026-09-22 17:45:01 [INFO] ai_bulk_remix: [126/127] DONE  ffba1740-8084-4943-bb97-e6a4fa811834.mp4 (92.0s)
2026-09-22 17:45:14 [INFO] ai_bulk_remix: [127/127] DONE  ffcec33b-f715-4c0f-b4ef-947834ccdafc.mp4 (66.1s)
2026-09-22 17:45:14 [INFO] ai_bulk_remix: ==================================================
2026-09-22 17:45:14 [INFO] ai_bulk_remix: BATCH PROCESSING COMPLETED
2026-09-22 17:45:14 [INFO] ai_bulk_remix: Successful: 127
2026-09-22 17:45:14 [INFO] ai_bulk_remix: Failed: 0
2026-09-22 17:45:14 [INFO] ai_bulk_remix: Skipped: 0
2026-09-22 17:45:14 [INFO] ai_bulk_remix: Total time: 3928.3s
2026-09-22 17:45:14 [INFO] ai_bulk_remix: ==================================================
2026-09-22 18:05:37 [INFO] ai_bulk_remix: Application exiting with code 0
2026-09-22 18:07:38 [INFO] ai_bulk_remix: ==================================================
2026-09-22 18:07:38 [INFO] ai_bulk_remix: AI Bulk Remix Studio v1.0.0 starting...
2026-09-22 18:07:38 [INFO] ai_bulk_remix: Base directory: C:\Users\h\ai-bulk-remix-studio
2026-09-22 18:07:38 [INFO] ai_bulk_remix: Python: 3.10.0 (tags/v3.10.0:b494f59, Oct  4 2021, 19:00:18) [MSC v.1929 64 bit (AMD64)]
2026-09-22 18:07:38 [INFO] ai_bulk_remix: Platform: win32
2026-09-22 18:07:38 [INFO] ai_bulk_remix: ==================================================
2026-09-22 18:07:51 [INFO] ai_bulk_remix: GPU encoders detected: h264_nvenc, hevc_nvenc, av1_nvenc, h264_qsv, hevc_qsv, h264_amf, hevc_amf
2026-09-22 18:07:51 [INFO] ai_bulk_remix: MainWindow initialized
2026-09-22 18:07:51 [INFO] ai_bulk_remix: MainWindow displayed successfully.
2026-09-22 18:07:51 [INFO] ai_bulk_remix: FFmpeg detected: version 8.1.2-full_build-www.gyan.dev
2026-09-22 18:08:12 [INFO] ai_bulk_remix: Scanned C:/Users/h/Videos/cat ai/new/30: 30 video(s) found
2026-09-22 18:10:29 [INFO] ai_bulk_remix: ==================================================
2026-09-22 18:10:29 [INFO] ai_bulk_remix: BATCH PROCESSING STARTED
2026-09-22 18:10:29 [INFO] ai_bulk_remix: Total files: 30
2026-09-22 18:10:29 [INFO] ai_bulk_remix: Output directory: C:/Users/h/Videos/cat ai/new/new edit
2026-09-22 18:10:29 [INFO] ai_bulk_remix: Workers: 6
2026-09-22 18:10:29 [INFO] ai_bulk_remix: Encoder: h264_nvenc
2026-09-22 18:10:29 [INFO] ai_bulk_remix: ==================================================
2026-09-22 18:10:29 [INFO] ai_bulk_remix: [1/30] START -> 0042b01c-6997-4b55-9b98-85b567bddc90.mp4
2026-09-22 18:10:29 [INFO] ai_bulk_remix: [2/30] START -> 04f8118f-9af3-4aec-b7e3-0ef796a79d0c.mp4
2026-09-22 18:10:29 [INFO] ai_bulk_remix: [3/30] START -> 07f0e180-cb97-46e0-919c-8b371b575d4e.mp4
2026-09-22 18:10:29 [INFO] ai_bulk_remix: [4/30] START -> 198a1740-53b4-4678-a5e9-1df0b3c368eb.mp4
2026-09-22 18:10:29 [INFO] ai_bulk_remix: [5/30] START -> 204eaab2-61dd-4697-a117-40168a651f36.mp4
2026-09-22 18:10:29 [INFO] ai_bulk_remix: [6/30] START -> 20a08fce-b18c-45a8-8a0d-3504743d1ca0.mp4
2026-09-22 18:17:16 [INFO] ai_bulk_remix: [4/30] DONE  198a1740-53b4-4678-a5e9-1df0b3c368eb.mp4 (169.0s)
2026-09-22 18:17:16 [INFO] ai_bulk_remix: [7/30] START -> 211fca47-3524-4824-b1c4-a19c73ed64b1.mp4
2026-09-22 18:17:51 [INFO] ai_bulk_remix: [5/30] DONE  204eaab2-61dd-4697-a117-40168a651f36.mp4 (147.6s)
2026-09-22 18:17:51 [INFO] ai_bulk_remix: [8/30] START -> 243be9ed-2432-49f6-84eb-58c603b77d9a.mp4
2026-09-22 18:18:03 [INFO] ai_bulk_remix: [6/30] DONE  20a08fce-b18c-45a8-8a0d-3504743d1ca0.mp4 (159.1s)
2026-09-22 18:18:03 [INFO] ai_bulk_remix: [9/30] START -> 27b87949-2bc0-4039-ab28-68d447ec0696.mp4
2026-09-22 18:19:37 [INFO] ai_bulk_remix: [3/30] DONE  07f0e180-cb97-46e0-919c-8b371b575d4e.mp4 (134.3s)
2026-09-22 18:19:37 [INFO] ai_bulk_remix: [10/30] START -> 29ce61d7-28a8-4ae3-b23c-6c30413e5f3e.mp4
2026-09-22 18:20:31 [INFO] ai_bulk_remix: [2/30] DONE  04f8118f-9af3-4aec-b7e3-0ef796a79d0c.mp4 (124.0s)
2026-09-22 18:20:31 [INFO] ai_bulk_remix: [11/30] START -> 2ea8878c-650c-4750-8de9-98a5ca098d33.mp4
2026-09-22 18:23:22 [INFO] ai_bulk_remix: [1/30] DONE  0042b01c-6997-4b55-9b98-85b567bddc90.mp4 (128.3s)
2026-09-22 18:23:22 [INFO] ai_bulk_remix: [12/30] START -> 321bf173-6437-4b6b-a6ef-e94214dada13.mp4
2026-09-22 18:24:54 [INFO] ai_bulk_remix: [7/30] DONE  211fca47-3524-4824-b1c4-a19c73ed64b1.mp4 (83.3s)
2026-09-22 18:24:54 [INFO] ai_bulk_remix: [13/30] START -> 34af404b-c45c-4d40-aeed-9346385b7523.mp4
2026-09-22 18:27:10 [INFO] ai_bulk_remix: [8/30] DONE  243be9ed-2432-49f6-84eb-58c603b77d9a.mp4 (91.3s)
2026-09-22 18:27:10 [INFO] ai_bulk_remix: [14/30] START -> 3a53922e-15ce-49bc-a8b7-989f0c363a00.mp4
2026-09-22 18:27:51 [INFO] ai_bulk_remix: [10/30] DONE  29ce61d7-28a8-4ae3-b23c-6c30413e5f3e.mp4 (103.5s)
2026-09-22 18:27:51 [INFO] ai_bulk_remix: [15/30] START -> 45d1e72e-fd0f-448c-8618-0a28d65eb202.mp4
2026-09-22 18:31:55 [INFO] ai_bulk_remix: [12/30] DONE  321bf173-6437-4b6b-a6ef-e94214dada13.mp4 (109.6s)
2026-09-22 18:31:55 [INFO] ai_bulk_remix: [16/30] START -> 4c41c905-b504-49d1-97a9-8b0fb7b10ff5.mp4
2026-09-22 18:32:19 [INFO] ai_bulk_remix: Processing cancelled by user
2026-09-22 18:32:19 [INFO] ai_bulk_remix: Application exiting with code 0
2026-09-26 15:47:16 [INFO] ai_bulk_remix: ==================================================
2026-09-26 15:47:16 [INFO] ai_bulk_remix: AI Bulk Remix Studio v1.0.0 starting...
2026-09-26 15:47:16 [INFO] ai_bulk_remix: Base directory: C:\Users\h\ai-bulk-remix-studio
2026-09-26 15:47:16 [INFO] ai_bulk_remix: Python: 3.10.0 (tags/v3.10.0:b494f59, Oct  4 2021, 19:00:18) [MSC v.1929 64 bit (AMD64)]
2026-09-26 15:47:16 [INFO] ai_bulk_remix: Platform: win32
2026-09-26 15:47:16 [INFO] ai_bulk_remix: ==================================================
2026-09-26 15:47:33 [INFO] ai_bulk_remix: GPU encoders detected: h264_nvenc, hevc_nvenc, av1_nvenc, h264_qsv, hevc_qsv, h264_amf, hevc_amf
2026-09-26 15:47:33 [INFO] ai_bulk_remix: MainWindow initialized
2026-09-26 15:47:34 [INFO] ai_bulk_remix: MainWindow displayed successfully.
2026-09-26 15:47:34 [INFO] ai_bulk_remix: FFmpeg detected: version 8.1.2-full_build-www.gyan.dev
2026-09-26 15:56:52 [INFO] ai_bulk_remix: Scanned C:/Users/h/Videos/cat ai/new/30: 30 video(s) found
2026-09-26 15:58:32 [INFO] ai_bulk_remix: ==================================================
2026-09-26 15:58:32 [INFO] ai_bulk_remix: BATCH PROCESSING STARTED
2026-09-26 15:58:32 [INFO] ai_bulk_remix: Total files: 30
2026-09-26 15:58:32 [INFO] ai_bulk_remix: Output directory: C:/Users/h/Videos/cat ai/new/new edit
2026-09-26 15:58:32 [INFO] ai_bulk_remix: Workers: 6
2026-09-26 15:58:32 [INFO] ai_bulk_remix: Encoder: h264_nvenc
2026-09-26 15:58:32 [INFO] ai_bulk_remix: ==================================================
2026-09-26 15:58:32 [INFO] ai_bulk_remix: [1/30] START -> 0042b01c-6997-4b55-9b98-85b567bddc90.mp4
2026-09-26 15:58:32 [INFO] ai_bulk_remix: [2/30] START -> 04f8118f-9af3-4aec-b7e3-0ef796a79d0c.mp4
2026-09-26 15:58:32 [INFO] ai_bulk_remix: [3/30] START -> 07f0e180-cb97-46e0-919c-8b371b575d4e.mp4
2026-09-26 15:58:32 [INFO] ai_bulk_remix: [4/30] START -> 198a1740-53b4-4678-a5e9-1df0b3c368eb.mp4
2026-09-26 15:58:32 [INFO] ai_bulk_remix: [5/30] START -> 204eaab2-61dd-4697-a117-40168a651f36.mp4
2026-09-26 15:58:32 [INFO] ai_bulk_remix: [6/30] START -> 20a08fce-b18c-45a8-8a0d-3504743d1ca0.mp4
2026-09-26 16:00:44 [INFO] ai_bulk_remix: [5/30] DONE  204eaab2-61dd-4697-a117-40168a651f36.mp4 (131.5s)
2026-09-26 16:00:44 [INFO] ai_bulk_remix: [7/30] START -> 211fca47-3524-4824-b1c4-a19c73ed64b1.mp4
2026-09-26 16:00:54 [INFO] ai_bulk_remix: [4/30] DONE  198a1740-53b4-4678-a5e9-1df0b3c368eb.mp4 (141.9s)
2026-09-26 16:00:54 [INFO] ai_bulk_remix: [8/30] START -> 243be9ed-2432-49f6-84eb-58c603b77d9a.mp4
2026-09-26 16:00:59 [INFO] ai_bulk_remix: [6/30] DONE  20a08fce-b18c-45a8-8a0d-3504743d1ca0.mp4 (146.8s)
2026-09-26 16:00:59 [INFO] ai_bulk_remix: [9/30] START -> 27b87949-2bc0-4039-ab28-68d447ec0696.mp4
2026-09-26 16:01:27 [INFO] ai_bulk_remix: [3/30] DONE  07f0e180-cb97-46e0-919c-8b371b575d4e.mp4 (174.4s)
2026-09-26 16:01:27 [INFO] ai_bulk_remix: [10/30] START -> 29ce61d7-28a8-4ae3-b23c-6c30413e5f3e.mp4
2026-09-26 16:01:54 [INFO] ai_bulk_remix: [2/30] DONE  04f8118f-9af3-4aec-b7e3-0ef796a79d0c.mp4 (201.0s)
2026-09-26 16:01:54 [INFO] ai_bulk_remix: [11/30] START -> 2ea8878c-650c-4750-8de9-98a5ca098d33.mp4
2026-09-26 16:03:07 [INFO] ai_bulk_remix: [1/30] DONE  0042b01c-6997-4b55-9b98-85b567bddc90.mp4 (274.3s)
2026-09-26 16:03:07 [INFO] ai_bulk_remix: [12/30] START -> 321bf173-6437-4b6b-a6ef-e94214dada13.mp4
2026-09-26 16:03:08 [INFO] ai_bulk_remix: [7/30] DONE  211fca47-3524-4824-b1c4-a19c73ed64b1.mp4 (142.9s)
2026-09-26 16:03:08 [INFO] ai_bulk_remix: [13/30] START -> 34af404b-c45c-4d40-aeed-9346385b7523.mp4
2026-09-26 16:03:09 [INFO] ai_bulk_remix: [8/30] DONE  243be9ed-2432-49f6-84eb-58c603b77d9a.mp4 (132.9s)
2026-09-26 16:03:09 [INFO] ai_bulk_remix: [14/30] START -> 3a53922e-15ce-49bc-a8b7-989f0c363a00.mp4
2026-09-26 16:04:06 [INFO] ai_bulk_remix: [10/30] DONE  29ce61d7-28a8-4ae3-b23c-6c30413e5f3e.mp4 (157.3s)
2026-09-26 16:04:06 [INFO] ai_bulk_remix: [15/30] START -> 45d1e72e-fd0f-448c-8618-0a28d65eb202.mp4
2026-09-26 16:04:23 [INFO] ai_bulk_remix: [9/30] DONE  27b87949-2bc0-4039-ab28-68d447ec0696.mp4 (202.2s)
2026-09-26 16:04:23 [INFO] ai_bulk_remix: [16/30] START -> 4c41c905-b504-49d1-97a9-8b0fb7b10ff5.mp4
2026-09-26 16:04:26 [INFO] ai_bulk_remix: [11/30] DONE  2ea8878c-650c-4750-8de9-98a5ca098d33.mp4 (150.5s)
2026-09-26 16:04:26 [INFO] ai_bulk_remix: [17/30] START -> 56d20289-639a-46f2-a1bb-691f1bc8af2b.mp4
2026-09-26 16:05:05 [INFO] ai_bulk_remix: [12/30] DONE  321bf173-6437-4b6b-a6ef-e94214dada13.mp4 (116.8s)
2026-09-26 16:05:05 [INFO] ai_bulk_remix: [18/30] START -> 5a9ee147-c0c8-4bcc-b781-d18f04263727.mp4
2026-09-26 16:05:20 [INFO] ai_bulk_remix: [13/30] DONE  34af404b-c45c-4d40-aeed-9346385b7523.mp4 (130.7s)
2026-09-26 16:05:20 [INFO] ai_bulk_remix: [19/30] START -> 5f93582f-93c6-4e5c-a554-5b39bf1ee481.mp4
2026-09-26 16:05:55 [INFO] ai_bulk_remix: [14/30] DONE  3a53922e-15ce-49bc-a8b7-989f0c363a00.mp4 (164.2s)
2026-09-26 16:05:55 [INFO] ai_bulk_remix: [20/30] START -> 6f475929-1ab9-4229-bc17-a0136daab18c.mp4
2026-09-26 16:06:50 [INFO] ai_bulk_remix: [17/30] DONE  56d20289-639a-46f2-a1bb-691f1bc8af2b.mp4 (141.4s)
2026-09-26 16:06:50 [INFO] ai_bulk_remix: [21/30] START -> 70e76cac-295a-4c07-9d09-c8cc35fbe74e.mp4
2026-09-26 16:07:10 [INFO] ai_bulk_remix: [16/30] DONE  4c41c905-b504-49d1-97a9-8b0fb7b10ff5.mp4 (164.8s)
2026-09-26 16:07:10 [INFO] ai_bulk_remix: [22/30] START -> 70fc814b-58f0-4d60-8037-481a95ec4976.mp4
2026-09-26 16:07:37 [INFO] ai_bulk_remix: [18/30] DONE  5a9ee147-c0c8-4bcc-b781-d18f04263727.mp4 (149.8s)
2026-09-26 16:07:37 [INFO] ai_bulk_remix: [23/30] START -> 7a650c33-6c20-4b27-83e8-e6d535a3b983.mp4
2026-09-26 16:08:07 [INFO] ai_bulk_remix: [15/30] DONE  45d1e72e-fd0f-448c-8618-0a28d65eb202.mp4 (239.3s)
2026-09-26 16:08:07 [INFO] ai_bulk_remix: [24/30] START -> 7f627dde-495b-4044-955e-d1e9b3f825f1.mp4
2026-09-26 16:08:14 [INFO] ai_bulk_remix: [19/30] DONE  5f93582f-93c6-4e5c-a554-5b39bf1ee481.mp4 (171.9s)
2026-09-26 16:08:14 [INFO] ai_bulk_remix: [25/30] START -> 83fe3a9b-e230-4c3e-a7c8-7fa98206aa02.mp4
2026-09-26 16:08:54 [INFO] ai_bulk_remix: [20/30] DONE  6f475929-1ab9-4229-bc17-a0136daab18c.mp4 (177.4s)
2026-09-26 16:08:54 [INFO] ai_bulk_remix: [26/30] START -> 8ad75c50-a2b2-41ad-9b08-ac45216ea493.mp4
2026-09-26 16:08:59 [INFO] ai_bulk_remix: [22/30] DONE  70fc814b-58f0-4d60-8037-481a95ec4976.mp4 (107.1s)
2026-09-26 16:08:59 [INFO] ai_bulk_remix: [27/30] START -> 91b371c6-41d1-4904-ab54-59c6833c9fcf.mp4
2026-09-26 16:09:16 [INFO] ai_bulk_remix: [21/30] DONE  70e76cac-295a-4c07-9d09-c8cc35fbe74e.mp4 (144.7s)
2026-09-26 16:09:16 [INFO] ai_bulk_remix: [28/30] START -> 97a6d970-1b89-429b-86ce-1656b9c87b0e.mp4
2026-09-26 16:10:45 [INFO] ai_bulk_remix: [25/30] DONE  83fe3a9b-e230-4c3e-a7c8-7fa98206aa02.mp4 (149.7s)
2026-09-26 16:10:45 [INFO] ai_bulk_remix: [29/30] START -> 9a15f870-ad4e-4c0e-8f3b-52df00a19507.mp4
2026-09-26 16:11:02 [INFO] ai_bulk_remix: [24/30] DONE  7f627dde-495b-4044-955e-d1e9b3f825f1.mp4 (173.5s)
2026-09-26 16:11:02 [INFO] ai_bulk_remix: [30/30] START -> 9f60d69c-cc21-4237-b48e-17fcd445efb2.mp4
2026-09-26 16:11:17 [INFO] ai_bulk_remix: [27/30] DONE  91b371c6-41d1-4904-ab54-59c6833c9fcf.mp4 (136.8s)
2026-09-26 16:11:42 [INFO] ai_bulk_remix: [26/30] DONE  8ad75c50-a2b2-41ad-9b08-ac45216ea493.mp4 (166.2s)
2026-09-26 16:12:06 [INFO] ai_bulk_remix: [28/30] DONE  97a6d970-1b89-429b-86ce-1656b9c87b0e.mp4 (168.2s)
2026-09-26 16:12:16 [INFO] ai_bulk_remix: [23/30] DONE  7a650c33-6c20-4b27-83e8-e6d535a3b983.mp4 (277.2s)
2026-09-26 16:12:19 [INFO] ai_bulk_remix: [29/30] DONE  9a15f870-ad4e-4c0e-8f3b-52df00a19507.mp4 (92.7s)
2026-09-26 16:12:30 [INFO] ai_bulk_remix: [30/30] DONE  9f60d69c-cc21-4237-b48e-17fcd445efb2.mp4 (86.9s)
2026-09-26 16:12:30 [INFO] ai_bulk_remix: ==================================================
2026-09-26 16:12:30 [INFO] ai_bulk_remix: BATCH PROCESSING COMPLETED
2026-09-26 16:12:30 [INFO] ai_bulk_remix: Successful: 30
2026-09-26 16:12:30 [INFO] ai_bulk_remix: Failed: 0
2026-09-26 16:12:30 [INFO] ai_bulk_remix: Skipped: 0
2026-09-26 16:12:30 [INFO] ai_bulk_remix: Total time: 837.7s
2026-09-26 16:12:30 [INFO] ai_bulk_remix: ==================================================
2026-09-26 16:43:25 [INFO] ai_bulk_remix: ==================================================
2026-09-26 16:43:25 [INFO] ai_bulk_remix: BATCH PROCESSING STARTED
2026-09-26 16:43:25 [INFO] ai_bulk_remix: Total files: 30
2026-09-26 16:43:25 [INFO] ai_bulk_remix: Output directory: C:/Users/h/Videos/cat ai/new/new edit
2026-09-26 16:43:25 [INFO] ai_bulk_remix: Workers: 6
2026-09-26 16:43:25 [INFO] ai_bulk_remix: Encoder: h264_nvenc
2026-09-26 16:43:25 [INFO] ai_bulk_remix: ==================================================
2026-09-26 16:43:25 [INFO] ai_bulk_remix: [1/30] START -> 0042b01c-6997-4b55-9b98-85b567bddc90.mp4
2026-09-26 16:43:25 [INFO] ai_bulk_remix: [2/30] START -> 04f8118f-9af3-4aec-b7e3-0ef796a79d0c.mp4
2026-09-26 16:43:25 [INFO] ai_bulk_remix: [3/30] START -> 07f0e180-cb97-46e0-919c-8b371b575d4e.mp4
2026-09-26 16:43:25 [INFO] ai_bulk_remix: [4/30] START -> 198a1740-53b4-4678-a5e9-1df0b3c368eb.mp4
2026-09-26 16:43:25 [INFO] ai_bulk_remix: [5/30] START -> 204eaab2-61dd-4697-a117-40168a651f36.mp4
2026-09-26 16:43:25 [INFO] ai_bulk_remix: [6/30] START -> 20a08fce-b18c-45a8-8a0d-3504743d1ca0.mp4
2026-09-26 16:45:31 [INFO] ai_bulk_remix: [5/30] DONE  204eaab2-61dd-4697-a117-40168a651f36.mp4 (126.0s)
2026-09-26 16:45:31 [INFO] ai_bulk_remix: [7/30] START -> 211fca47-3524-4824-b1c4-a19c73ed64b1.mp4
2026-09-26 16:45:34 [INFO] ai_bulk_remix: [6/30] DONE  20a08fce-b18c-45a8-8a0d-3504743d1ca0.mp4 (128.5s)
2026-09-26 16:45:34 [INFO] ai_bulk_remix: [8/30] START -> 243be9ed-2432-49f6-84eb-58c603b77d9a.mp4
2026-09-26 16:45:34 [INFO] ai_bulk_remix: [4/30] DONE  198a1740-53b4-4678-a5e9-1df0b3c368eb.mp4 (128.5s)
2026-09-26 16:45:34 [INFO] ai_bulk_remix: [9/30] START -> 27b87949-2bc0-4039-ab28-68d447ec0696.mp4
2026-09-26 16:45:52 [INFO] ai_bulk_remix: [3/30] DONE  07f0e180-cb97-46e0-919c-8b371b575d4e.mp4 (147.3s)
2026-09-26 16:45:52 [INFO] ai_bulk_remix: [10/30] START -> 29ce61d7-28a8-4ae3-b23c-6c30413e5f3e.mp4
2026-09-26 16:46:29 [INFO] ai_bulk_remix: [2/30] DONE  04f8118f-9af3-4aec-b7e3-0ef796a79d0c.mp4 (183.9s)
2026-09-26 16:46:29 [INFO] ai_bulk_remix: [11/30] START -> 2ea8878c-650c-4750-8de9-98a5ca098d33.mp4
2026-09-26 16:47:14 [INFO] ai_bulk_remix: [1/30] DONE  0042b01c-6997-4b55-9b98-85b567bddc90.mp4 (229.4s)
2026-09-26 16:47:14 [INFO] ai_bulk_remix: [12/30] START -> 321bf173-6437-4b6b-a6ef-e94214dada13.mp4
2026-09-26 16:47:48 [INFO] ai_bulk_remix: [7/30] DONE  211fca47-3524-4824-b1c4-a19c73ed64b1.mp4 (133.7s)
2026-09-26 16:47:48 [INFO] ai_bulk_remix: [13/30] START -> 34af404b-c45c-4d40-aeed-9346385b7523.mp4
2026-09-26 16:47:58 [INFO] ai_bulk_remix: [8/30] DONE  243be9ed-2432-49f6-84eb-58c603b77d9a.mp4 (142.0s)
2026-09-26 16:47:58 [INFO] ai_bulk_remix: [14/30] START -> 3a53922e-15ce-49bc-a8b7-989f0c363a00.mp4
2026-09-26 16:48:15 [INFO] ai_bulk_remix: [10/30] DONE  29ce61d7-28a8-4ae3-b23c-6c30413e5f3e.mp4 (138.6s)
2026-09-26 16:48:15 [INFO] ai_bulk_remix: [15/30] START -> 45d1e72e-fd0f-448c-8618-0a28d65eb202.mp4
2026-09-26 16:48:39 [INFO] ai_bulk_remix: [9/30] DONE  27b87949-2bc0-4039-ab28-68d447ec0696.mp4 (182.0s)
2026-09-26 16:48:39 [INFO] ai_bulk_remix: [16/30] START -> 4c41c905-b504-49d1-97a9-8b0fb7b10ff5.mp4
2026-09-26 16:49:00 [INFO] ai_bulk_remix: [11/30] DONE  2ea8878c-650c-4750-8de9-98a5ca098d33.mp4 (147.1s)
2026-09-26 16:49:00 [INFO] ai_bulk_remix: [17/30] START -> 56d20289-639a-46f2-a1bb-691f1bc8af2b.mp4
2026-09-26 16:49:07 [INFO] ai_bulk_remix: [12/30] DONE  321bf173-6437-4b6b-a6ef-e94214dada13.mp4 (109.0s)
2026-09-26 16:49:07 [INFO] ai_bulk_remix: [18/30] START -> 5a9ee147-c0c8-4bcc-b781-d18f04263727.mp4
2026-09-26 16:49:52 [INFO] ai_bulk_remix: [13/30] DONE  34af404b-c45c-4d40-aeed-9346385b7523.mp4 (119.9s)
2026-09-26 16:49:52 [INFO] ai_bulk_remix: [19/30] START -> 5f93582f-93c6-4e5c-a554-5b39bf1ee481.mp4
2026-09-26 16:50:53 [INFO] ai_bulk_remix: [14/30] DONE  3a53922e-15ce-49bc-a8b7-989f0c363a00.mp4 (170.8s)
2026-09-26 16:50:53 [INFO] ai_bulk_remix: [20/30] START -> 6f475929-1ab9-4229-bc17-a0136daab18c.mp4
2026-09-26 16:51:32 [INFO] ai_bulk_remix: [17/30] DONE  56d20289-639a-46f2-a1bb-691f1bc8af2b.mp4 (147.0s)
2026-09-26 16:51:32 [INFO] ai_bulk_remix: [21/30] START -> 70e76cac-295a-4c07-9d09-c8cc35fbe74e.mp4
2026-09-26 16:51:36 [INFO] ai_bulk_remix: [16/30] DONE  4c41c905-b504-49d1-97a9-8b0fb7b10ff5.mp4 (174.0s)
2026-09-26 16:51:38 [INFO] ai_bulk_remix: [22/30] START -> 70fc814b-58f0-4d60-8037-481a95ec4976.mp4
2026-09-26 16:51:42 [INFO] ai_bulk_remix: [18/30] DONE  5a9ee147-c0c8-4bcc-b781-d18f04263727.mp4 (152.8s)
2026-09-26 16:51:42 [INFO] ai_bulk_remix: [23/30] START -> 7a650c33-6c20-4b27-83e8-e6d535a3b983.mp4
2026-09-26 16:52:07 [INFO] ai_bulk_remix: [15/30] DONE  45d1e72e-fd0f-448c-8618-0a28d65eb202.mp4 (227.3s)
2026-09-26 16:52:07 [INFO] ai_bulk_remix: [24/30] START -> 7f627dde-495b-4044-955e-d1e9b3f825f1.mp4
2026-09-26 16:52:47 [INFO] ai_bulk_remix: [19/30] DONE  5f93582f-93c6-4e5c-a554-5b39bf1ee481.mp4 (170.8s)
2026-09-26 16:52:47 [INFO] ai_bulk_remix: [25/30] START -> 83fe3a9b-e230-4c3e-a7c8-7fa98206aa02.mp4
2026-09-26 16:53:51 [INFO] ai_bulk_remix: [22/30] DONE  70fc814b-58f0-4d60-8037-481a95ec4976.mp4 (129.4s)
2026-09-26 16:53:51 [INFO] ai_bulk_remix: [26/30] START -> 8ad75c50-a2b2-41ad-9b08-ac45216ea493.mp4
2026-09-26 16:54:24 [INFO] ai_bulk_remix: [21/30] DONE  70e76cac-295a-4c07-9d09-c8cc35fbe74e.mp4 (167.4s)
2026-09-26 16:54:24 [INFO] ai_bulk_remix: [27/30] START -> 91b371c6-41d1-4904-ab54-59c6833c9fcf.mp4
2026-09-26 16:54:25 [INFO] ai_bulk_remix: [20/30] DONE  6f475929-1ab9-4229-bc17-a0136daab18c.mp4 (207.3s)
2026-09-26 16:54:25 [INFO] ai_bulk_remix: [28/30] START -> 97a6d970-1b89-429b-86ce-1656b9c87b0e.mp4
2026-09-26 16:55:33 [INFO] ai_bulk_remix: [24/30] DONE  7f627dde-495b-4044-955e-d1e9b3f825f1.mp4 (201.7s)
2026-09-26 16:55:33 [INFO] ai_bulk_remix: [29/30] START -> 9a15f870-ad4e-4c0e-8f3b-52df00a19507.mp4
2026-09-26 16:55:48 [INFO] ai_bulk_remix: [25/30] DONE  83fe3a9b-e230-4c3e-a7c8-7fa98206aa02.mp4 (175.5s)
2026-09-26 16:55:48 [INFO] ai_bulk_remix: [30/30] START -> 9f60d69c-cc21-4237-b48e-17fcd445efb2.mp4
2026-09-26 16:57:02 [INFO] ai_bulk_remix: [27/30] DONE  91b371c6-41d1-4904-ab54-59c6833c9fcf.mp4 (153.1s)
2026-09-26 16:57:08 [INFO] ai_bulk_remix: [26/30] DONE  8ad75c50-a2b2-41ad-9b08-ac45216ea493.mp4 (191.8s)
2026-09-26 16:57:21 [INFO] ai_bulk_remix: [23/30] DONE  7a650c33-6c20-4b27-83e8-e6d535a3b983.mp4 (336.2s)
2026-09-26 16:57:39 [INFO] ai_bulk_remix: [29/30] DONE  9a15f870-ad4e-4c0e-8f3b-52df00a19507.mp4 (121.9s)
2026-09-26 16:57:40 [INFO] ai_bulk_remix: [28/30] DONE  97a6d970-1b89-429b-86ce-1656b9c87b0e.mp4 (191.2s)
2026-09-26 16:57:52 [INFO] ai_bulk_remix: [30/30] DONE  9f60d69c-cc21-4237-b48e-17fcd445efb2.mp4 (120.7s)
2026-09-26 16:57:52 [INFO] ai_bulk_remix: ==================================================
2026-09-26 16:57:52 [INFO] ai_bulk_remix: BATCH PROCESSING COMPLETED
2026-09-26 16:57:52 [INFO] ai_bulk_remix: Successful: 30
2026-09-26 16:57:52 [INFO] ai_bulk_remix: Failed: 0
2026-09-26 16:57:52 [INFO] ai_bulk_remix: Skipped: 0
2026-09-26 16:57:52 [INFO] ai_bulk_remix: Total time: 867.0s
2026-09-26 16:57:52 [INFO] ai_bulk_remix: ==================================================
2026-09-26 17:03:42 [INFO] ai_bulk_remix: Application exiting with code 0
2026-09-27 17:59:29 [INFO] ai_bulk_remix: ==================================================
2026-09-27 17:59:29 [INFO] ai_bulk_remix: AI Bulk Remix Studio v1.0.0 starting...
2026-09-27 17:59:29 [INFO] ai_bulk_remix: Base directory: C:\Users\h\ai-bulk-remix-studio
2026-09-27 17:59:29 [INFO] ai_bulk_remix: Python: 3.10.0 (tags/v3.10.0:b494f59, Oct  4 2021, 19:00:18) [MSC v.1929 64 bit (AMD64)]
2026-09-27 17:59:29 [INFO] ai_bulk_remix: Platform: win32
2026-09-27 17:59:29 [INFO] ai_bulk_remix: ==================================================
2026-09-27 17:59:44 [INFO] ai_bulk_remix: GPU encoders detected: h264_nvenc, hevc_nvenc, av1_nvenc, h264_qsv, hevc_qsv, h264_amf, hevc_amf
2026-09-27 17:59:44 [INFO] ai_bulk_remix: MainWindow initialized
2026-09-27 17:59:44 [INFO] ai_bulk_remix: MainWindow displayed successfully.
2026-09-27 17:59:44 [INFO] ai_bulk_remix: FFmpeg detected: version 8.1.2-full_build-www.gyan.dev
2026-09-27 18:00:20 [INFO] ai_bulk_remix: Imported 1 individual video file(s)
2026-09-27 18:03:55 [INFO] ai_bulk_remix: ==================================================
2026-09-27 18:03:55 [INFO] ai_bulk_remix: BATCH PROCESSING STARTED
2026-09-27 18:03:55 [INFO] ai_bulk_remix: Total files: 1
2026-09-27 18:03:55 [INFO] ai_bulk_remix: Output directory: C:/Users/h/Downloads
2026-09-27 18:03:55 [INFO] ai_bulk_remix: Workers: 8
2026-09-27 18:03:55 [INFO] ai_bulk_remix: Encoder: h264_nvenc
2026-09-27 18:03:55 [INFO] ai_bulk_remix: ==================================================
2026-09-27 18:03:55 [INFO] ai_bulk_remix: [1/1] START -> download (1).mp4
2026-09-27 18:04:00 [INFO] ai_bulk_remix: [1/1] DONE  download (1).mp4 (5.3s)
2026-09-27 18:04:00 [INFO] ai_bulk_remix: ==================================================
2026-09-27 18:04:00 [INFO] ai_bulk_remix: BATCH PROCESSING COMPLETED
2026-09-27 18:04:00 [INFO] ai_bulk_remix: Successful: 1
2026-09-27 18:04:00 [INFO] ai_bulk_remix: Failed: 0
2026-09-27 18:04:00 [INFO] ai_bulk_remix: Skipped: 0
2026-09-27 18:04:00 [INFO] ai_bulk_remix: Total time: 5.5s
2026-09-27 18:04:00 [INFO] ai_bulk_remix: ==================================================
2026-09-27 18:18:07 [INFO] ai_bulk_remix: Application exiting with code 0
2026-09-28 13:41:20 [INFO] ai_bulk_remix: GPU encoders detected: h264_nvenc, hevc_nvenc, av1_nvenc, h264_qsv, hevc_qsv, h264_amf, hevc_amf
2026-09-28 13:41:20 [INFO] ai_bulk_remix: MainWindow initialized
2026-09-28 13:41:22 [INFO] ai_bulk_remix: GPU encoders detected: h264_nvenc, hevc_nvenc, av1_nvenc, h264_qsv, hevc_qsv, h264_amf, hevc_amf
2026-09-28 13:41:22 [INFO] ai_bulk_remix: MainWindow initialized
2026-09-28 13:41:24 [INFO] ai_bulk_remix: GPU encoders detected: h264_nvenc, hevc_nvenc, av1_nvenc, h264_qsv, hevc_qsv, h264_amf, hevc_amf
2026-09-28 13:41:24 [INFO] ai_bulk_remix: MainWindow initialized
2026-09-28 13:41:24 [INFO] ai_bulk_remix: FFmpeg detected: version 8.1.2-full_build-www.gyan.dev
2026-09-28 13:41:24 [INFO] ai_bulk_remix: FFmpeg detected: version 8.1.2-full_build-www.gyan.dev
